addon,model,model_type,persona,operation,intended_result,evidence_mode,evidence,status,source_file,source_line
pm_qms_action_center,pm.qms.action.center.line,transient,public,read,deny,runtime,TestM27Security.test_public_and_portal_have_no_qms_model_or_side_channel_access,PASS,addons/pm_qms_action_center/models/action_center.py,5
pm_qms_action_center,pm.qms.action.center.line,transient,public,create,deny,runtime,TestM27Security.test_public_and_portal_have_no_qms_model_or_side_channel_access,PASS,addons/pm_qms_action_center/models/action_center.py,5
pm_qms_action_center,pm.qms.action.center.line,transient,public,write,deny,runtime,TestM27Security.test_public_and_portal_have_no_qms_model_or_side_channel_access,PASS,addons/pm_qms_action_center/models/action_center.py,5
pm_qms_action_center,pm.qms.action.center.line,transient,public,unlink,deny,runtime,TestM27Security.test_public_and_portal_have_no_qms_model_or_side_channel_access,PASS,addons/pm_qms_action_center/models/action_center.py,5
pm_qms_action_center,pm.qms.action.center.line,transient,portal,read,deny,runtime,TestM27Security.test_public_and_portal_have_no_qms_model_or_side_channel_access,PASS,addons/pm_qms_action_center/models/action_center.py,5
pm_qms_action_center,pm.qms.action.center.line,transient,portal,create,deny,runtime,TestM27Security.test_public_and_portal_have_no_qms_model_or_side_channel_access,PASS,addons/pm_qms_action_center/models/action_center.py,5
pm_qms_action_center,pm.qms.action.center.line,transient,portal,write,deny,runtime,TestM27Security.test_public_and_portal_have_no_qms_model_or_side_channel_access,PASS,addons/pm_qms_action_center/models/action_center.py,5
pm_qms_action_center,pm.qms.action.center.line,transient,portal,unlink,deny,runtime,TestM27Security.test_public_and_portal_have_no_qms_model_or_side_channel_access,PASS,addons/pm_qms_action_center/models/action_center.py,5
pm_qms_action_center,pm.qms.action.center.line,transient,qms_user,read,role-and-scope-specific,static,Source inventory only; requires model-specific runtime fixture,REVIEW_REQUIRED,addons/pm_qms_action_center/models/action_center.py,5
pm_qms_action_center,pm.qms.action.center.line,transient,qms_user,create,role-and-scope-specific,static,Source inventory only; requires model-specific runtime fixture,REVIEW_REQUIRED,addons/pm_qms_action_center/models/action_center.py,5
pm_qms_action_center,pm.qms.action.center.line,transient,qms_user,write,role-and-scope-specific,static,Source inventory only; requires model-specific runtime fixture,REVIEW_REQUIRED,addons/pm_qms_action_center/models/action_center.py,5
pm_qms_action_center,pm.qms.action.center.line,transient,qms_user,unlink,role-and-scope-specific,static,Source inventory only; requires model-specific runtime fixture,REVIEW_REQUIRED,addons/pm_qms_action_center/models/action_center.py,5
pm_qms_action_center,pm.qms.action.center.line,transient,qms_viewer,read,role-and-scope-specific,static,Source inventory only; requires model-specific runtime fixture,REVIEW_REQUIRED,addons/pm_qms_action_center/models/action_center.py,5
pm_qms_action_center,pm.qms.action.center.line,transient,qms_viewer,create,role-and-scope-specific,static,Source inventory only; requires model-specific runtime fixture,REVIEW_REQUIRED,addons/pm_qms_action_center/models/action_center.py,5
pm_qms_action_center,pm.qms.action.center.line,transient,qms_viewer,write,role-and-scope-specific,static,Source inventory only; requires model-specific runtime fixture,REVIEW_REQUIRED,addons/pm_qms_action_center/models/action_center.py,5
pm_qms_action_center,pm.qms.action.center.line,transient,qms_viewer,unlink,role-and-scope-specific,static,Source inventory only; requires model-specific runtime fixture,REVIEW_REQUIRED,addons/pm_qms_action_center/models/action_center.py,5
pm_qms_action_center,pm.qms.action.center.line,transient,quality_supervisor,read,role-and-scope-specific,static,Source inventory only; requires model-specific runtime fixture,REVIEW_REQUIRED,addons/pm_qms_action_center/models/action_center.py,5
pm_qms_action_center,pm.qms.action.center.line,transient,quality_supervisor,create,role-and-scope-specific,static,Source inventory only; requires model-specific runtime fixture,REVIEW_REQUIRED,addons/pm_qms_action_center/models/action_center.py,5
pm_qms_action_center,pm.qms.action.center.line,transient,quality_supervisor,write,role-and-scope-specific,static,Source inventory only; requires model-specific runtime fixture,REVIEW_REQUIRED,addons/pm_qms_action_center/models/action_center.py,5
pm_qms_action_center,pm.qms.action.center.line,transient,quality_supervisor,unlink,role-and-scope-specific,static,Source inventory only; requires model-specific runtime fixture,REVIEW_REQUIRED,addons/pm_qms_action_center/models/action_center.py,5
pm_qms_action_center,pm.qms.action.center.line,transient,quality_manager,read,role-and-scope-specific,static,Source inventory only; requires model-specific runtime fixture,REVIEW_REQUIRED,addons/pm_qms_action_center/models/action_center.py,5
pm_qms_action_center,pm.qms.action.center.line,transient,quality_manager,create,role-and-scope-specific,static,Source inventory only; requires model-specific runtime fixture,REVIEW_REQUIRED,addons/pm_qms_action_center/models/action_center.py,5
pm_qms_action_center,pm.qms.action.center.line,transient,quality_manager,write,role-and-scope-specific,static,Source inventory only; requires model-specific runtime fixture,REVIEW_REQUIRED,addons/pm_qms_action_center/models/action_center.py,5
pm_qms_action_center,pm.qms.action.center.line,transient,quality_manager,unlink,role-and-scope-specific,static,Source inventory only; requires model-specific runtime fixture,REVIEW_REQUIRED,addons/pm_qms_action_center/models/action_center.py,5
pm_qms_action_center,pm.qms.action.center.line,transient,qms_administrator,read,role-and-scope-specific,static,Source inventory only; requires model-specific runtime fixture,REVIEW_REQUIRED,addons/pm_qms_action_center/models/action_center.py,5
pm_qms_action_center,pm.qms.action.center.line,transient,qms_administrator,create,role-and-scope-specific,static,Source inventory only; requires model-specific runtime fixture,REVIEW_REQUIRED,addons/pm_qms_action_center/models/action_center.py,5
pm_qms_action_center,pm.qms.action.center.line,transient,qms_administrator,write,role-and-scope-specific,static,Source inventory only; requires model-specific runtime fixture,REVIEW_REQUIRED,addons/pm_qms_action_center/models/action_center.py,5
pm_qms_action_center,pm.qms.action.center.line,transient,qms_administrator,unlink,role-and-scope-specific,static,Source inventory only; requires model-specific runtime fixture,REVIEW_REQUIRED,addons/pm_qms_action_center/models/action_center.py,5
pm_qms_action_center,pm.qms.action.center.line,transient,qms_licensing_administrator,read,role-and-scope-specific,static,Source inventory only; requires model-specific runtime fixture,REVIEW_REQUIRED,addons/pm_qms_action_center/models/action_center.py,5
pm_qms_action_center,pm.qms.action.center.line,transient,qms_licensing_administrator,create,role-and-scope-specific,static,Source inventory only; requires model-specific runtime fixture,REVIEW_REQUIRED,addons/pm_qms_action_center/models/action_center.py,5
pm_qms_action_center,pm.qms.action.center.line,transient,qms_licensing_administrator,write,role-and-scope-specific,static,Source inventory only; requires model-specific runtime fixture,REVIEW_REQUIRED,addons/pm_qms_action_center/models/action_center.py,5
pm_qms_action_center,pm.qms.action.center.line,transient,qms_licensing_administrator,unlink,role-and-scope-specific,static,Source inventory only; requires model-specific runtime fixture,REVIEW_REQUIRED,addons/pm_qms_action_center/models/action_center.py,5
pm_qms_action_center,pm.qms.action.center.line,transient,odoo_system_administrator,read,role-and-scope-specific,static,Source inventory only; requires model-specific runtime fixture,REVIEW_REQUIRED,addons/pm_qms_action_center/models/action_center.py,5
pm_qms_action_center,pm.qms.action.center.line,transient,odoo_system_administrator,create,role-and-scope-specific,static,Source inventory only; requires model-specific runtime fixture,REVIEW_REQUIRED,addons/pm_qms_action_center/models/action_center.py,5
pm_qms_action_center,pm.qms.action.center.line,transient,odoo_system_administrator,write,role-and-scope-specific,static,Source inventory only; requires model-specific runtime fixture,REVIEW_REQUIRED,addons/pm_qms_action_center/models/action_center.py,5
pm_qms_action_center,pm.qms.action.center.line,transient,odoo_system_administrator,unlink,role-and-scope-specific,static,Source inventory only; requires model-specific runtime fixture,REVIEW_REQUIRED,addons/pm_qms_action_center/models/action_center.py,5
pm_qms_license,pm.qms.activation.request,concrete,public,read,deny,runtime,TestM27Security.test_public_and_portal_have_no_qms_model_or_side_channel_access,PASS,addons/pm_qms_license/models/activation_request.py,8
pm_qms_license,pm.qms.activation.request,concrete,public,create,deny,runtime,TestM27Security.test_public_and_portal_have_no_qms_model_or_side_channel_access,PASS,addons/pm_qms_license/models/activation_request.py,8
pm_qms_license,pm.qms.activation.request,concrete,public,write,deny,runtime,TestM27Security.test_public_and_portal_have_no_qms_model_or_side_channel_access,PASS,addons/pm_qms_license/models/activation_request.py,8
pm_qms_license,pm.qms.activation.request,concrete,public,unlink,deny,runtime,TestM27Security.test_public_and_portal_have_no_qms_model_or_side_channel_access,PASS,addons/pm_qms_license/models/activation_request.py,8
pm_qms_license,pm.qms.activation.request,concrete,portal,read,deny,runtime,TestM27Security.test_public_and_portal_have_no_qms_model_or_side_channel_access,PASS,addons/pm_qms_license/models/activation_request.py,8
pm_qms_license,pm.qms.activation.request,concrete,portal,create,deny,runtime,TestM27Security.test_public_and_portal_have_no_qms_model_or_side_channel_access,PASS,addons/pm_qms_license/models/activation_request.py,8
pm_qms_license,pm.qms.activation.request,concrete,portal,write,deny,runtime,TestM27Security.test_public_and_portal_have_no_qms_model_or_side_channel_access,PASS,addons/pm_qms_license/models/activation_request.py,8
pm_qms_license,pm.qms.activation.request,concrete,portal,unlink,deny,runtime,TestM27Security.test_public_and_portal_have_no_qms_model_or_side_channel_access,PASS,addons/pm_qms_license/models/activation_request.py,8
pm_qms_license,pm.qms.activation.request,concrete,qms_user,read,role-and-scope-specific,runtime,TestM27Security focused fixture,PASS,addons/pm_qms_license/models/activation_request.py,8
pm_qms_license,pm.qms.activation.request,concrete,qms_user,create,role-and-scope-specific,runtime,TestM27Security focused fixture,PASS,addons/pm_qms_license/models/activation_request.py,8
pm_qms_license,pm.qms.activation.request,concrete,qms_user,write,role-and-scope-specific,runtime,TestM27Security focused fixture,PASS,addons/pm_qms_license/models/activation_request.py,8
pm_qms_license,pm.qms.activation.request,concrete,qms_user,unlink,role-and-scope-specific,runtime,TestM27Security focused fixture,PASS,addons/pm_qms_license/models/activation_request.py,8
pm_qms_license,pm.qms.activation.request,concrete,qms_viewer,read,role-and-scope-specific,runtime,TestM27Security focused fixture,PASS,addons/pm_qms_license/models/activation_request.py,8
pm_qms_license,pm.qms.activation.request,concrete,qms_viewer,create,role-and-scope-specific,runtime,TestM27Security focused fixture,PASS,addons/pm_qms_license/models/activation_request.py,8
pm_qms_license,pm.qms.activation.request,concrete,qms_viewer,write,role-and-scope-specific,runtime,TestM27Security focused fixture,PASS,addons/pm_qms_license/models/activation_request.py,8
pm_qms_license,pm.qms.activation.request,concrete,qms_viewer,unlink,role-and-scope-specific,runtime,TestM27Security focused fixture,PASS,addons/pm_qms_license/models/activation_request.py,8
pm_qms_license,pm.qms.activation.request,concrete,quality_supervisor,read,role-and-scope-specific,runtime,TestM27Security focused fixture,PASS,addons/pm_qms_license/models/activation_request.py,8
pm_qms_license,pm.qms.activation.request,concrete,quality_supervisor,create,role-and-scope-specific,runtime,TestM27Security focused fixture,PASS,addons/pm_qms_license/models/activation_request.py,8
pm_qms_license,pm.qms.activation.request,concrete,quality_supervisor,write,role-and-scope-specific,runtime,TestM27Security focused fixture,PASS,addons/pm_qms_license/models/activation_request.py,8
pm_qms_license,pm.qms.activation.request,concrete,quality_supervisor,unlink,role-and-scope-specific,runtime,TestM27Security focused fixture,PASS,addons/pm_qms_license/models/activation_request.py,8
pm_qms_license,pm.qms.activation.request,concrete,quality_manager,read,role-and-scope-specific,runtime,TestM27Security focused fixture,PASS,addons/pm_qms_license/models/activation_request.py,8
pm_qms_license,pm.qms.activation.request,concrete,quality_manager,create,role-and-scope-specific,runtime,TestM27Security focused fixture,PASS,addons/pm_qms_license/models/activation_request.py,8
pm_qms_license,pm.qms.activation.request,concrete,quality_manager,write,role-and-scope-specific,runtime,TestM27Security focused fixture,PASS,addons/pm_qms_license/models/activation_request.py,8
pm_qms_license,pm.qms.activation.request,concrete,quality_manager,unlink,role-and-scope-specific,runtime,TestM27Security focused fixture,PASS,addons/pm_qms_license/models/activation_request.py,8
pm_qms_license,pm.qms.activation.request,concrete,qms_administrator,read,role-and-scope-specific,runtime,TestM27Security focused fixture,PASS,addons/pm_qms_license/models/activation_request.py,8
pm_qms_license,pm.qms.activation.request,concrete,qms_administrator,create,role-and-scope-specific,runtime,TestM27Security focused fixture,PASS,addons/pm_qms_license/models/activation_request.py,8
pm_qms_license,pm.qms.activation.request,concrete,qms_administrator,write,role-and-scope-specific,runtime,TestM27Security focused fixture,PASS,addons/pm_qms_license/models/activation_request.py,8
pm_qms_license,pm.qms.activation.request,concrete,qms_administrator,unlink,role-and-scope-specific,runtime,TestM27Security focused fixture,PASS,addons/pm_qms_license/models/activation_request.py,8
pm_qms_license,pm.qms.activation.request,concrete,qms_licensing_administrator,read,role-and-scope-specific,runtime,TestM27Security focused fixture,PASS,addons/pm_qms_license/models/activation_request.py,8
pm_qms_license,pm.qms.activation.request,concrete,qms_licensing_administrator,create,role-and-scope-specific,runtime,TestM27Security focused fixture,PASS,addons/pm_qms_license/models/activation_request.py,8
pm_qms_license,pm.qms.activation.request,concrete,qms_licensing_administrator,write,role-and-scope-specific,runtime,TestM27Security focused fixture,PASS,addons/pm_qms_license/models/activation_request.py,8
pm_qms_license,pm.qms.activation.request,concrete,qms_licensing_administrator,unlink,role-and-scope-specific,runtime,TestM27Security focused fixture,PASS,addons/pm_qms_license/models/activation_request.py,8
pm_qms_license,pm.qms.activation.request,concrete,odoo_system_administrator,read,role-and-scope-specific,runtime,TestM27Security focused fixture,PASS,addons/pm_qms_license/models/activation_request.py,8
pm_qms_license,pm.qms.activation.request,concrete,odoo_system_administrator,create,role-and-scope-specific,runtime,TestM27Security focused fixture,PASS,addons/pm_qms_license/models/activation_request.py,8
pm_qms_license,pm.qms.activation.request,concrete,odoo_system_administrator,write,role-and-scope-specific,runtime,TestM27Security focused fixture,PASS,addons/pm_qms_license/models/activation_request.py,8
pm_qms_license,pm.qms.activation.request,concrete,odoo_system_administrator,unlink,role-and-scope-specific,runtime,TestM27Security focused fixture,PASS,addons/pm_qms_license/models/activation_request.py,8
pm_qms_core,pm.qms.activity,concrete,public,read,deny,runtime,TestM27Security.test_public_and_portal_have_no_qms_model_or_side_channel_access,PASS,addons/pm_qms_core/models/activity.py,5
pm_qms_core,pm.qms.activity,concrete,public,create,deny,runtime,TestM27Security.test_public_and_portal_have_no_qms_model_or_side_channel_access,PASS,addons/pm_qms_core/models/activity.py,5
pm_qms_core,pm.qms.activity,concrete,public,write,deny,runtime,TestM27Security.test_public_and_portal_have_no_qms_model_or_side_channel_access,PASS,addons/pm_qms_core/models/activity.py,5
pm_qms_core,pm.qms.activity,concrete,public,unlink,deny,runtime,TestM27Security.test_public_and_portal_have_no_qms_model_or_side_channel_access,PASS,addons/pm_qms_core/models/activity.py,5
pm_qms_core,pm.qms.activity,concrete,portal,read,deny,runtime,TestM27Security.test_public_and_portal_have_no_qms_model_or_side_channel_access,PASS,addons/pm_qms_core/models/activity.py,5
pm_qms_core,pm.qms.activity,concrete,portal,create,deny,runtime,TestM27Security.test_public_and_portal_have_no_qms_model_or_side_channel_access,PASS,addons/pm_qms_core/models/activity.py,5
pm_qms_core,pm.qms.activity,concrete,portal,write,deny,runtime,TestM27Security.test_public_and_portal_have_no_qms_model_or_side_channel_access,PASS,addons/pm_qms_core/models/activity.py,5
pm_qms_core,pm.qms.activity,concrete,portal,unlink,deny,runtime,TestM27Security.test_public_and_portal_have_no_qms_model_or_side_channel_access,PASS,addons/pm_qms_core/models/activity.py,5
pm_qms_core,pm.qms.activity,concrete,qms_user,read,role-and-scope-specific,static,Source inventory only; requires model-specific runtime fixture,REVIEW_REQUIRED,addons/pm_qms_core/models/activity.py,5
pm_qms_core,pm.qms.activity,concrete,qms_user,create,role-and-scope-specific,static,Source inventory only; requires model-specific runtime fixture,REVIEW_REQUIRED,addons/pm_qms_core/models/activity.py,5
pm_qms_core,pm.qms.activity,concrete,qms_user,write,role-and-scope-specific,static,Source inventory only; requires model-specific runtime fixture,REVIEW_REQUIRED,addons/pm_qms_core/models/activity.py,5
pm_qms_core,pm.qms.activity,concrete,qms_user,unlink,role-and-scope-specific,static,Source inventory only; requires model-specific runtime fixture,REVIEW_REQUIRED,addons/pm_qms_core/models/activity.py,5
pm_qms_core,pm.qms.activity,concrete,qms_viewer,read,role-and-scope-specific,static,Source inventory only; requires model-specific runtime fixture,REVIEW_REQUIRED,addons/pm_qms_core/models/activity.py,5
pm_qms_core,pm.qms.activity,concrete,qms_viewer,create,role-and-scope-specific,static,Source inventory only; requires model-specific runtime fixture,REVIEW_REQUIRED,addons/pm_qms_core/models/activity.py,5
pm_qms_core,pm.qms.activity,concrete,qms_viewer,write,role-and-scope-specific,static,Source inventory only; requires model-specific runtime fixture,REVIEW_REQUIRED,addons/pm_qms_core/models/activity.py,5
pm_qms_core,pm.qms.activity,concrete,qms_viewer,unlink,role-and-scope-specific,static,Source inventory only; requires model-specific runtime fixture,REVIEW_REQUIRED,addons/pm_qms_core/models/activity.py,5
pm_qms_core,pm.qms.activity,concrete,quality_supervisor,read,role-and-scope-specific,static,Source inventory only; requires model-specific runtime fixture,REVIEW_REQUIRED,addons/pm_qms_core/models/activity.py,5
pm_qms_core,pm.qms.activity,concrete,quality_supervisor,create,role-and-scope-specific,static,Source inventory only; requires model-specific runtime fixture,REVIEW_REQUIRED,addons/pm_qms_core/models/activity.py,5
pm_qms_core,pm.qms.activity,concrete,quality_supervisor,write,role-and-scope-specific,static,Source inventory only; requires model-specific runtime fixture,REVIEW_REQUIRED,addons/pm_qms_core/models/activity.py,5
pm_qms_core,pm.qms.activity,concrete,quality_supervisor,unlink,role-and-scope-specific,static,Source inventory only; requires model-specific runtime fixture,REVIEW_REQUIRED,addons/pm_qms_core/models/activity.py,5
pm_qms_core,pm.qms.activity,concrete,quality_manager,read,role-and-scope-specific,static,Source inventory only; requires model-specific runtime fixture,REVIEW_REQUIRED,addons/pm_qms_core/models/activity.py,5
pm_qms_core,pm.qms.activity,concrete,quality_manager,create,role-and-scope-specific,static,Source inventory only; requires model-specific runtime fixture,REVIEW_REQUIRED,addons/pm_qms_core/models/activity.py,5
pm_qms_core,pm.qms.activity,concrete,quality_manager,write,role-and-scope-specific,static,Source inventory only; requires model-specific runtime fixture,REVIEW_REQUIRED,addons/pm_qms_core/models/activity.py,5
pm_qms_core,pm.qms.activity,concrete,quality_manager,unlink,role-and-scope-specific,static,Source inventory only; requires model-specific runtime fixture,REVIEW_REQUIRED,addons/pm_qms_core/models/activity.py,5
pm_qms_core,pm.qms.activity,concrete,qms_administrator,read,role-and-scope-specific,static,Source inventory only; requires model-specific runtime fixture,REVIEW_REQUIRED,addons/pm_qms_core/models/activity.py,5
pm_qms_core,pm.qms.activity,concrete,qms_administrator,create,role-and-scope-specific,static,Source inventory only; requires model-specific runtime fixture,REVIEW_REQUIRED,addons/pm_qms_core/models/activity.py,5
pm_qms_core,pm.qms.activity,concrete,qms_administrator,write,role-and-scope-specific,static,Source inventory only; requires model-specific runtime fixture,REVIEW_REQUIRED,addons/pm_qms_core/models/activity.py,5
pm_qms_core,pm.qms.activity,concrete,qms_administrator,unlink,role-and-scope-specific,static,Source inventory only; requires model-specific runtime fixture,REVIEW_REQUIRED,addons/pm_qms_core/models/activity.py,5
pm_qms_core,pm.qms.activity,concrete,qms_licensing_administrator,read,role-and-scope-specific,static,Source inventory only; requires model-specific runtime fixture,REVIEW_REQUIRED,addons/pm_qms_core/models/activity.py,5
pm_qms_core,pm.qms.activity,concrete,qms_licensing_administrator,create,role-and-scope-specific,static,Source inventory only; requires model-specific runtime fixture,REVIEW_REQUIRED,addons/pm_qms_core/models/activity.py,5
pm_qms_core,pm.qms.activity,concrete,qms_licensing_administrator,write,role-and-scope-specific,static,Source inventory only; requires model-specific runtime fixture,REVIEW_REQUIRED,addons/pm_qms_core/models/activity.py,5
pm_qms_core,pm.qms.activity,concrete,qms_licensing_administrator,unlink,role-and-scope-specific,static,Source inventory only; requires model-specific runtime fixture,REVIEW_REQUIRED,addons/pm_qms_core/models/activity.py,5
pm_qms_core,pm.qms.activity,concrete,odoo_system_administrator,read,role-and-scope-specific,static,Source inventory only; requires model-specific runtime fixture,REVIEW_REQUIRED,addons/pm_qms_core/models/activity.py,5
pm_qms_core,pm.qms.activity,concrete,odoo_system_administrator,create,role-and-scope-specific,static,Source inventory only; requires model-specific runtime fixture,REVIEW_REQUIRED,addons/pm_qms_core/models/activity.py,5
pm_qms_core,pm.qms.activity,concrete,odoo_system_administrator,write,role-and-scope-specific,static,Source inventory only; requires model-specific runtime fixture,REVIEW_REQUIRED,addons/pm_qms_core/models/activity.py,5
pm_qms_core,pm.qms.activity,concrete,odoo_system_administrator,unlink,role-and-scope-specific,static,Source inventory only; requires model-specific runtime fixture,REVIEW_REQUIRED,addons/pm_qms_core/models/activity.py,5
pm_qms_audit,pm.qms.audit,concrete,public,read,deny,runtime,TestM27Security.test_public_and_portal_have_no_qms_model_or_side_channel_access,PASS,addons/pm_qms_audit/models/audit.py,5
pm_qms_audit,pm.qms.audit,concrete,public,create,deny,runtime,TestM27Security.test_public_and_portal_have_no_qms_model_or_side_channel_access,PASS,addons/pm_qms_audit/models/audit.py,5
pm_qms_audit,pm.qms.audit,concrete,public,write,deny,runtime,TestM27Security.test_public_and_portal_have_no_qms_model_or_side_channel_access,PASS,addons/pm_qms_audit/models/audit.py,5
pm_qms_audit,pm.qms.audit,concrete,public,unlink,deny,runtime,TestM27Security.test_public_and_portal_have_no_qms_model_or_side_channel_access,PASS,addons/pm_qms_audit/models/audit.py,5
pm_qms_audit,pm.qms.audit,concrete,portal,read,deny,runtime,TestM27Security.test_public_and_portal_have_no_qms_model_or_side_channel_access,PASS,addons/pm_qms_audit/models/audit.py,5
pm_qms_audit,pm.qms.audit,concrete,portal,create,deny,runtime,TestM27Security.test_public_and_portal_have_no_qms_model_or_side_channel_access,PASS,addons/pm_qms_audit/models/audit.py,5
pm_qms_audit,pm.qms.audit,concrete,portal,write,deny,runtime,TestM27Security.test_public_and_portal_have_no_qms_model_or_side_channel_access,PASS,addons/pm_qms_audit/models/audit.py,5
pm_qms_audit,pm.qms.audit,concrete,portal,unlink,deny,runtime,TestM27Security.test_public_and_portal_have_no_qms_model_or_side_channel_access,PASS,addons/pm_qms_audit/models/audit.py,5
pm_qms_audit,pm.qms.audit,concrete,qms_user,read,role-and-scope-specific,static,Source inventory only; requires model-specific runtime fixture,REVIEW_REQUIRED,addons/pm_qms_audit/models/audit.py,5
pm_qms_audit,pm.qms.audit,concrete,qms_user,create,role-and-scope-specific,static,Source inventory only; requires model-specific runtime fixture,REVIEW_REQUIRED,addons/pm_qms_audit/models/audit.py,5
pm_qms_audit,pm.qms.audit,concrete,qms_user,write,role-and-scope-specific,static,Source inventory only; requires model-specific runtime fixture,REVIEW_REQUIRED,addons/pm_qms_audit/models/audit.py,5
pm_qms_audit,pm.qms.audit,concrete,qms_user,unlink,role-and-scope-specific,static,Source inventory only; requires model-specific runtime fixture,REVIEW_REQUIRED,addons/pm_qms_audit/models/audit.py,5
pm_qms_audit,pm.qms.audit,concrete,qms_viewer,read,role-and-scope-specific,static,Source inventory only; requires model-specific runtime fixture,REVIEW_REQUIRED,addons/pm_qms_audit/models/audit.py,5
pm_qms_audit,pm.qms.audit,concrete,qms_viewer,create,role-and-scope-specific,static,Source inventory only; requires model-specific runtime fixture,REVIEW_REQUIRED,addons/pm_qms_audit/models/audit.py,5
pm_qms_audit,pm.qms.audit,concrete,qms_viewer,write,role-and-scope-specific,static,Source inventory only; requires model-specific runtime fixture,REVIEW_REQUIRED,addons/pm_qms_audit/models/audit.py,5
pm_qms_audit,pm.qms.audit,concrete,qms_viewer,unlink,role-and-scope-specific,static,Source inventory only; requires model-specific runtime fixture,REVIEW_REQUIRED,addons/pm_qms_audit/models/audit.py,5
pm_qms_audit,pm.qms.audit,concrete,quality_supervisor,read,role-and-scope-specific,static,Source inventory only; requires model-specific runtime fixture,REVIEW_REQUIRED,addons/pm_qms_audit/models/audit.py,5
pm_qms_audit,pm.qms.audit,concrete,quality_supervisor,create,role-and-scope-specific,static,Source inventory only; requires model-specific runtime fixture,REVIEW_REQUIRED,addons/pm_qms_audit/models/audit.py,5
pm_qms_audit,pm.qms.audit,concrete,quality_supervisor,write,role-and-scope-specific,static,Source inventory only; requires model-specific runtime fixture,REVIEW_REQUIRED,addons/pm_qms_audit/models/audit.py,5
pm_qms_audit,pm.qms.audit,concrete,quality_supervisor,unlink,role-and-scope-specific,static,Source inventory only; requires model-specific runtime fixture,REVIEW_REQUIRED,addons/pm_qms_audit/models/audit.py,5
pm_qms_audit,pm.qms.audit,concrete,quality_manager,read,role-and-scope-specific,static,Source inventory only; requires model-specific runtime fixture,REVIEW_REQUIRED,addons/pm_qms_audit/models/audit.py,5
pm_qms_audit,pm.qms.audit,concrete,quality_manager,create,role-and-scope-specific,static,Source inventory only; requires model-specific runtime fixture,REVIEW_REQUIRED,addons/pm_qms_audit/models/audit.py,5
pm_qms_audit,pm.qms.audit,concrete,quality_manager,write,role-and-scope-specific,static,Source inventory only; requires model-specific runtime fixture,REVIEW_REQUIRED,addons/pm_qms_audit/models/audit.py,5
pm_qms_audit,pm.qms.audit,concrete,quality_manager,unlink,role-and-scope-specific,static,Source inventory only; requires model-specific runtime fixture,REVIEW_REQUIRED,addons/pm_qms_audit/models/audit.py,5
pm_qms_audit,pm.qms.audit,concrete,qms_administrator,read,role-and-scope-specific,static,Source inventory only; requires model-specific runtime fixture,REVIEW_REQUIRED,addons/pm_qms_audit/models/audit.py,5
pm_qms_audit,pm.qms.audit,concrete,qms_administrator,create,role-and-scope-specific,static,Source inventory only; requires model-specific runtime fixture,REVIEW_REQUIRED,addons/pm_qms_audit/models/audit.py,5
pm_qms_audit,pm.qms.audit,concrete,qms_administrator,write,role-and-scope-specific,static,Source inventory only; requires model-specific runtime fixture,REVIEW_REQUIRED,addons/pm_qms_audit/models/audit.py,5
pm_qms_audit,pm.qms.audit,concrete,qms_administrator,unlink,role-and-scope-specific,static,Source inventory only; requires model-specific runtime fixture,REVIEW_REQUIRED,addons/pm_qms_audit/models/audit.py,5
pm_qms_audit,pm.qms.audit,concrete,qms_licensing_administrator,read,role-and-scope-specific,static,Source inventory only; requires model-specific runtime fixture,REVIEW_REQUIRED,addons/pm_qms_audit/models/audit.py,5
pm_qms_audit,pm.qms.audit,concrete,qms_licensing_administrator,create,role-and-scope-specific,static,Source inventory only; requires model-specific runtime fixture,REVIEW_REQUIRED,addons/pm_qms_audit/models/audit.py,5
pm_qms_audit,pm.qms.audit,concrete,qms_licensing_administrator,write,role-and-scope-specific,static,Source inventory only; requires model-specific runtime fixture,REVIEW_REQUIRED,addons/pm_qms_audit/models/audit.py,5
pm_qms_audit,pm.qms.audit,concrete,qms_licensing_administrator,unlink,role-and-scope-specific,static,Source inventory only; requires model-specific runtime fixture,REVIEW_REQUIRED,addons/pm_qms_audit/models/audit.py,5
pm_qms_audit,pm.qms.audit,concrete,odoo_system_administrator,read,role-and-scope-specific,static,Source inventory only; requires model-specific runtime fixture,REVIEW_REQUIRED,addons/pm_qms_audit/models/audit.py,5
pm_qms_audit,pm.qms.audit,concrete,odoo_system_administrator,create,role-and-scope-specific,static,Source inventory only; requires model-specific runtime fixture,REVIEW_REQUIRED,addons/pm_qms_audit/models/audit.py,5
pm_qms_audit,pm.qms.audit,concrete,odoo_system_administrator,write,role-and-scope-specific,static,Source inventory only; requires model-specific runtime fixture,REVIEW_REQUIRED,addons/pm_qms_audit/models/audit.py,5
pm_qms_audit,pm.qms.audit,concrete,odoo_system_administrator,unlink,role-and-scope-specific,static,Source inventory only; requires model-specific runtime fixture,REVIEW_REQUIRED,addons/pm_qms_audit/models/audit.py,5
pm_qms_audit,pm.qms.audit.criterion,concrete,public,read,deny,runtime,TestM27Security.test_public_and_portal_have_no_qms_model_or_side_channel_access,PASS,addons/pm_qms_audit/models/audit_criterion.py,5
pm_qms_audit,pm.qms.audit.criterion,concrete,public,create,deny,runtime,TestM27Security.test_public_and_portal_have_no_qms_model_or_side_channel_access,PASS,addons/pm_qms_audit/models/audit_criterion.py,5
pm_qms_audit,pm.qms.audit.criterion,concrete,public,write,deny,runtime,TestM27Security.test_public_and_portal_have_no_qms_model_or_side_channel_access,PASS,addons/pm_qms_audit/models/audit_criterion.py,5
pm_qms_audit,pm.qms.audit.criterion,concrete,public,unlink,deny,runtime,TestM27Security.test_public_and_portal_have_no_qms_model_or_side_channel_access,PASS,addons/pm_qms_audit/models/audit_criterion.py,5
pm_qms_audit,pm.qms.audit.criterion,concrete,portal,read,deny,runtime,TestM27Security.test_public_and_portal_have_no_qms_model_or_side_channel_access,PASS,addons/pm_qms_audit/models/audit_criterion.py,5
pm_qms_audit,pm.qms.audit.criterion,concrete,portal,create,deny,runtime,TestM27Security.test_public_and_portal_have_no_qms_model_or_side_channel_access,PASS,addons/pm_qms_audit/models/audit_criterion.py,5
pm_qms_audit,pm.qms.audit.criterion,concrete,portal,write,deny,runtime,TestM27Security.test_public_and_portal_have_no_qms_model_or_side_channel_access,PASS,addons/pm_qms_audit/models/audit_criterion.py,5
pm_qms_audit,pm.qms.audit.criterion,concrete,portal,unlink,deny,runtime,TestM27Security.test_public_and_portal_have_no_qms_model_or_side_channel_access,PASS,addons/pm_qms_audit/models/audit_criterion.py,5
pm_qms_audit,pm.qms.audit.criterion,concrete,qms_user,read,role-and-scope-specific,static,Source inventory only; requires model-specific runtime fixture,REVIEW_REQUIRED,addons/pm_qms_audit/models/audit_criterion.py,5
pm_qms_audit,pm.qms.audit.criterion,concrete,qms_user,create,role-and-scope-specific,static,Source inventory only; requires model-specific runtime fixture,REVIEW_REQUIRED,addons/pm_qms_audit/models/audit_criterion.py,5
pm_qms_audit,pm.qms.audit.criterion,concrete,qms_user,write,role-and-scope-specific,static,Source inventory only; requires model-specific runtime fixture,REVIEW_REQUIRED,addons/pm_qms_audit/models/audit_criterion.py,5
pm_qms_audit,pm.qms.audit.criterion,concrete,qms_user,unlink,role-and-scope-specific,static,Source inventory only; requires model-specific runtime fixture,REVIEW_REQUIRED,addons/pm_qms_audit/models/audit_criterion.py,5
pm_qms_audit,pm.qms.audit.criterion,concrete,qms_viewer,read,role-and-scope-specific,static,Source inventory only; requires model-specific runtime fixture,REVIEW_REQUIRED,addons/pm_qms_audit/models/audit_criterion.py,5
pm_qms_audit,pm.qms.audit.criterion,concrete,qms_viewer,create,role-and-scope-specific,static,Source inventory only; requires model-specific runtime fixture,REVIEW_REQUIRED,addons/pm_qms_audit/models/audit_criterion.py,5
pm_qms_audit,pm.qms.audit.criterion,concrete,qms_viewer,write,role-and-scope-specific,static,Source inventory only; requires model-specific runtime fixture,REVIEW_REQUIRED,addons/pm_qms_audit/models/audit_criterion.py,5
pm_qms_audit,pm.qms.audit.criterion,concrete,qms_viewer,unlink,role-and-scope-specific,static,Source inventory only; requires model-specific runtime fixture,REVIEW_REQUIRED,addons/pm_qms_audit/models/audit_criterion.py,5
pm_qms_audit,pm.qms.audit.criterion,concrete,quality_supervisor,read,role-and-scope-specific,static,Source inventory only; requires model-specific runtime fixture,REVIEW_REQUIRED,addons/pm_qms_audit/models/audit_criterion.py,5
pm_qms_audit,pm.qms.audit.criterion,concrete,quality_supervisor,create,role-and-scope-specific,static,Source inventory only; requires model-specific runtime fixture,REVIEW_REQUIRED,addons/pm_qms_audit/models/audit_criterion.py,5
pm_qms_audit,pm.qms.audit.criterion,concrete,quality_supervisor,write,role-and-scope-specific,static,Source inventory only; requires model-specific runtime fixture,REVIEW_REQUIRED,addons/pm_qms_audit/models/audit_criterion.py,5
pm_qms_audit,pm.qms.audit.criterion,concrete,quality_supervisor,unlink,role-and-scope-specific,static,Source inventory only; requires model-specific runtime fixture,REVIEW_REQUIRED,addons/pm_qms_audit/models/audit_criterion.py,5
pm_qms_audit,pm.qms.audit.criterion,concrete,quality_manager,read,role-and-scope-specific,static,Source inventory only; requires model-specific runtime fixture,REVIEW_REQUIRED,addons/pm_qms_audit/models/audit_criterion.py,5
pm_qms_audit,pm.qms.audit.criterion,concrete,quality_manager,create,role-and-scope-specific,static,Source inventory only; requires model-specific runtime fixture,REVIEW_REQUIRED,addons/pm_qms_audit/models/audit_criterion.py,5
pm_qms_audit,pm.qms.audit.criterion,concrete,quality_manager,write,role-and-scope-specific,static,Source inventory only; requires model-specific runtime fixture,REVIEW_REQUIRED,addons/pm_qms_audit/models/audit_criterion.py,5
pm_qms_audit,pm.qms.audit.criterion,concrete,quality_manager,unlink,role-and-scope-specific,static,Source inventory only; requires model-specific runtime fixture,REVIEW_REQUIRED,addons/pm_qms_audit/models/audit_criterion.py,5
pm_qms_audit,pm.qms.audit.criterion,concrete,qms_administrator,read,role-and-scope-specific,static,Source inventory only; requires model-specific runtime fixture,REVIEW_REQUIRED,addons/pm_qms_audit/models/audit_criterion.py,5
pm_qms_audit,pm.qms.audit.criterion,concrete,qms_administrator,create,role-and-scope-specific,static,Source inventory only; requires model-specific runtime fixture,REVIEW_REQUIRED,addons/pm_qms_audit/models/audit_criterion.py,5
pm_qms_audit,pm.qms.audit.criterion,concrete,qms_administrator,write,role-and-scope-specific,static,Source inventory only; requires model-specific runtime fixture,REVIEW_REQUIRED,addons/pm_qms_audit/models/audit_criterion.py,5
pm_qms_audit,pm.qms.audit.criterion,concrete,qms_administrator,unlink,role-and-scope-specific,static,Source inventory only; requires model-specific runtime fixture,REVIEW_REQUIRED,addons/pm_qms_audit/models/audit_criterion.py,5
pm_qms_audit,pm.qms.audit.criterion,concrete,qms_licensing_administrator,read,role-and-scope-specific,static,Source inventory only; requires model-specific runtime fixture,REVIEW_REQUIRED,addons/pm_qms_audit/models/audit_criterion.py,5
pm_qms_audit,pm.qms.audit.criterion,concrete,qms_licensing_administrator,create,role-and-scope-specific,static,Source inventory only; requires model-specific runtime fixture,REVIEW_REQUIRED,addons/pm_qms_audit/models/audit_criterion.py,5
pm_qms_audit,pm.qms.audit.criterion,concrete,qms_licensing_administrator,write,role-and-scope-specific,static,Source inventory only; requires model-specific runtime fixture,REVIEW_REQUIRED,addons/pm_qms_audit/models/audit_criterion.py,5
pm_qms_audit,pm.qms.audit.criterion,concrete,qms_licensing_administrator,unlink,role-and-scope-specific,static,Source inventory only; requires model-specific runtime fixture,REVIEW_REQUIRED,addons/pm_qms_audit/models/audit_criterion.py,5
pm_qms_audit,pm.qms.audit.criterion,concrete,odoo_system_administrator,read,role-and-scope-specific,static,Source inventory only; requires model-specific runtime fixture,REVIEW_REQUIRED,addons/pm_qms_audit/models/audit_criterion.py,5
pm_qms_audit,pm.qms.audit.criterion,concrete,odoo_system_administrator,create,role-and-scope-specific,static,Source inventory only; requires model-specific runtime fixture,REVIEW_REQUIRED,addons/pm_qms_audit/models/audit_criterion.py,5
pm_qms_audit,pm.qms.audit.criterion,concrete,odoo_system_administrator,write,role-and-scope-specific,static,Source inventory only; requires model-specific runtime fixture,REVIEW_REQUIRED,addons/pm_qms_audit/models/audit_criterion.py,5
pm_qms_audit,pm.qms.audit.criterion,concrete,odoo_system_administrator,unlink,role-and-scope-specific,static,Source inventory only; requires model-specific runtime fixture,REVIEW_REQUIRED,addons/pm_qms_audit/models/audit_criterion.py,5
pm_qms_audit,pm.qms.audit.evidence,concrete,public,read,deny,runtime,TestM27Security.test_public_and_portal_have_no_qms_model_or_side_channel_access,PASS,addons/pm_qms_audit/models/audit_evidence.py,5
pm_qms_audit,pm.qms.audit.evidence,concrete,public,create,deny,runtime,TestM27Security.test_public_and_portal_have_no_qms_model_or_side_channel_access,PASS,addons/pm_qms_audit/models/audit_evidence.py,5
pm_qms_audit,pm.qms.audit.evidence,concrete,public,write,deny,runtime,TestM27Security.test_public_and_portal_have_no_qms_model_or_side_channel_access,PASS,addons/pm_qms_audit/models/audit_evidence.py,5
pm_qms_audit,pm.qms.audit.evidence,concrete,public,unlink,deny,runtime,TestM27Security.test_public_and_portal_have_no_qms_model_or_side_channel_access,PASS,addons/pm_qms_audit/models/audit_evidence.py,5
pm_qms_audit,pm.qms.audit.evidence,concrete,portal,read,deny,runtime,TestM27Security.test_public_and_portal_have_no_qms_model_or_side_channel_access,PASS,addons/pm_qms_audit/models/audit_evidence.py,5
pm_qms_audit,pm.qms.audit.evidence,concrete,portal,create,deny,runtime,TestM27Security.test_public_and_portal_have_no_qms_model_or_side_channel_access,PASS,addons/pm_qms_audit/models/audit_evidence.py,5
pm_qms_audit,pm.qms.audit.evidence,concrete,portal,write,deny,runtime,TestM27Security.test_public_and_portal_have_no_qms_model_or_side_channel_access,PASS,addons/pm_qms_audit/models/audit_evidence.py,5
pm_qms_audit,pm.qms.audit.evidence,concrete,portal,unlink,deny,runtime,TestM27Security.test_public_and_portal_have_no_qms_model_or_side_channel_access,PASS,addons/pm_qms_audit/models/audit_evidence.py,5
pm_qms_audit,pm.qms.audit.evidence,concrete,qms_user,read,role-and-scope-specific,static,Source inventory only; requires model-specific runtime fixture,REVIEW_REQUIRED,addons/pm_qms_audit/models/audit_evidence.py,5
pm_qms_audit,pm.qms.audit.evidence,concrete,qms_user,create,role-and-scope-specific,static,Source inventory only; requires model-specific runtime fixture,REVIEW_REQUIRED,addons/pm_qms_audit/models/audit_evidence.py,5
pm_qms_audit,pm.qms.audit.evidence,concrete,qms_user,write,role-and-scope-specific,static,Source inventory only; requires model-specific runtime fixture,REVIEW_REQUIRED,addons/pm_qms_audit/models/audit_evidence.py,5
pm_qms_audit,pm.qms.audit.evidence,concrete,qms_user,unlink,role-and-scope-specific,static,Source inventory only; requires model-specific runtime fixture,REVIEW_REQUIRED,addons/pm_qms_audit/models/audit_evidence.py,5
pm_qms_audit,pm.qms.audit.evidence,concrete,qms_viewer,read,role-and-scope-specific,static,Source inventory only; requires model-specific runtime fixture,REVIEW_REQUIRED,addons/pm_qms_audit/models/audit_evidence.py,5
pm_qms_audit,pm.qms.audit.evidence,concrete,qms_viewer,create,role-and-scope-specific,static,Source inventory only; requires model-specific runtime fixture,REVIEW_REQUIRED,addons/pm_qms_audit/models/audit_evidence.py,5
pm_qms_audit,pm.qms.audit.evidence,concrete,qms_viewer,write,role-and-scope-specific,static,Source inventory only; requires model-specific runtime fixture,REVIEW_REQUIRED,addons/pm_qms_audit/models/audit_evidence.py,5
pm_qms_audit,pm.qms.audit.evidence,concrete,qms_viewer,unlink,role-and-scope-specific,static,Source inventory only; requires model-specific runtime fixture,REVIEW_REQUIRED,addons/pm_qms_audit/models/audit_evidence.py,5
pm_qms_audit,pm.qms.audit.evidence,concrete,quality_supervisor,read,role-and-scope-specific,static,Source inventory only; requires model-specific runtime fixture,REVIEW_REQUIRED,addons/pm_qms_audit/models/audit_evidence.py,5
pm_qms_audit,pm.qms.audit.evidence,concrete,quality_supervisor,create,role-and-scope-specific,static,Source inventory only; requires model-specific runtime fixture,REVIEW_REQUIRED,addons/pm_qms_audit/models/audit_evidence.py,5
pm_qms_audit,pm.qms.audit.evidence,concrete,quality_supervisor,write,role-and-scope-specific,static,Source inventory only; requires model-specific runtime fixture,REVIEW_REQUIRED,addons/pm_qms_audit/models/audit_evidence.py,5
pm_qms_audit,pm.qms.audit.evidence,concrete,quality_supervisor,unlink,role-and-scope-specific,static,Source inventory only; requires model-specific runtime fixture,REVIEW_REQUIRED,addons/pm_qms_audit/models/audit_evidence.py,5
pm_qms_audit,pm.qms.audit.evidence,concrete,quality_manager,read,role-and-scope-specific,static,Source inventory only; requires model-specific runtime fixture,REVIEW_REQUIRED,addons/pm_qms_audit/models/audit_evidence.py,5
pm_qms_audit,pm.qms.audit.evidence,concrete,quality_manager,create,role-and-scope-specific,static,Source inventory only; requires model-specific runtime fixture,REVIEW_REQUIRED,addons/pm_qms_audit/models/audit_evidence.py,5
pm_qms_audit,pm.qms.audit.evidence,concrete,quality_manager,write,role-and-scope-specific,static,Source inventory only; requires model-specific runtime fixture,REVIEW_REQUIRED,addons/pm_qms_audit/models/audit_evidence.py,5
pm_qms_audit,pm.qms.audit.evidence,concrete,quality_manager,unlink,role-and-scope-specific,static,Source inventory only; requires model-specific runtime fixture,REVIEW_REQUIRED,addons/pm_qms_audit/models/audit_evidence.py,5
pm_qms_audit,pm.qms.audit.evidence,concrete,qms_administrator,read,role-and-scope-specific,static,Source inventory only; requires model-specific runtime fixture,REVIEW_REQUIRED,addons/pm_qms_audit/models/audit_evidence.py,5
pm_qms_audit,pm.qms.audit.evidence,concrete,qms_administrator,create,role-and-scope-specific,static,Source inventory only; requires model-specific runtime fixture,REVIEW_REQUIRED,addons/pm_qms_audit/models/audit_evidence.py,5
pm_qms_audit,pm.qms.audit.evidence,concrete,qms_administrator,write,role-and-scope-specific,static,Source inventory only; requires model-specific runtime fixture,REVIEW_REQUIRED,addons/pm_qms_audit/models/audit_evidence.py,5
pm_qms_audit,pm.qms.audit.evidence,concrete,qms_administrator,unlink,role-and-scope-specific,static,Source inventory only; requires model-specific runtime fixture,REVIEW_REQUIRED,addons/pm_qms_audit/models/audit_evidence.py,5
pm_qms_audit,pm.qms.audit.evidence,concrete,qms_licensing_administrator,read,role-and-scope-specific,static,Source inventory only; requires model-specific runtime fixture,REVIEW_REQUIRED,addons/pm_qms_audit/models/audit_evidence.py,5
pm_qms_audit,pm.qms.audit.evidence,concrete,qms_licensing_administrator,create,role-and-scope-specific,static,Source inventory only; requires model-specific runtime fixture,REVIEW_REQUIRED,addons/pm_qms_audit/models/audit_evidence.py,5
pm_qms_audit,pm.qms.audit.evidence,concrete,qms_licensing_administrator,write,role-and-scope-specific,static,Source inventory only; requires model-specific runtime fixture,REVIEW_REQUIRED,addons/pm_qms_audit/models/audit_evidence.py,5
pm_qms_audit,pm.qms.audit.evidence,concrete,qms_licensing_administrator,unlink,role-and-scope-specific,static,Source inventory only; requires model-specific runtime fixture,REVIEW_REQUIRED,addons/pm_qms_audit/models/audit_evidence.py,5
pm_qms_audit,pm.qms.audit.evidence,concrete,odoo_system_administrator,read,role-and-scope-specific,static,Source inventory only; requires model-specific runtime fixture,REVIEW_REQUIRED,addons/pm_qms_audit/models/audit_evidence.py,5
pm_qms_audit,pm.qms.audit.evidence,concrete,odoo_system_administrator,create,role-and-scope-specific,static,Source inventory only; requires model-specific runtime fixture,REVIEW_REQUIRED,addons/pm_qms_audit/models/audit_evidence.py,5
pm_qms_audit,pm.qms.audit.evidence,concrete,odoo_system_administrator,write,role-and-scope-specific,static,Source inventory only; requires model-specific runtime fixture,REVIEW_REQUIRED,addons/pm_qms_audit/models/audit_evidence.py,5
pm_qms_audit,pm.qms.audit.evidence,concrete,odoo_system_administrator,unlink,role-and-scope-specific,static,Source inventory only; requires model-specific runtime fixture,REVIEW_REQUIRED,addons/pm_qms_audit/models/audit_evidence.py,5
pm_qms_audit,pm.qms.audit.finding,concrete,public,read,deny,runtime,TestM27Security.test_public_and_portal_have_no_qms_model_or_side_channel_access,PASS,addons/pm_qms_audit/models/audit_finding.py,5
pm_qms_audit,pm.qms.audit.finding,concrete,public,create,deny,runtime,TestM27Security.test_public_and_portal_have_no_qms_model_or_side_channel_access,PASS,addons/pm_qms_audit/models/audit_finding.py,5
pm_qms_audit,pm.qms.audit.finding,concrete,public,write,deny,runtime,TestM27Security.test_public_and_portal_have_no_qms_model_or_side_channel_access,PASS,addons/pm_qms_audit/models/audit_finding.py,5
pm_qms_audit,pm.qms.audit.finding,concrete,public,unlink,deny,runtime,TestM27Security.test_public_and_portal_have_no_qms_model_or_side_channel_access,PASS,addons/pm_qms_audit/models/audit_finding.py,5
pm_qms_audit,pm.qms.audit.finding,concrete,portal,read,deny,runtime,TestM27Security.test_public_and_portal_have_no_qms_model_or_side_channel_access,PASS,addons/pm_qms_audit/models/audit_finding.py,5
pm_qms_audit,pm.qms.audit.finding,concrete,portal,create,deny,runtime,TestM27Security.test_public_and_portal_have_no_qms_model_or_side_channel_access,PASS,addons/pm_qms_audit/models/audit_finding.py,5
pm_qms_audit,pm.qms.audit.finding,concrete,portal,write,deny,runtime,TestM27Security.test_public_and_portal_have_no_qms_model_or_side_channel_access,PASS,addons/pm_qms_audit/models/audit_finding.py,5
pm_qms_audit,pm.qms.audit.finding,concrete,portal,unlink,deny,runtime,TestM27Security.test_public_and_portal_have_no_qms_model_or_side_channel_access,PASS,addons/pm_qms_audit/models/audit_finding.py,5
pm_qms_audit,pm.qms.audit.finding,concrete,qms_user,read,role-and-scope-specific,static,Source inventory only; requires model-specific runtime fixture,REVIEW_REQUIRED,addons/pm_qms_audit/models/audit_finding.py,5
pm_qms_audit,pm.qms.audit.finding,concrete,qms_user,create,role-and-scope-specific,static,Source inventory only; requires model-specific runtime fixture,REVIEW_REQUIRED,addons/pm_qms_audit/models/audit_finding.py,5
pm_qms_audit,pm.qms.audit.finding,concrete,qms_user,write,role-and-scope-specific,static,Source inventory only; requires model-specific runtime fixture,REVIEW_REQUIRED,addons/pm_qms_audit/models/audit_finding.py,5
pm_qms_audit,pm.qms.audit.finding,concrete,qms_user,unlink,role-and-scope-specific,static,Source inventory only; requires model-specific runtime fixture,REVIEW_REQUIRED,addons/pm_qms_audit/models/audit_finding.py,5
pm_qms_audit,pm.qms.audit.finding,concrete,qms_viewer,read,role-and-scope-specific,static,Source inventory only; requires model-specific runtime fixture,REVIEW_REQUIRED,addons/pm_qms_audit/models/audit_finding.py,5
pm_qms_audit,pm.qms.audit.finding,concrete,qms_viewer,create,role-and-scope-specific,static,Source inventory only; requires model-specific runtime fixture,REVIEW_REQUIRED,addons/pm_qms_audit/models/audit_finding.py,5
pm_qms_audit,pm.qms.audit.finding,concrete,qms_viewer,write,role-and-scope-specific,static,Source inventory only; requires model-specific runtime fixture,REVIEW_REQUIRED,addons/pm_qms_audit/models/audit_finding.py,5
pm_qms_audit,pm.qms.audit.finding,concrete,qms_viewer,unlink,role-and-scope-specific,static,Source inventory only; requires model-specific runtime fixture,REVIEW_REQUIRED,addons/pm_qms_audit/models/audit_finding.py,5
pm_qms_audit,pm.qms.audit.finding,concrete,quality_supervisor,read,role-and-scope-specific,static,Source inventory only; requires model-specific runtime fixture,REVIEW_REQUIRED,addons/pm_qms_audit/models/audit_finding.py,5
pm_qms_audit,pm.qms.audit.finding,concrete,quality_supervisor,create,role-and-scope-specific,static,Source inventory only; requires model-specific runtime fixture,REVIEW_REQUIRED,addons/pm_qms_audit/models/audit_finding.py,5
pm_qms_audit,pm.qms.audit.finding,concrete,quality_supervisor,write,role-and-scope-specific,static,Source inventory only; requires model-specific runtime fixture,REVIEW_REQUIRED,addons/pm_qms_audit/models/audit_finding.py,5
pm_qms_audit,pm.qms.audit.finding,concrete,quality_supervisor,unlink,role-and-scope-specific,static,Source inventory only; requires model-specific runtime fixture,REVIEW_REQUIRED,addons/pm_qms_audit/models/audit_finding.py,5
pm_qms_audit,pm.qms.audit.finding,concrete,quality_manager,read,role-and-scope-specific,static,Source inventory only; requires model-specific runtime fixture,REVIEW_REQUIRED,addons/pm_qms_audit/models/audit_finding.py,5
pm_qms_audit,pm.qms.audit.finding,concrete,quality_manager,create,role-and-scope-specific,static,Source inventory only; requires model-specific runtime fixture,REVIEW_REQUIRED,addons/pm_qms_audit/models/audit_finding.py,5
pm_qms_audit,pm.qms.audit.finding,concrete,quality_manager,write,role-and-scope-specific,static,Source inventory only; requires model-specific runtime fixture,REVIEW_REQUIRED,addons/pm_qms_audit/models/audit_finding.py,5
pm_qms_audit,pm.qms.audit.finding,concrete,quality_manager,unlink,role-and-scope-specific,static,Source inventory only; requires model-specific runtime fixture,REVIEW_REQUIRED,addons/pm_qms_audit/models/audit_finding.py,5
pm_qms_audit,pm.qms.audit.finding,concrete,qms_administrator,read,role-and-scope-specific,static,Source inventory only; requires model-specific runtime fixture,REVIEW_REQUIRED,addons/pm_qms_audit/models/audit_finding.py,5
pm_qms_audit,pm.qms.audit.finding,concrete,qms_administrator,create,role-and-scope-specific,static,Source inventory only; requires model-specific runtime fixture,REVIEW_REQUIRED,addons/pm_qms_audit/models/audit_finding.py,5
pm_qms_audit,pm.qms.audit.finding,concrete,qms_administrator,write,role-and-scope-specific,static,Source inventory only; requires model-specific runtime fixture,REVIEW_REQUIRED,addons/pm_qms_audit/models/audit_finding.py,5
pm_qms_audit,pm.qms.audit.finding,concrete,qms_administrator,unlink,role-and-scope-specific,static,Source inventory only; requires model-specific runtime fixture,REVIEW_REQUIRED,addons/pm_qms_audit/models/audit_finding.py,5
pm_qms_audit,pm.qms.audit.finding,concrete,qms_licensing_administrator,read,role-and-scope-specific,static,Source inventory only; requires model-specific runtime fixture,REVIEW_REQUIRED,addons/pm_qms_audit/models/audit_finding.py,5
pm_qms_audit,pm.qms.audit.finding,concrete,qms_licensing_administrator,create,role-and-scope-specific,static,Source inventory only; requires model-specific runtime fixture,REVIEW_REQUIRED,addons/pm_qms_audit/models/audit_finding.py,5
pm_qms_audit,pm.qms.audit.finding,concrete,qms_licensing_administrator,write,role-and-scope-specific,static,Source inventory only; requires model-specific runtime fixture,REVIEW_REQUIRED,addons/pm_qms_audit/models/audit_finding.py,5
pm_qms_audit,pm.qms.audit.finding,concrete,qms_licensing_administrator,unlink,role-and-scope-specific,static,Source inventory only; requires model-specific runtime fixture,REVIEW_REQUIRED,addons/pm_qms_audit/models/audit_finding.py,5
pm_qms_audit,pm.qms.audit.finding,concrete,odoo_system_administrator,read,role-and-scope-specific,static,Source inventory only; requires model-specific runtime fixture,REVIEW_REQUIRED,addons/pm_qms_audit/models/audit_finding.py,5
pm_qms_audit,pm.qms.audit.finding,concrete,odoo_system_administrator,create,role-and-scope-specific,static,Source inventory only; requires model-specific runtime fixture,REVIEW_REQUIRED,addons/pm_qms_audit/models/audit_finding.py,5
pm_qms_audit,pm.qms.audit.finding,concrete,odoo_system_administrator,write,role-and-scope-specific,static,Source inventory only; requires model-specific runtime fixture,REVIEW_REQUIRED,addons/pm_qms_audit/models/audit_finding.py,5
pm_qms_audit,pm.qms.audit.finding,concrete,odoo_system_administrator,unlink,role-and-scope-specific,static,Source inventory only; requires model-specific runtime fixture,REVIEW_REQUIRED,addons/pm_qms_audit/models/audit_finding.py,5
pm_qms_audit,pm.qms.audit.plan.line,concrete,public,read,deny,runtime,TestM27Security.test_public_and_portal_have_no_qms_model_or_side_channel_access,PASS,addons/pm_qms_audit/models/audit_plan_line.py,5
pm_qms_audit,pm.qms.audit.plan.line,concrete,public,create,deny,runtime,TestM27Security.test_public_and_portal_have_no_qms_model_or_side_channel_access,PASS,addons/pm_qms_audit/models/audit_plan_line.py,5
pm_qms_audit,pm.qms.audit.plan.line,concrete,public,write,deny,runtime,TestM27Security.test_public_and_portal_have_no_qms_model_or_side_channel_access,PASS,addons/pm_qms_audit/models/audit_plan_line.py,5
pm_qms_audit,pm.qms.audit.plan.line,concrete,public,unlink,deny,runtime,TestM27Security.test_public_and_portal_have_no_qms_model_or_side_channel_access,PASS,addons/pm_qms_audit/models/audit_plan_line.py,5
pm_qms_audit,pm.qms.audit.plan.line,concrete,portal,read,deny,runtime,TestM27Security.test_public_and_portal_have_no_qms_model_or_side_channel_access,PASS,addons/pm_qms_audit/models/audit_plan_line.py,5
pm_qms_audit,pm.qms.audit.plan.line,concrete,portal,create,deny,runtime,TestM27Security.test_public_and_portal_have_no_qms_model_or_side_channel_access,PASS,addons/pm_qms_audit/models/audit_plan_line.py,5
pm_qms_audit,pm.qms.audit.plan.line,concrete,portal,write,deny,runtime,TestM27Security.test_public_and_portal_have_no_qms_model_or_side_channel_access,PASS,addons/pm_qms_audit/models/audit_plan_line.py,5
pm_qms_audit,pm.qms.audit.plan.line,concrete,portal,unlink,deny,runtime,TestM27Security.test_public_and_portal_have_no_qms_model_or_side_channel_access,PASS,addons/pm_qms_audit/models/audit_plan_line.py,5
pm_qms_audit,pm.qms.audit.plan.line,concrete,qms_user,read,role-and-scope-specific,static,Source inventory only; requires model-specific runtime fixture,REVIEW_REQUIRED,addons/pm_qms_audit/models/audit_plan_line.py,5
pm_qms_audit,pm.qms.audit.plan.line,concrete,qms_user,create,role-and-scope-specific,static,Source inventory only; requires model-specific runtime fixture,REVIEW_REQUIRED,addons/pm_qms_audit/models/audit_plan_line.py,5
pm_qms_audit,pm.qms.audit.plan.line,concrete,qms_user,write,role-and-scope-specific,static,Source inventory only; requires model-specific runtime fixture,REVIEW_REQUIRED,addons/pm_qms_audit/models/audit_plan_line.py,5
pm_qms_audit,pm.qms.audit.plan.line,concrete,qms_user,unlink,role-and-scope-specific,static,Source inventory only; requires model-specific runtime fixture,REVIEW_REQUIRED,addons/pm_qms_audit/models/audit_plan_line.py,5
pm_qms_audit,pm.qms.audit.plan.line,concrete,qms_viewer,read,role-and-scope-specific,static,Source inventory only; requires model-specific runtime fixture,REVIEW_REQUIRED,addons/pm_qms_audit/models/audit_plan_line.py,5
pm_qms_audit,pm.qms.audit.plan.line,concrete,qms_viewer,create,role-and-scope-specific,static,Source inventory only; requires model-specific runtime fixture,REVIEW_REQUIRED,addons/pm_qms_audit/models/audit_plan_line.py,5
pm_qms_audit,pm.qms.audit.plan.line,concrete,qms_viewer,write,role-and-scope-specific,static,Source inventory only; requires model-specific runtime fixture,REVIEW_REQUIRED,addons/pm_qms_audit/models/audit_plan_line.py,5
pm_qms_audit,pm.qms.audit.plan.line,concrete,qms_viewer,unlink,role-and-scope-specific,static,Source inventory only; requires model-specific runtime fixture,REVIEW_REQUIRED,addons/pm_qms_audit/models/audit_plan_line.py,5
pm_qms_audit,pm.qms.audit.plan.line,concrete,quality_supervisor,read,role-and-scope-specific,static,Source inventory only; requires model-specific runtime fixture,REVIEW_REQUIRED,addons/pm_qms_audit/models/audit_plan_line.py,5
pm_qms_audit,pm.qms.audit.plan.line,concrete,quality_supervisor,create,role-and-scope-specific,static,Source inventory only; requires model-specific runtime fixture,REVIEW_REQUIRED,addons/pm_qms_audit/models/audit_plan_line.py,5
pm_qms_audit,pm.qms.audit.plan.line,concrete,quality_supervisor,write,role-and-scope-specific,static,Source inventory only; requires model-specific runtime fixture,REVIEW_REQUIRED,addons/pm_qms_audit/models/audit_plan_line.py,5
pm_qms_audit,pm.qms.audit.plan.line,concrete,quality_supervisor,unlink,role-and-scope-specific,static,Source inventory only; requires model-specific runtime fixture,REVIEW_REQUIRED,addons/pm_qms_audit/models/audit_plan_line.py,5
pm_qms_audit,pm.qms.audit.plan.line,concrete,quality_manager,read,role-and-scope-specific,static,Source inventory only; requires model-specific runtime fixture,REVIEW_REQUIRED,addons/pm_qms_audit/models/audit_plan_line.py,5
pm_qms_audit,pm.qms.audit.plan.line,concrete,quality_manager,create,role-and-scope-specific,static,Source inventory only; requires model-specific runtime fixture,REVIEW_REQUIRED,addons/pm_qms_audit/models/audit_plan_line.py,5
pm_qms_audit,pm.qms.audit.plan.line,concrete,quality_manager,write,role-and-scope-specific,static,Source inventory only; requires model-specific runtime fixture,REVIEW_REQUIRED,addons/pm_qms_audit/models/audit_plan_line.py,5
pm_qms_audit,pm.qms.audit.plan.line,concrete,quality_manager,unlink,role-and-scope-specific,static,Source inventory only; requires model-specific runtime fixture,REVIEW_REQUIRED,addons/pm_qms_audit/models/audit_plan_line.py,5
pm_qms_audit,pm.qms.audit.plan.line,concrete,qms_administrator,read,role-and-scope-specific,static,Source inventory only; requires model-specific runtime fixture,REVIEW_REQUIRED,addons/pm_qms_audit/models/audit_plan_line.py,5
pm_qms_audit,pm.qms.audit.plan.line,concrete,qms_administrator,create,role-and-scope-specific,static,Source inventory only; requires model-specific runtime fixture,REVIEW_REQUIRED,addons/pm_qms_audit/models/audit_plan_line.py,5
pm_qms_audit,pm.qms.audit.plan.line,concrete,qms_administrator,write,role-and-scope-specific,static,Source inventory only; requires model-specific runtime fixture,REVIEW_REQUIRED,addons/pm_qms_audit/models/audit_plan_line.py,5
pm_qms_audit,pm.qms.audit.plan.line,concrete,qms_administrator,unlink,role-and-scope-specific,static,Source inventory only; requires model-specific runtime fixture,REVIEW_REQUIRED,addons/pm_qms_audit/models/audit_plan_line.py,5
pm_qms_audit,pm.qms.audit.plan.line,concrete,qms_licensing_administrator,read,role-and-scope-specific,static,Source inventory only; requires model-specific runtime fixture,REVIEW_REQUIRED,addons/pm_qms_audit/models/audit_plan_line.py,5
pm_qms_audit,pm.qms.audit.plan.line,concrete,qms_licensing_administrator,create,role-and-scope-specific,static,Source inventory only; requires model-specific runtime fixture,REVIEW_REQUIRED,addons/pm_qms_audit/models/audit_plan_line.py,5
pm_qms_audit,pm.qms.audit.plan.line,concrete,qms_licensing_administrator,write,role-and-scope-specific,static,Source inventory only; requires model-specific runtime fixture,REVIEW_REQUIRED,addons/pm_qms_audit/models/audit_plan_line.py,5
pm_qms_audit,pm.qms.audit.plan.line,concrete,qms_licensing_administrator,unlink,role-and-scope-specific,static,Source inventory only; requires model-specific runtime fixture,REVIEW_REQUIRED,addons/pm_qms_audit/models/audit_plan_line.py,5
pm_qms_audit,pm.qms.audit.plan.line,concrete,odoo_system_administrator,read,role-and-scope-specific,static,Source inventory only; requires model-specific runtime fixture,REVIEW_REQUIRED,addons/pm_qms_audit/models/audit_plan_line.py,5
pm_qms_audit,pm.qms.audit.plan.line,concrete,odoo_system_administrator,create,role-and-scope-specific,static,Source inventory only; requires model-specific runtime fixture,REVIEW_REQUIRED,addons/pm_qms_audit/models/audit_plan_line.py,5
pm_qms_audit,pm.qms.audit.plan.line,concrete,odoo_system_administrator,write,role-and-scope-specific,static,Source inventory only; requires model-specific runtime fixture,REVIEW_REQUIRED,addons/pm_qms_audit/models/audit_plan_line.py,5
pm_qms_audit,pm.qms.audit.plan.line,concrete,odoo_system_administrator,unlink,role-and-scope-specific,static,Source inventory only; requires model-specific runtime fixture,REVIEW_REQUIRED,addons/pm_qms_audit/models/audit_plan_line.py,5
pm_qms_audit,pm.qms.audit.program,concrete,public,read,deny,runtime,TestM27Security.test_public_and_portal_have_no_qms_model_or_side_channel_access,PASS,addons/pm_qms_audit/models/audit_program.py,5
pm_qms_audit,pm.qms.audit.program,concrete,public,create,deny,runtime,TestM27Security.test_public_and_portal_have_no_qms_model_or_side_channel_access,PASS,addons/pm_qms_audit/models/audit_program.py,5
pm_qms_audit,pm.qms.audit.program,concrete,public,write,deny,runtime,TestM27Security.test_public_and_portal_have_no_qms_model_or_side_channel_access,PASS,addons/pm_qms_audit/models/audit_program.py,5
pm_qms_audit,pm.qms.audit.program,concrete,public,unlink,deny,runtime,TestM27Security.test_public_and_portal_have_no_qms_model_or_side_channel_access,PASS,addons/pm_qms_audit/models/audit_program.py,5
pm_qms_audit,pm.qms.audit.program,concrete,portal,read,deny,runtime,TestM27Security.test_public_and_portal_have_no_qms_model_or_side_channel_access,PASS,addons/pm_qms_audit/models/audit_program.py,5
pm_qms_audit,pm.qms.audit.program,concrete,portal,create,deny,runtime,TestM27Security.test_public_and_portal_have_no_qms_model_or_side_channel_access,PASS,addons/pm_qms_audit/models/audit_program.py,5
pm_qms_audit,pm.qms.audit.program,concrete,portal,write,deny,runtime,TestM27Security.test_public_and_portal_have_no_qms_model_or_side_channel_access,PASS,addons/pm_qms_audit/models/audit_program.py,5
pm_qms_audit,pm.qms.audit.program,concrete,portal,unlink,deny,runtime,TestM27Security.test_public_and_portal_have_no_qms_model_or_side_channel_access,PASS,addons/pm_qms_audit/models/audit_program.py,5
pm_qms_audit,pm.qms.audit.program,concrete,qms_user,read,role-and-scope-specific,static,Source inventory only; requires model-specific runtime fixture,REVIEW_REQUIRED,addons/pm_qms_audit/models/audit_program.py,5
pm_qms_audit,pm.qms.audit.program,concrete,qms_user,create,role-and-scope-specific,static,Source inventory only; requires model-specific runtime fixture,REVIEW_REQUIRED,addons/pm_qms_audit/models/audit_program.py,5
pm_qms_audit,pm.qms.audit.program,concrete,qms_user,write,role-and-scope-specific,static,Source inventory only; requires model-specific runtime fixture,REVIEW_REQUIRED,addons/pm_qms_audit/models/audit_program.py,5
pm_qms_audit,pm.qms.audit.program,concrete,qms_user,unlink,role-and-scope-specific,static,Source inventory only; requires model-specific runtime fixture,REVIEW_REQUIRED,addons/pm_qms_audit/models/audit_program.py,5
pm_qms_audit,pm.qms.audit.program,concrete,qms_viewer,read,role-and-scope-specific,static,Source inventory only; requires model-specific runtime fixture,REVIEW_REQUIRED,addons/pm_qms_audit/models/audit_program.py,5
pm_qms_audit,pm.qms.audit.program,concrete,qms_viewer,create,role-and-scope-specific,static,Source inventory only; requires model-specific runtime fixture,REVIEW_REQUIRED,addons/pm_qms_audit/models/audit_program.py,5
pm_qms_audit,pm.qms.audit.program,concrete,qms_viewer,write,role-and-scope-specific,static,Source inventory only; requires model-specific runtime fixture,REVIEW_REQUIRED,addons/pm_qms_audit/models/audit_program.py,5
pm_qms_audit,pm.qms.audit.program,concrete,qms_viewer,unlink,role-and-scope-specific,static,Source inventory only; requires model-specific runtime fixture,REVIEW_REQUIRED,addons/pm_qms_audit/models/audit_program.py,5
pm_qms_audit,pm.qms.audit.program,concrete,quality_supervisor,read,role-and-scope-specific,static,Source inventory only; requires model-specific runtime fixture,REVIEW_REQUIRED,addons/pm_qms_audit/models/audit_program.py,5
pm_qms_audit,pm.qms.audit.program,concrete,quality_supervisor,create,role-and-scope-specific,static,Source inventory only; requires model-specific runtime fixture,REVIEW_REQUIRED,addons/pm_qms_audit/models/audit_program.py,5
pm_qms_audit,pm.qms.audit.program,concrete,quality_supervisor,write,role-and-scope-specific,static,Source inventory only; requires model-specific runtime fixture,REVIEW_REQUIRED,addons/pm_qms_audit/models/audit_program.py,5
pm_qms_audit,pm.qms.audit.program,concrete,quality_supervisor,unlink,role-and-scope-specific,static,Source inventory only; requires model-specific runtime fixture,REVIEW_REQUIRED,addons/pm_qms_audit/models/audit_program.py,5
pm_qms_audit,pm.qms.audit.program,concrete,quality_manager,read,role-and-scope-specific,static,Source inventory only; requires model-specific runtime fixture,REVIEW_REQUIRED,addons/pm_qms_audit/models/audit_program.py,5
pm_qms_audit,pm.qms.audit.program,concrete,quality_manager,create,role-and-scope-specific,static,Source inventory only; requires model-specific runtime fixture,REVIEW_REQUIRED,addons/pm_qms_audit/models/audit_program.py,5
pm_qms_audit,pm.qms.audit.program,concrete,quality_manager,write,role-and-scope-specific,static,Source inventory only; requires model-specific runtime fixture,REVIEW_REQUIRED,addons/pm_qms_audit/models/audit_program.py,5
pm_qms_audit,pm.qms.audit.program,concrete,quality_manager,unlink,role-and-scope-specific,static,Source inventory only; requires model-specific runtime fixture,REVIEW_REQUIRED,addons/pm_qms_audit/models/audit_program.py,5
pm_qms_audit,pm.qms.audit.program,concrete,qms_administrator,read,role-and-scope-specific,static,Source inventory only; requires model-specific runtime fixture,REVIEW_REQUIRED,addons/pm_qms_audit/models/audit_program.py,5
pm_qms_audit,pm.qms.audit.program,concrete,qms_administrator,create,role-and-scope-specific,static,Source inventory only; requires model-specific runtime fixture,REVIEW_REQUIRED,addons/pm_qms_audit/models/audit_program.py,5
pm_qms_audit,pm.qms.audit.program,concrete,qms_administrator,write,role-and-scope-specific,static,Source inventory only; requires model-specific runtime fixture,REVIEW_REQUIRED,addons/pm_qms_audit/models/audit_program.py,5
pm_qms_audit,pm.qms.audit.program,concrete,qms_administrator,unlink,role-and-scope-specific,static,Source inventory only; requires model-specific runtime fixture,REVIEW_REQUIRED,addons/pm_qms_audit/models/audit_program.py,5
pm_qms_audit,pm.qms.audit.program,concrete,qms_licensing_administrator,read,role-and-scope-specific,static,Source inventory only; requires model-specific runtime fixture,REVIEW_REQUIRED,addons/pm_qms_audit/models/audit_program.py,5
pm_qms_audit,pm.qms.audit.program,concrete,qms_licensing_administrator,create,role-and-scope-specific,static,Source inventory only; requires model-specific runtime fixture,REVIEW_REQUIRED,addons/pm_qms_audit/models/audit_program.py,5
pm_qms_audit,pm.qms.audit.program,concrete,qms_licensing_administrator,write,role-and-scope-specific,static,Source inventory only; requires model-specific runtime fixture,REVIEW_REQUIRED,addons/pm_qms_audit/models/audit_program.py,5
pm_qms_audit,pm.qms.audit.program,concrete,qms_licensing_administrator,unlink,role-and-scope-specific,static,Source inventory only; requires model-specific runtime fixture,REVIEW_REQUIRED,addons/pm_qms_audit/models/audit_program.py,5
pm_qms_audit,pm.qms.audit.program,concrete,odoo_system_administrator,read,role-and-scope-specific,static,Source inventory only; requires model-specific runtime fixture,REVIEW_REQUIRED,addons/pm_qms_audit/models/audit_program.py,5
pm_qms_audit,pm.qms.audit.program,concrete,odoo_system_administrator,create,role-and-scope-specific,static,Source inventory only; requires model-specific runtime fixture,REVIEW_REQUIRED,addons/pm_qms_audit/models/audit_program.py,5
pm_qms_audit,pm.qms.audit.program,concrete,odoo_system_administrator,write,role-and-scope-specific,static,Source inventory only; requires model-specific runtime fixture,REVIEW_REQUIRED,addons/pm_qms_audit/models/audit_program.py,5
pm_qms_audit,pm.qms.audit.program,concrete,odoo_system_administrator,unlink,role-and-scope-specific,static,Source inventory only; requires model-specific runtime fixture,REVIEW_REQUIRED,addons/pm_qms_audit/models/audit_program.py,5
pm_qms_audit,pm.qms.audit.scope,concrete,public,read,deny,runtime,TestM27Security.test_public_and_portal_have_no_qms_model_or_side_channel_access,PASS,addons/pm_qms_audit/models/audit_scope.py,5
pm_qms_audit,pm.qms.audit.scope,concrete,public,create,deny,runtime,TestM27Security.test_public_and_portal_have_no_qms_model_or_side_channel_access,PASS,addons/pm_qms_audit/models/audit_scope.py,5
pm_qms_audit,pm.qms.audit.scope,concrete,public,write,deny,runtime,TestM27Security.test_public_and_portal_have_no_qms_model_or_side_channel_access,PASS,addons/pm_qms_audit/models/audit_scope.py,5
pm_qms_audit,pm.qms.audit.scope,concrete,public,unlink,deny,runtime,TestM27Security.test_public_and_portal_have_no_qms_model_or_side_channel_access,PASS,addons/pm_qms_audit/models/audit_scope.py,5
pm_qms_audit,pm.qms.audit.scope,concrete,portal,read,deny,runtime,TestM27Security.test_public_and_portal_have_no_qms_model_or_side_channel_access,PASS,addons/pm_qms_audit/models/audit_scope.py,5
pm_qms_audit,pm.qms.audit.scope,concrete,portal,create,deny,runtime,TestM27Security.test_public_and_portal_have_no_qms_model_or_side_channel_access,PASS,addons/pm_qms_audit/models/audit_scope.py,5
pm_qms_audit,pm.qms.audit.scope,concrete,portal,write,deny,runtime,TestM27Security.test_public_and_portal_have_no_qms_model_or_side_channel_access,PASS,addons/pm_qms_audit/models/audit_scope.py,5
pm_qms_audit,pm.qms.audit.scope,concrete,portal,unlink,deny,runtime,TestM27Security.test_public_and_portal_have_no_qms_model_or_side_channel_access,PASS,addons/pm_qms_audit/models/audit_scope.py,5
pm_qms_audit,pm.qms.audit.scope,concrete,qms_user,read,role-and-scope-specific,static,Source inventory only; requires model-specific runtime fixture,REVIEW_REQUIRED,addons/pm_qms_audit/models/audit_scope.py,5
pm_qms_audit,pm.qms.audit.scope,concrete,qms_user,create,role-and-scope-specific,static,Source inventory only; requires model-specific runtime fixture,REVIEW_REQUIRED,addons/pm_qms_audit/models/audit_scope.py,5
pm_qms_audit,pm.qms.audit.scope,concrete,qms_user,write,role-and-scope-specific,static,Source inventory only; requires model-specific runtime fixture,REVIEW_REQUIRED,addons/pm_qms_audit/models/audit_scope.py,5
pm_qms_audit,pm.qms.audit.scope,concrete,qms_user,unlink,role-and-scope-specific,static,Source inventory only; requires model-specific runtime fixture,REVIEW_REQUIRED,addons/pm_qms_audit/models/audit_scope.py,5
pm_qms_audit,pm.qms.audit.scope,concrete,qms_viewer,read,role-and-scope-specific,static,Source inventory only; requires model-specific runtime fixture,REVIEW_REQUIRED,addons/pm_qms_audit/models/audit_scope.py,5
pm_qms_audit,pm.qms.audit.scope,concrete,qms_viewer,create,role-and-scope-specific,static,Source inventory only; requires model-specific runtime fixture,REVIEW_REQUIRED,addons/pm_qms_audit/models/audit_scope.py,5
pm_qms_audit,pm.qms.audit.scope,concrete,qms_viewer,write,role-and-scope-specific,static,Source inventory only; requires model-specific runtime fixture,REVIEW_REQUIRED,addons/pm_qms_audit/models/audit_scope.py,5
pm_qms_audit,pm.qms.audit.scope,concrete,qms_viewer,unlink,role-and-scope-specific,static,Source inventory only; requires model-specific runtime fixture,REVIEW_REQUIRED,addons/pm_qms_audit/models/audit_scope.py,5
pm_qms_audit,pm.qms.audit.scope,concrete,quality_supervisor,read,role-and-scope-specific,static,Source inventory only; requires model-specific runtime fixture,REVIEW_REQUIRED,addons/pm_qms_audit/models/audit_scope.py,5
pm_qms_audit,pm.qms.audit.scope,concrete,quality_supervisor,create,role-and-scope-specific,static,Source inventory only; requires model-specific runtime fixture,REVIEW_REQUIRED,addons/pm_qms_audit/models/audit_scope.py,5
pm_qms_audit,pm.qms.audit.scope,concrete,quality_supervisor,write,role-and-scope-specific,static,Source inventory only; requires model-specific runtime fixture,REVIEW_REQUIRED,addons/pm_qms_audit/models/audit_scope.py,5
pm_qms_audit,pm.qms.audit.scope,concrete,quality_supervisor,unlink,role-and-scope-specific,static,Source inventory only; requires model-specific runtime fixture,REVIEW_REQUIRED,addons/pm_qms_audit/models/audit_scope.py,5
pm_qms_audit,pm.qms.audit.scope,concrete,quality_manager,read,role-and-scope-specific,static,Source inventory only; requires model-specific runtime fixture,REVIEW_REQUIRED,addons/pm_qms_audit/models/audit_scope.py,5
pm_qms_audit,pm.qms.audit.scope,concrete,quality_manager,create,role-and-scope-specific,static,Source inventory only; requires model-specific runtime fixture,REVIEW_REQUIRED,addons/pm_qms_audit/models/audit_scope.py,5
pm_qms_audit,pm.qms.audit.scope,concrete,quality_manager,write,role-and-scope-specific,static,Source inventory only; requires model-specific runtime fixture,REVIEW_REQUIRED,addons/pm_qms_audit/models/audit_scope.py,5
pm_qms_audit,pm.qms.audit.scope,concrete,quality_manager,unlink,role-and-scope-specific,static,Source inventory only; requires model-specific runtime fixture,REVIEW_REQUIRED,addons/pm_qms_audit/models/audit_scope.py,5
pm_qms_audit,pm.qms.audit.scope,concrete,qms_administrator,read,role-and-scope-specific,static,Source inventory only; requires model-specific runtime fixture,REVIEW_REQUIRED,addons/pm_qms_audit/models/audit_scope.py,5
pm_qms_audit,pm.qms.audit.scope,concrete,qms_administrator,create,role-and-scope-specific,static,Source inventory only; requires model-specific runtime fixture,REVIEW_REQUIRED,addons/pm_qms_audit/models/audit_scope.py,5
pm_qms_audit,pm.qms.audit.scope,concrete,qms_administrator,write,role-and-scope-specific,static,Source inventory only; requires model-specific runtime fixture,REVIEW_REQUIRED,addons/pm_qms_audit/models/audit_scope.py,5
pm_qms_audit,pm.qms.audit.scope,concrete,qms_administrator,unlink,role-and-scope-specific,static,Source inventory only; requires model-specific runtime fixture,REVIEW_REQUIRED,addons/pm_qms_audit/models/audit_scope.py,5
pm_qms_audit,pm.qms.audit.scope,concrete,qms_licensing_administrator,read,role-and-scope-specific,static,Source inventory only; requires model-specific runtime fixture,REVIEW_REQUIRED,addons/pm_qms_audit/models/audit_scope.py,5
pm_qms_audit,pm.qms.audit.scope,concrete,qms_licensing_administrator,create,role-and-scope-specific,static,Source inventory only; requires model-specific runtime fixture,REVIEW_REQUIRED,addons/pm_qms_audit/models/audit_scope.py,5
pm_qms_audit,pm.qms.audit.scope,concrete,qms_licensing_administrator,write,role-and-scope-specific,static,Source inventory only; requires model-specific runtime fixture,REVIEW_REQUIRED,addons/pm_qms_audit/models/audit_scope.py,5
pm_qms_audit,pm.qms.audit.scope,concrete,qms_licensing_administrator,unlink,role-and-scope-specific,static,Source inventory only; requires model-specific runtime fixture,REVIEW_REQUIRED,addons/pm_qms_audit/models/audit_scope.py,5
pm_qms_audit,pm.qms.audit.scope,concrete,odoo_system_administrator,read,role-and-scope-specific,static,Source inventory only; requires model-specific runtime fixture,REVIEW_REQUIRED,addons/pm_qms_audit/models/audit_scope.py,5
pm_qms_audit,pm.qms.audit.scope,concrete,odoo_system_administrator,create,role-and-scope-specific,static,Source inventory only; requires model-specific runtime fixture,REVIEW_REQUIRED,addons/pm_qms_audit/models/audit_scope.py,5
pm_qms_audit,pm.qms.audit.scope,concrete,odoo_system_administrator,write,role-and-scope-specific,static,Source inventory only; requires model-specific runtime fixture,REVIEW_REQUIRED,addons/pm_qms_audit/models/audit_scope.py,5
pm_qms_audit,pm.qms.audit.scope,concrete,odoo_system_administrator,unlink,role-and-scope-specific,static,Source inventory only; requires model-specific runtime fixture,REVIEW_REQUIRED,addons/pm_qms_audit/models/audit_scope.py,5
pm_qms_calibration,pm.qms.calibration.affected.reference,concrete,public,read,deny,runtime,TestM27Security.test_public_and_portal_have_no_qms_model_or_side_channel_access,PASS,addons/pm_qms_calibration/models/impact_assessment.py,207
pm_qms_calibration,pm.qms.calibration.affected.reference,concrete,public,create,deny,runtime,TestM27Security.test_public_and_portal_have_no_qms_model_or_side_channel_access,PASS,addons/pm_qms_calibration/models/impact_assessment.py,207
pm_qms_calibration,pm.qms.calibration.affected.reference,concrete,public,write,deny,runtime,TestM27Security.test_public_and_portal_have_no_qms_model_or_side_channel_access,PASS,addons/pm_qms_calibration/models/impact_assessment.py,207
pm_qms_calibration,pm.qms.calibration.affected.reference,concrete,public,unlink,deny,runtime,TestM27Security.test_public_and_portal_have_no_qms_model_or_side_channel_access,PASS,addons/pm_qms_calibration/models/impact_assessment.py,207
pm_qms_calibration,pm.qms.calibration.affected.reference,concrete,portal,read,deny,runtime,TestM27Security.test_public_and_portal_have_no_qms_model_or_side_channel_access,PASS,addons/pm_qms_calibration/models/impact_assessment.py,207
pm_qms_calibration,pm.qms.calibration.affected.reference,concrete,portal,create,deny,runtime,TestM27Security.test_public_and_portal_have_no_qms_model_or_side_channel_access,PASS,addons/pm_qms_calibration/models/impact_assessment.py,207
pm_qms_calibration,pm.qms.calibration.affected.reference,concrete,portal,write,deny,runtime,TestM27Security.test_public_and_portal_have_no_qms_model_or_side_channel_access,PASS,addons/pm_qms_calibration/models/impact_assessment.py,207
pm_qms_calibration,pm.qms.calibration.affected.reference,concrete,portal,unlink,deny,runtime,TestM27Security.test_public_and_portal_have_no_qms_model_or_side_channel_access,PASS,addons/pm_qms_calibration/models/impact_assessment.py,207
pm_qms_calibration,pm.qms.calibration.affected.reference,concrete,qms_user,read,role-and-scope-specific,static,Source inventory only; requires model-specific runtime fixture,REVIEW_REQUIRED,addons/pm_qms_calibration/models/impact_assessment.py,207
pm_qms_calibration,pm.qms.calibration.affected.reference,concrete,qms_user,create,role-and-scope-specific,static,Source inventory only; requires model-specific runtime fixture,REVIEW_REQUIRED,addons/pm_qms_calibration/models/impact_assessment.py,207
pm_qms_calibration,pm.qms.calibration.affected.reference,concrete,qms_user,write,role-and-scope-specific,static,Source inventory only; requires model-specific runtime fixture,REVIEW_REQUIRED,addons/pm_qms_calibration/models/impact_assessment.py,207
pm_qms_calibration,pm.qms.calibration.affected.reference,concrete,qms_user,unlink,role-and-scope-specific,static,Source inventory only; requires model-specific runtime fixture,REVIEW_REQUIRED,addons/pm_qms_calibration/models/impact_assessment.py,207
pm_qms_calibration,pm.qms.calibration.affected.reference,concrete,qms_viewer,read,role-and-scope-specific,static,Source inventory only; requires model-specific runtime fixture,REVIEW_REQUIRED,addons/pm_qms_calibration/models/impact_assessment.py,207
pm_qms_calibration,pm.qms.calibration.affected.reference,concrete,qms_viewer,create,role-and-scope-specific,static,Source inventory only; requires model-specific runtime fixture,REVIEW_REQUIRED,addons/pm_qms_calibration/models/impact_assessment.py,207
pm_qms_calibration,pm.qms.calibration.affected.reference,concrete,qms_viewer,write,role-and-scope-specific,static,Source inventory only; requires model-specific runtime fixture,REVIEW_REQUIRED,addons/pm_qms_calibration/models/impact_assessment.py,207
pm_qms_calibration,pm.qms.calibration.affected.reference,concrete,qms_viewer,unlink,role-and-scope-specific,static,Source inventory only; requires model-specific runtime fixture,REVIEW_REQUIRED,addons/pm_qms_calibration/models/impact_assessment.py,207
pm_qms_calibration,pm.qms.calibration.affected.reference,concrete,quality_supervisor,read,role-and-scope-specific,static,Source inventory only; requires model-specific runtime fixture,REVIEW_REQUIRED,addons/pm_qms_calibration/models/impact_assessment.py,207
pm_qms_calibration,pm.qms.calibration.affected.reference,concrete,quality_supervisor,create,role-and-scope-specific,static,Source inventory only; requires model-specific runtime fixture,REVIEW_REQUIRED,addons/pm_qms_calibration/models/impact_assessment.py,207
pm_qms_calibration,pm.qms.calibration.affected.reference,concrete,quality_supervisor,write,role-and-scope-specific,static,Source inventory only; requires model-specific runtime fixture,REVIEW_REQUIRED,addons/pm_qms_calibration/models/impact_assessment.py,207
pm_qms_calibration,pm.qms.calibration.affected.reference,concrete,quality_supervisor,unlink,role-and-scope-specific,static,Source inventory only; requires model-specific runtime fixture,REVIEW_REQUIRED,addons/pm_qms_calibration/models/impact_assessment.py,207
pm_qms_calibration,pm.qms.calibration.affected.reference,concrete,quality_manager,read,role-and-scope-specific,static,Source inventory only; requires model-specific runtime fixture,REVIEW_REQUIRED,addons/pm_qms_calibration/models/impact_assessment.py,207
pm_qms_calibration,pm.qms.calibration.affected.reference,concrete,quality_manager,create,role-and-scope-specific,static,Source inventory only; requires model-specific runtime fixture,REVIEW_REQUIRED,addons/pm_qms_calibration/models/impact_assessment.py,207
pm_qms_calibration,pm.qms.calibration.affected.reference,concrete,quality_manager,write,role-and-scope-specific,static,Source inventory only; requires model-specific runtime fixture,REVIEW_REQUIRED,addons/pm_qms_calibration/models/impact_assessment.py,207
pm_qms_calibration,pm.qms.calibration.affected.reference,concrete,quality_manager,unlink,role-and-scope-specific,static,Source inventory only; requires model-specific runtime fixture,REVIEW_REQUIRED,addons/pm_qms_calibration/models/impact_assessment.py,207
pm_qms_calibration,pm.qms.calibration.affected.reference,concrete,qms_administrator,read,role-and-scope-specific,static,Source inventory only; requires model-specific runtime fixture,REVIEW_REQUIRED,addons/pm_qms_calibration/models/impact_assessment.py,207
pm_qms_calibration,pm.qms.calibration.affected.reference,concrete,qms_administrator,create,role-and-scope-specific,static,Source inventory only; requires model-specific runtime fixture,REVIEW_REQUIRED,addons/pm_qms_calibration/models/impact_assessment.py,207
pm_qms_calibration,pm.qms.calibration.affected.reference,concrete,qms_administrator,write,role-and-scope-specific,static,Source inventory only; requires model-specific runtime fixture,REVIEW_REQUIRED,addons/pm_qms_calibration/models/impact_assessment.py,207
pm_qms_calibration,pm.qms.calibration.affected.reference,concrete,qms_administrator,unlink,role-and-scope-specific,static,Source inventory only; requires model-specific runtime fixture,REVIEW_REQUIRED,addons/pm_qms_calibration/models/impact_assessment.py,207
pm_qms_calibration,pm.qms.calibration.affected.reference,concrete,qms_licensing_administrator,read,role-and-scope-specific,static,Source inventory only; requires model-specific runtime fixture,REVIEW_REQUIRED,addons/pm_qms_calibration/models/impact_assessment.py,207
pm_qms_calibration,pm.qms.calibration.affected.reference,concrete,qms_licensing_administrator,create,role-and-scope-specific,static,Source inventory only; requires model-specific runtime fixture,REVIEW_REQUIRED,addons/pm_qms_calibration/models/impact_assessment.py,207
pm_qms_calibration,pm.qms.calibration.affected.reference,concrete,qms_licensing_administrator,write,role-and-scope-specific,static,Source inventory only; requires model-specific runtime fixture,REVIEW_REQUIRED,addons/pm_qms_calibration/models/impact_assessment.py,207
pm_qms_calibration,pm.qms.calibration.affected.reference,concrete,qms_licensing_administrator,unlink,role-and-scope-specific,static,Source inventory only; requires model-specific runtime fixture,REVIEW_REQUIRED,addons/pm_qms_calibration/models/impact_assessment.py,207
pm_qms_calibration,pm.qms.calibration.affected.reference,concrete,odoo_system_administrator,read,role-and-scope-specific,static,Source inventory only; requires model-specific runtime fixture,REVIEW_REQUIRED,addons/pm_qms_calibration/models/impact_assessment.py,207
pm_qms_calibration,pm.qms.calibration.affected.reference,concrete,odoo_system_administrator,create,role-and-scope-specific,static,Source inventory only; requires model-specific runtime fixture,REVIEW_REQUIRED,addons/pm_qms_calibration/models/impact_assessment.py,207
pm_qms_calibration,pm.qms.calibration.affected.reference,concrete,odoo_system_administrator,write,role-and-scope-specific,static,Source inventory only; requires model-specific runtime fixture,REVIEW_REQUIRED,addons/pm_qms_calibration/models/impact_assessment.py,207
pm_qms_calibration,pm.qms.calibration.affected.reference,concrete,odoo_system_administrator,unlink,role-and-scope-specific,static,Source inventory only; requires model-specific runtime fixture,REVIEW_REQUIRED,addons/pm_qms_calibration/models/impact_assessment.py,207
pm_qms_calibration,pm.qms.calibration.event,concrete,public,read,deny,runtime,TestM27Security.test_public_and_portal_have_no_qms_model_or_side_channel_access,PASS,addons/pm_qms_calibration/models/calibration_event.py,5
pm_qms_calibration,pm.qms.calibration.event,concrete,public,create,deny,runtime,TestM27Security.test_public_and_portal_have_no_qms_model_or_side_channel_access,PASS,addons/pm_qms_calibration/models/calibration_event.py,5
pm_qms_calibration,pm.qms.calibration.event,concrete,public,write,deny,runtime,TestM27Security.test_public_and_portal_have_no_qms_model_or_side_channel_access,PASS,addons/pm_qms_calibration/models/calibration_event.py,5
pm_qms_calibration,pm.qms.calibration.event,concrete,public,unlink,deny,runtime,TestM27Security.test_public_and_portal_have_no_qms_model_or_side_channel_access,PASS,addons/pm_qms_calibration/models/calibration_event.py,5
pm_qms_calibration,pm.qms.calibration.event,concrete,portal,read,deny,runtime,TestM27Security.test_public_and_portal_have_no_qms_model_or_side_channel_access,PASS,addons/pm_qms_calibration/models/calibration_event.py,5
pm_qms_calibration,pm.qms.calibration.event,concrete,portal,create,deny,runtime,TestM27Security.test_public_and_portal_have_no_qms_model_or_side_channel_access,PASS,addons/pm_qms_calibration/models/calibration_event.py,5
pm_qms_calibration,pm.qms.calibration.event,concrete,portal,write,deny,runtime,TestM27Security.test_public_and_portal_have_no_qms_model_or_side_channel_access,PASS,addons/pm_qms_calibration/models/calibration_event.py,5
pm_qms_calibration,pm.qms.calibration.event,concrete,portal,unlink,deny,runtime,TestM27Security.test_public_and_portal_have_no_qms_model_or_side_channel_access,PASS,addons/pm_qms_calibration/models/calibration_event.py,5
pm_qms_calibration,pm.qms.calibration.event,concrete,qms_user,read,role-and-scope-specific,static,Source inventory only; requires model-specific runtime fixture,REVIEW_REQUIRED,addons/pm_qms_calibration/models/calibration_event.py,5
pm_qms_calibration,pm.qms.calibration.event,concrete,qms_user,create,role-and-scope-specific,static,Source inventory only; requires model-specific runtime fixture,REVIEW_REQUIRED,addons/pm_qms_calibration/models/calibration_event.py,5
pm_qms_calibration,pm.qms.calibration.event,concrete,qms_user,write,role-and-scope-specific,static,Source inventory only; requires model-specific runtime fixture,REVIEW_REQUIRED,addons/pm_qms_calibration/models/calibration_event.py,5
pm_qms_calibration,pm.qms.calibration.event,concrete,qms_user,unlink,role-and-scope-specific,static,Source inventory only; requires model-specific runtime fixture,REVIEW_REQUIRED,addons/pm_qms_calibration/models/calibration_event.py,5
pm_qms_calibration,pm.qms.calibration.event,concrete,qms_viewer,read,role-and-scope-specific,static,Source inventory only; requires model-specific runtime fixture,REVIEW_REQUIRED,addons/pm_qms_calibration/models/calibration_event.py,5
pm_qms_calibration,pm.qms.calibration.event,concrete,qms_viewer,create,role-and-scope-specific,static,Source inventory only; requires model-specific runtime fixture,REVIEW_REQUIRED,addons/pm_qms_calibration/models/calibration_event.py,5
pm_qms_calibration,pm.qms.calibration.event,concrete,qms_viewer,write,role-and-scope-specific,static,Source inventory only; requires model-specific runtime fixture,REVIEW_REQUIRED,addons/pm_qms_calibration/models/calibration_event.py,5
pm_qms_calibration,pm.qms.calibration.event,concrete,qms_viewer,unlink,role-and-scope-specific,static,Source inventory only; requires model-specific runtime fixture,REVIEW_REQUIRED,addons/pm_qms_calibration/models/calibration_event.py,5
pm_qms_calibration,pm.qms.calibration.event,concrete,quality_supervisor,read,role-and-scope-specific,static,Source inventory only; requires model-specific runtime fixture,REVIEW_REQUIRED,addons/pm_qms_calibration/models/calibration_event.py,5
pm_qms_calibration,pm.qms.calibration.event,concrete,quality_supervisor,create,role-and-scope-specific,static,Source inventory only; requires model-specific runtime fixture,REVIEW_REQUIRED,addons/pm_qms_calibration/models/calibration_event.py,5
pm_qms_calibration,pm.qms.calibration.event,concrete,quality_supervisor,write,role-and-scope-specific,static,Source inventory only; requires model-specific runtime fixture,REVIEW_REQUIRED,addons/pm_qms_calibration/models/calibration_event.py,5
pm_qms_calibration,pm.qms.calibration.event,concrete,quality_supervisor,unlink,role-and-scope-specific,static,Source inventory only; requires model-specific runtime fixture,REVIEW_REQUIRED,addons/pm_qms_calibration/models/calibration_event.py,5
pm_qms_calibration,pm.qms.calibration.event,concrete,quality_manager,read,role-and-scope-specific,static,Source inventory only; requires model-specific runtime fixture,REVIEW_REQUIRED,addons/pm_qms_calibration/models/calibration_event.py,5
pm_qms_calibration,pm.qms.calibration.event,concrete,quality_manager,create,role-and-scope-specific,static,Source inventory only; requires model-specific runtime fixture,REVIEW_REQUIRED,addons/pm_qms_calibration/models/calibration_event.py,5
pm_qms_calibration,pm.qms.calibration.event,concrete,quality_manager,write,role-and-scope-specific,static,Source inventory only; requires model-specific runtime fixture,REVIEW_REQUIRED,addons/pm_qms_calibration/models/calibration_event.py,5
pm_qms_calibration,pm.qms.calibration.event,concrete,quality_manager,unlink,role-and-scope-specific,static,Source inventory only; requires model-specific runtime fixture,REVIEW_REQUIRED,addons/pm_qms_calibration/models/calibration_event.py,5
pm_qms_calibration,pm.qms.calibration.event,concrete,qms_administrator,read,role-and-scope-specific,static,Source inventory only; requires model-specific runtime fixture,REVIEW_REQUIRED,addons/pm_qms_calibration/models/calibration_event.py,5
pm_qms_calibration,pm.qms.calibration.event,concrete,qms_administrator,create,role-and-scope-specific,static,Source inventory only; requires model-specific runtime fixture,REVIEW_REQUIRED,addons/pm_qms_calibration/models/calibration_event.py,5
pm_qms_calibration,pm.qms.calibration.event,concrete,qms_administrator,write,role-and-scope-specific,static,Source inventory only; requires model-specific runtime fixture,REVIEW_REQUIRED,addons/pm_qms_calibration/models/calibration_event.py,5
pm_qms_calibration,pm.qms.calibration.event,concrete,qms_administrator,unlink,role-and-scope-specific,static,Source inventory only; requires model-specific runtime fixture,REVIEW_REQUIRED,addons/pm_qms_calibration/models/calibration_event.py,5
pm_qms_calibration,pm.qms.calibration.event,concrete,qms_licensing_administrator,read,role-and-scope-specific,static,Source inventory only; requires model-specific runtime fixture,REVIEW_REQUIRED,addons/pm_qms_calibration/models/calibration_event.py,5
pm_qms_calibration,pm.qms.calibration.event,concrete,qms_licensing_administrator,create,role-and-scope-specific,static,Source inventory only; requires model-specific runtime fixture,REVIEW_REQUIRED,addons/pm_qms_calibration/models/calibration_event.py,5
pm_qms_calibration,pm.qms.calibration.event,concrete,qms_licensing_administrator,write,role-and-scope-specific,static,Source inventory only; requires model-specific runtime fixture,REVIEW_REQUIRED,addons/pm_qms_calibration/models/calibration_event.py,5
pm_qms_calibration,pm.qms.calibration.event,concrete,qms_licensing_administrator,unlink,role-and-scope-specific,static,Source inventory only; requires model-specific runtime fixture,REVIEW_REQUIRED,addons/pm_qms_calibration/models/calibration_event.py,5
pm_qms_calibration,pm.qms.calibration.event,concrete,odoo_system_administrator,read,role-and-scope-specific,static,Source inventory only; requires model-specific runtime fixture,REVIEW_REQUIRED,addons/pm_qms_calibration/models/calibration_event.py,5
pm_qms_calibration,pm.qms.calibration.event,concrete,odoo_system_administrator,create,role-and-scope-specific,static,Source inventory only; requires model-specific runtime fixture,REVIEW_REQUIRED,addons/pm_qms_calibration/models/calibration_event.py,5
pm_qms_calibration,pm.qms.calibration.event,concrete,odoo_system_administrator,write,role-and-scope-specific,static,Source inventory only; requires model-specific runtime fixture,REVIEW_REQUIRED,addons/pm_qms_calibration/models/calibration_event.py,5
pm_qms_calibration,pm.qms.calibration.event,concrete,odoo_system_administrator,unlink,role-and-scope-specific,static,Source inventory only; requires model-specific runtime fixture,REVIEW_REQUIRED,addons/pm_qms_calibration/models/calibration_event.py,5
pm_qms_calibration,pm.qms.calibration.impact.assessment,concrete,public,read,deny,runtime,TestM27Security.test_public_and_portal_have_no_qms_model_or_side_channel_access,PASS,addons/pm_qms_calibration/models/impact_assessment.py,5
pm_qms_calibration,pm.qms.calibration.impact.assessment,concrete,public,create,deny,runtime,TestM27Security.test_public_and_portal_have_no_qms_model_or_side_channel_access,PASS,addons/pm_qms_calibration/models/impact_assessment.py,5
pm_qms_calibration,pm.qms.calibration.impact.assessment,concrete,public,write,deny,runtime,TestM27Security.test_public_and_portal_have_no_qms_model_or_side_channel_access,PASS,addons/pm_qms_calibration/models/impact_assessment.py,5
pm_qms_calibration,pm.qms.calibration.impact.assessment,concrete,public,unlink,deny,runtime,TestM27Security.test_public_and_portal_have_no_qms_model_or_side_channel_access,PASS,addons/pm_qms_calibration/models/impact_assessment.py,5
pm_qms_calibration,pm.qms.calibration.impact.assessment,concrete,portal,read,deny,runtime,TestM27Security.test_public_and_portal_have_no_qms_model_or_side_channel_access,PASS,addons/pm_qms_calibration/models/impact_assessment.py,5
pm_qms_calibration,pm.qms.calibration.impact.assessment,concrete,portal,create,deny,runtime,TestM27Security.test_public_and_portal_have_no_qms_model_or_side_channel_access,PASS,addons/pm_qms_calibration/models/impact_assessment.py,5
pm_qms_calibration,pm.qms.calibration.impact.assessment,concrete,portal,write,deny,runtime,TestM27Security.test_public_and_portal_have_no_qms_model_or_side_channel_access,PASS,addons/pm_qms_calibration/models/impact_assessment.py,5
pm_qms_calibration,pm.qms.calibration.impact.assessment,concrete,portal,unlink,deny,runtime,TestM27Security.test_public_and_portal_have_no_qms_model_or_side_channel_access,PASS,addons/pm_qms_calibration/models/impact_assessment.py,5
pm_qms_calibration,pm.qms.calibration.impact.assessment,concrete,qms_user,read,role-and-scope-specific,static,Source inventory only; requires model-specific runtime fixture,REVIEW_REQUIRED,addons/pm_qms_calibration/models/impact_assessment.py,5
pm_qms_calibration,pm.qms.calibration.impact.assessment,concrete,qms_user,create,role-and-scope-specific,static,Source inventory only; requires model-specific runtime fixture,REVIEW_REQUIRED,addons/pm_qms_calibration/models/impact_assessment.py,5
pm_qms_calibration,pm.qms.calibration.impact.assessment,concrete,qms_user,write,role-and-scope-specific,static,Source inventory only; requires model-specific runtime fixture,REVIEW_REQUIRED,addons/pm_qms_calibration/models/impact_assessment.py,5
pm_qms_calibration,pm.qms.calibration.impact.assessment,concrete,qms_user,unlink,role-and-scope-specific,static,Source inventory only; requires model-specific runtime fixture,REVIEW_REQUIRED,addons/pm_qms_calibration/models/impact_assessment.py,5
pm_qms_calibration,pm.qms.calibration.impact.assessment,concrete,qms_viewer,read,role-and-scope-specific,static,Source inventory only; requires model-specific runtime fixture,REVIEW_REQUIRED,addons/pm_qms_calibration/models/impact_assessment.py,5
pm_qms_calibration,pm.qms.calibration.impact.assessment,concrete,qms_viewer,create,role-and-scope-specific,static,Source inventory only; requires model-specific runtime fixture,REVIEW_REQUIRED,addons/pm_qms_calibration/models/impact_assessment.py,5
pm_qms_calibration,pm.qms.calibration.impact.assessment,concrete,qms_viewer,write,role-and-scope-specific,static,Source inventory only; requires model-specific runtime fixture,REVIEW_REQUIRED,addons/pm_qms_calibration/models/impact_assessment.py,5
pm_qms_calibration,pm.qms.calibration.impact.assessment,concrete,qms_viewer,unlink,role-and-scope-specific,static,Source inventory only; requires model-specific runtime fixture,REVIEW_REQUIRED,addons/pm_qms_calibration/models/impact_assessment.py,5
pm_qms_calibration,pm.qms.calibration.impact.assessment,concrete,quality_supervisor,read,role-and-scope-specific,static,Source inventory only; requires model-specific runtime fixture,REVIEW_REQUIRED,addons/pm_qms_calibration/models/impact_assessment.py,5
pm_qms_calibration,pm.qms.calibration.impact.assessment,concrete,quality_supervisor,create,role-and-scope-specific,static,Source inventory only; requires model-specific runtime fixture,REVIEW_REQUIRED,addons/pm_qms_calibration/models/impact_assessment.py,5
pm_qms_calibration,pm.qms.calibration.impact.assessment,concrete,quality_supervisor,write,role-and-scope-specific,static,Source inventory only; requires model-specific runtime fixture,REVIEW_REQUIRED,addons/pm_qms_calibration/models/impact_assessment.py,5
pm_qms_calibration,pm.qms.calibration.impact.assessment,concrete,quality_supervisor,unlink,role-and-scope-specific,static,Source inventory only; requires model-specific runtime fixture,REVIEW_REQUIRED,addons/pm_qms_calibration/models/impact_assessment.py,5
pm_qms_calibration,pm.qms.calibration.impact.assessment,concrete,quality_manager,read,role-and-scope-specific,static,Source inventory only; requires model-specific runtime fixture,REVIEW_REQUIRED,addons/pm_qms_calibration/models/impact_assessment.py,5
pm_qms_calibration,pm.qms.calibration.impact.assessment,concrete,quality_manager,create,role-and-scope-specific,static,Source inventory only; requires model-specific runtime fixture,REVIEW_REQUIRED,addons/pm_qms_calibration/models/impact_assessment.py,5
pm_qms_calibration,pm.qms.calibration.impact.assessment,concrete,quality_manager,write,role-and-scope-specific,static,Source inventory only; requires model-specific runtime fixture,REVIEW_REQUIRED,addons/pm_qms_calibration/models/impact_assessment.py,5
pm_qms_calibration,pm.qms.calibration.impact.assessment,concrete,quality_manager,unlink,role-and-scope-specific,static,Source inventory only; requires model-specific runtime fixture,REVIEW_REQUIRED,addons/pm_qms_calibration/models/impact_assessment.py,5
pm_qms_calibration,pm.qms.calibration.impact.assessment,concrete,qms_administrator,read,role-and-scope-specific,static,Source inventory only; requires model-specific runtime fixture,REVIEW_REQUIRED,addons/pm_qms_calibration/models/impact_assessment.py,5
pm_qms_calibration,pm.qms.calibration.impact.assessment,concrete,qms_administrator,create,role-and-scope-specific,static,Source inventory only; requires model-specific runtime fixture,REVIEW_REQUIRED,addons/pm_qms_calibration/models/impact_assessment.py,5
pm_qms_calibration,pm.qms.calibration.impact.assessment,concrete,qms_administrator,write,role-and-scope-specific,static,Source inventory only; requires model-specific runtime fixture,REVIEW_REQUIRED,addons/pm_qms_calibration/models/impact_assessment.py,5
pm_qms_calibration,pm.qms.calibration.impact.assessment,concrete,qms_administrator,unlink,role-and-scope-specific,static,Source inventory only; requires model-specific runtime fixture,REVIEW_REQUIRED,addons/pm_qms_calibration/models/impact_assessment.py,5
pm_qms_calibration,pm.qms.calibration.impact.assessment,concrete,qms_licensing_administrator,read,role-and-scope-specific,static,Source inventory only; requires model-specific runtime fixture,REVIEW_REQUIRED,addons/pm_qms_calibration/models/impact_assessment.py,5
pm_qms_calibration,pm.qms.calibration.impact.assessment,concrete,qms_licensing_administrator,create,role-and-scope-specific,static,Source inventory only; requires model-specific runtime fixture,REVIEW_REQUIRED,addons/pm_qms_calibration/models/impact_assessment.py,5
pm_qms_calibration,pm.qms.calibration.impact.assessment,concrete,qms_licensing_administrator,write,role-and-scope-specific,static,Source inventory only; requires model-specific runtime fixture,REVIEW_REQUIRED,addons/pm_qms_calibration/models/impact_assessment.py,5
pm_qms_calibration,pm.qms.calibration.impact.assessment,concrete,qms_licensing_administrator,unlink,role-and-scope-specific,static,Source inventory only; requires model-specific runtime fixture,REVIEW_REQUIRED,addons/pm_qms_calibration/models/impact_assessment.py,5
pm_qms_calibration,pm.qms.calibration.impact.assessment,concrete,odoo_system_administrator,read,role-and-scope-specific,static,Source inventory only; requires model-specific runtime fixture,REVIEW_REQUIRED,addons/pm_qms_calibration/models/impact_assessment.py,5
pm_qms_calibration,pm.qms.calibration.impact.assessment,concrete,odoo_system_administrator,create,role-and-scope-specific,static,Source inventory only; requires model-specific runtime fixture,REVIEW_REQUIRED,addons/pm_qms_calibration/models/impact_assessment.py,5
pm_qms_calibration,pm.qms.calibration.impact.assessment,concrete,odoo_system_administrator,write,role-and-scope-specific,static,Source inventory only; requires model-specific runtime fixture,REVIEW_REQUIRED,addons/pm_qms_calibration/models/impact_assessment.py,5
pm_qms_calibration,pm.qms.calibration.impact.assessment,concrete,odoo_system_administrator,unlink,role-and-scope-specific,static,Source inventory only; requires model-specific runtime fixture,REVIEW_REQUIRED,addons/pm_qms_calibration/models/impact_assessment.py,5
pm_qms_calibration,pm.qms.calibration.measurement.line,concrete,public,read,deny,runtime,TestM27Security.test_public_and_portal_have_no_qms_model_or_side_channel_access,PASS,addons/pm_qms_calibration/models/calibration_event.py,213
pm_qms_calibration,pm.qms.calibration.measurement.line,concrete,public,create,deny,runtime,TestM27Security.test_public_and_portal_have_no_qms_model_or_side_channel_access,PASS,addons/pm_qms_calibration/models/calibration_event.py,213
pm_qms_calibration,pm.qms.calibration.measurement.line,concrete,public,write,deny,runtime,TestM27Security.test_public_and_portal_have_no_qms_model_or_side_channel_access,PASS,addons/pm_qms_calibration/models/calibration_event.py,213
pm_qms_calibration,pm.qms.calibration.measurement.line,concrete,public,unlink,deny,runtime,TestM27Security.test_public_and_portal_have_no_qms_model_or_side_channel_access,PASS,addons/pm_qms_calibration/models/calibration_event.py,213
pm_qms_calibration,pm.qms.calibration.measurement.line,concrete,portal,read,deny,runtime,TestM27Security.test_public_and_portal_have_no_qms_model_or_side_channel_access,PASS,addons/pm_qms_calibration/models/calibration_event.py,213
pm_qms_calibration,pm.qms.calibration.measurement.line,concrete,portal,create,deny,runtime,TestM27Security.test_public_and_portal_have_no_qms_model_or_side_channel_access,PASS,addons/pm_qms_calibration/models/calibration_event.py,213
pm_qms_calibration,pm.qms.calibration.measurement.line,concrete,portal,write,deny,runtime,TestM27Security.test_public_and_portal_have_no_qms_model_or_side_channel_access,PASS,addons/pm_qms_calibration/models/calibration_event.py,213
pm_qms_calibration,pm.qms.calibration.measurement.line,concrete,portal,unlink,deny,runtime,TestM27Security.test_public_and_portal_have_no_qms_model_or_side_channel_access,PASS,addons/pm_qms_calibration/models/calibration_event.py,213
pm_qms_calibration,pm.qms.calibration.measurement.line,concrete,qms_user,read,role-and-scope-specific,static,Source inventory only; requires model-specific runtime fixture,REVIEW_REQUIRED,addons/pm_qms_calibration/models/calibration_event.py,213
pm_qms_calibration,pm.qms.calibration.measurement.line,concrete,qms_user,create,role-and-scope-specific,static,Source inventory only; requires model-specific runtime fixture,REVIEW_REQUIRED,addons/pm_qms_calibration/models/calibration_event.py,213
pm_qms_calibration,pm.qms.calibration.measurement.line,concrete,qms_user,write,role-and-scope-specific,static,Source inventory only; requires model-specific runtime fixture,REVIEW_REQUIRED,addons/pm_qms_calibration/models/calibration_event.py,213
pm_qms_calibration,pm.qms.calibration.measurement.line,concrete,qms_user,unlink,role-and-scope-specific,static,Source inventory only; requires model-specific runtime fixture,REVIEW_REQUIRED,addons/pm_qms_calibration/models/calibration_event.py,213
pm_qms_calibration,pm.qms.calibration.measurement.line,concrete,qms_viewer,read,role-and-scope-specific,static,Source inventory only; requires model-specific runtime fixture,REVIEW_REQUIRED,addons/pm_qms_calibration/models/calibration_event.py,213
pm_qms_calibration,pm.qms.calibration.measurement.line,concrete,qms_viewer,create,role-and-scope-specific,static,Source inventory only; requires model-specific runtime fixture,REVIEW_REQUIRED,addons/pm_qms_calibration/models/calibration_event.py,213
pm_qms_calibration,pm.qms.calibration.measurement.line,concrete,qms_viewer,write,role-and-scope-specific,static,Source inventory only; requires model-specific runtime fixture,REVIEW_REQUIRED,addons/pm_qms_calibration/models/calibration_event.py,213
pm_qms_calibration,pm.qms.calibration.measurement.line,concrete,qms_viewer,unlink,role-and-scope-specific,static,Source inventory only; requires model-specific runtime fixture,REVIEW_REQUIRED,addons/pm_qms_calibration/models/calibration_event.py,213
pm_qms_calibration,pm.qms.calibration.measurement.line,concrete,quality_supervisor,read,role-and-scope-specific,static,Source inventory only; requires model-specific runtime fixture,REVIEW_REQUIRED,addons/pm_qms_calibration/models/calibration_event.py,213
pm_qms_calibration,pm.qms.calibration.measurement.line,concrete,quality_supervisor,create,role-and-scope-specific,static,Source inventory only; requires model-specific runtime fixture,REVIEW_REQUIRED,addons/pm_qms_calibration/models/calibration_event.py,213
pm_qms_calibration,pm.qms.calibration.measurement.line,concrete,quality_supervisor,write,role-and-scope-specific,static,Source inventory only; requires model-specific runtime fixture,REVIEW_REQUIRED,addons/pm_qms_calibration/models/calibration_event.py,213
pm_qms_calibration,pm.qms.calibration.measurement.line,concrete,quality_supervisor,unlink,role-and-scope-specific,static,Source inventory only; requires model-specific runtime fixture,REVIEW_REQUIRED,addons/pm_qms_calibration/models/calibration_event.py,213
pm_qms_calibration,pm.qms.calibration.measurement.line,concrete,quality_manager,read,role-and-scope-specific,static,Source inventory only; requires model-specific runtime fixture,REVIEW_REQUIRED,addons/pm_qms_calibration/models/calibration_event.py,213
pm_qms_calibration,pm.qms.calibration.measurement.line,concrete,quality_manager,create,role-and-scope-specific,static,Source inventory only; requires model-specific runtime fixture,REVIEW_REQUIRED,addons/pm_qms_calibration/models/calibration_event.py,213
pm_qms_calibration,pm.qms.calibration.measurement.line,concrete,quality_manager,write,role-and-scope-specific,static,Source inventory only; requires model-specific runtime fixture,REVIEW_REQUIRED,addons/pm_qms_calibration/models/calibration_event.py,213
pm_qms_calibration,pm.qms.calibration.measurement.line,concrete,quality_manager,unlink,role-and-scope-specific,static,Source inventory only; requires model-specific runtime fixture,REVIEW_REQUIRED,addons/pm_qms_calibration/models/calibration_event.py,213
pm_qms_calibration,pm.qms.calibration.measurement.line,concrete,qms_administrator,read,role-and-scope-specific,static,Source inventory only; requires model-specific runtime fixture,REVIEW_REQUIRED,addons/pm_qms_calibration/models/calibration_event.py,213
pm_qms_calibration,pm.qms.calibration.measurement.line,concrete,qms_administrator,create,role-and-scope-specific,static,Source inventory only; requires model-specific runtime fixture,REVIEW_REQUIRED,addons/pm_qms_calibration/models/calibration_event.py,213
pm_qms_calibration,pm.qms.calibration.measurement.line,concrete,qms_administrator,write,role-and-scope-specific,static,Source inventory only; requires model-specific runtime fixture,REVIEW_REQUIRED,addons/pm_qms_calibration/models/calibration_event.py,213
pm_qms_calibration,pm.qms.calibration.measurement.line,concrete,qms_administrator,unlink,role-and-scope-specific,static,Source inventory only; requires model-specific runtime fixture,REVIEW_REQUIRED,addons/pm_qms_calibration/models/calibration_event.py,213
pm_qms_calibration,pm.qms.calibration.measurement.line,concrete,qms_licensing_administrator,read,role-and-scope-specific,static,Source inventory only; requires model-specific runtime fixture,REVIEW_REQUIRED,addons/pm_qms_calibration/models/calibration_event.py,213
pm_qms_calibration,pm.qms.calibration.measurement.line,concrete,qms_licensing_administrator,create,role-and-scope-specific,static,Source inventory only; requires model-specific runtime fixture,REVIEW_REQUIRED,addons/pm_qms_calibration/models/calibration_event.py,213
pm_qms_calibration,pm.qms.calibration.measurement.line,concrete,qms_licensing_administrator,write,role-and-scope-specific,static,Source inventory only; requires model-specific runtime fixture,REVIEW_REQUIRED,addons/pm_qms_calibration/models/calibration_event.py,213
pm_qms_calibration,pm.qms.calibration.measurement.line,concrete,qms_licensing_administrator,unlink,role-and-scope-specific,static,Source inventory only; requires model-specific runtime fixture,REVIEW_REQUIRED,addons/pm_qms_calibration/models/calibration_event.py,213
pm_qms_calibration,pm.qms.calibration.measurement.line,concrete,odoo_system_administrator,read,role-and-scope-specific,static,Source inventory only; requires model-specific runtime fixture,REVIEW_REQUIRED,addons/pm_qms_calibration/models/calibration_event.py,213
pm_qms_calibration,pm.qms.calibration.measurement.line,concrete,odoo_system_administrator,create,role-and-scope-specific,static,Source inventory only; requires model-specific runtime fixture,REVIEW_REQUIRED,addons/pm_qms_calibration/models/calibration_event.py,213
pm_qms_calibration,pm.qms.calibration.measurement.line,concrete,odoo_system_administrator,write,role-and-scope-specific,static,Source inventory only; requires model-specific runtime fixture,REVIEW_REQUIRED,addons/pm_qms_calibration/models/calibration_event.py,213
pm_qms_calibration,pm.qms.calibration.measurement.line,concrete,odoo_system_administrator,unlink,role-and-scope-specific,static,Source inventory only; requires model-specific runtime fixture,REVIEW_REQUIRED,addons/pm_qms_calibration/models/calibration_event.py,213
pm_qms_calibration,pm.qms.calibration.provider,concrete,public,read,deny,runtime,TestM27Security.test_public_and_portal_have_no_qms_model_or_side_channel_access,PASS,addons/pm_qms_calibration/models/equipment.py,24
pm_qms_calibration,pm.qms.calibration.provider,concrete,public,create,deny,runtime,TestM27Security.test_public_and_portal_have_no_qms_model_or_side_channel_access,PASS,addons/pm_qms_calibration/models/equipment.py,24
pm_qms_calibration,pm.qms.calibration.provider,concrete,public,write,deny,runtime,TestM27Security.test_public_and_portal_have_no_qms_model_or_side_channel_access,PASS,addons/pm_qms_calibration/models/equipment.py,24
pm_qms_calibration,pm.qms.calibration.provider,concrete,public,unlink,deny,runtime,TestM27Security.test_public_and_portal_have_no_qms_model_or_side_channel_access,PASS,addons/pm_qms_calibration/models/equipment.py,24
pm_qms_calibration,pm.qms.calibration.provider,concrete,portal,read,deny,runtime,TestM27Security.test_public_and_portal_have_no_qms_model_or_side_channel_access,PASS,addons/pm_qms_calibration/models/equipment.py,24
pm_qms_calibration,pm.qms.calibration.provider,concrete,portal,create,deny,runtime,TestM27Security.test_public_and_portal_have_no_qms_model_or_side_channel_access,PASS,addons/pm_qms_calibration/models/equipment.py,24
pm_qms_calibration,pm.qms.calibration.provider,concrete,portal,write,deny,runtime,TestM27Security.test_public_and_portal_have_no_qms_model_or_side_channel_access,PASS,addons/pm_qms_calibration/models/equipment.py,24
pm_qms_calibration,pm.qms.calibration.provider,concrete,portal,unlink,deny,runtime,TestM27Security.test_public_and_portal_have_no_qms_model_or_side_channel_access,PASS,addons/pm_qms_calibration/models/equipment.py,24
pm_qms_calibration,pm.qms.calibration.provider,concrete,qms_user,read,role-and-scope-specific,static,Source inventory only; requires model-specific runtime fixture,REVIEW_REQUIRED,addons/pm_qms_calibration/models/equipment.py,24
pm_qms_calibration,pm.qms.calibration.provider,concrete,qms_user,create,role-and-scope-specific,static,Source inventory only; requires model-specific runtime fixture,REVIEW_REQUIRED,addons/pm_qms_calibration/models/equipment.py,24
pm_qms_calibration,pm.qms.calibration.provider,concrete,qms_user,write,role-and-scope-specific,static,Source inventory only; requires model-specific runtime fixture,REVIEW_REQUIRED,addons/pm_qms_calibration/models/equipment.py,24
pm_qms_calibration,pm.qms.calibration.provider,concrete,qms_user,unlink,role-and-scope-specific,static,Source inventory only; requires model-specific runtime fixture,REVIEW_REQUIRED,addons/pm_qms_calibration/models/equipment.py,24
pm_qms_calibration,pm.qms.calibration.provider,concrete,qms_viewer,read,role-and-scope-specific,static,Source inventory only; requires model-specific runtime fixture,REVIEW_REQUIRED,addons/pm_qms_calibration/models/equipment.py,24
pm_qms_calibration,pm.qms.calibration.provider,concrete,qms_viewer,create,role-and-scope-specific,static,Source inventory only; requires model-specific runtime fixture,REVIEW_REQUIRED,addons/pm_qms_calibration/models/equipment.py,24
pm_qms_calibration,pm.qms.calibration.provider,concrete,qms_viewer,write,role-and-scope-specific,static,Source inventory only; requires model-specific runtime fixture,REVIEW_REQUIRED,addons/pm_qms_calibration/models/equipment.py,24
pm_qms_calibration,pm.qms.calibration.provider,concrete,qms_viewer,unlink,role-and-scope-specific,static,Source inventory only; requires model-specific runtime fixture,REVIEW_REQUIRED,addons/pm_qms_calibration/models/equipment.py,24
pm_qms_calibration,pm.qms.calibration.provider,concrete,quality_supervisor,read,role-and-scope-specific,static,Source inventory only; requires model-specific runtime fixture,REVIEW_REQUIRED,addons/pm_qms_calibration/models/equipment.py,24
pm_qms_calibration,pm.qms.calibration.provider,concrete,quality_supervisor,create,role-and-scope-specific,static,Source inventory only; requires model-specific runtime fixture,REVIEW_REQUIRED,addons/pm_qms_calibration/models/equipment.py,24
pm_qms_calibration,pm.qms.calibration.provider,concrete,quality_supervisor,write,role-and-scope-specific,static,Source inventory only; requires model-specific runtime fixture,REVIEW_REQUIRED,addons/pm_qms_calibration/models/equipment.py,24
pm_qms_calibration,pm.qms.calibration.provider,concrete,quality_supervisor,unlink,role-and-scope-specific,static,Source inventory only; requires model-specific runtime fixture,REVIEW_REQUIRED,addons/pm_qms_calibration/models/equipment.py,24
pm_qms_calibration,pm.qms.calibration.provider,concrete,quality_manager,read,role-and-scope-specific,static,Source inventory only; requires model-specific runtime fixture,REVIEW_REQUIRED,addons/pm_qms_calibration/models/equipment.py,24
pm_qms_calibration,pm.qms.calibration.provider,concrete,quality_manager,create,role-and-scope-specific,static,Source inventory only; requires model-specific runtime fixture,REVIEW_REQUIRED,addons/pm_qms_calibration/models/equipment.py,24
pm_qms_calibration,pm.qms.calibration.provider,concrete,quality_manager,write,role-and-scope-specific,static,Source inventory only; requires model-specific runtime fixture,REVIEW_REQUIRED,addons/pm_qms_calibration/models/equipment.py,24
pm_qms_calibration,pm.qms.calibration.provider,concrete,quality_manager,unlink,role-and-scope-specific,static,Source inventory only; requires model-specific runtime fixture,REVIEW_REQUIRED,addons/pm_qms_calibration/models/equipment.py,24
pm_qms_calibration,pm.qms.calibration.provider,concrete,qms_administrator,read,role-and-scope-specific,static,Source inventory only; requires model-specific runtime fixture,REVIEW_REQUIRED,addons/pm_qms_calibration/models/equipment.py,24
pm_qms_calibration,pm.qms.calibration.provider,concrete,qms_administrator,create,role-and-scope-specific,static,Source inventory only; requires model-specific runtime fixture,REVIEW_REQUIRED,addons/pm_qms_calibration/models/equipment.py,24
pm_qms_calibration,pm.qms.calibration.provider,concrete,qms_administrator,write,role-and-scope-specific,static,Source inventory only; requires model-specific runtime fixture,REVIEW_REQUIRED,addons/pm_qms_calibration/models/equipment.py,24
pm_qms_calibration,pm.qms.calibration.provider,concrete,qms_administrator,unlink,role-and-scope-specific,static,Source inventory only; requires model-specific runtime fixture,REVIEW_REQUIRED,addons/pm_qms_calibration/models/equipment.py,24
pm_qms_calibration,pm.qms.calibration.provider,concrete,qms_licensing_administrator,read,role-and-scope-specific,static,Source inventory only; requires model-specific runtime fixture,REVIEW_REQUIRED,addons/pm_qms_calibration/models/equipment.py,24
pm_qms_calibration,pm.qms.calibration.provider,concrete,qms_licensing_administrator,create,role-and-scope-specific,static,Source inventory only; requires model-specific runtime fixture,REVIEW_REQUIRED,addons/pm_qms_calibration/models/equipment.py,24
pm_qms_calibration,pm.qms.calibration.provider,concrete,qms_licensing_administrator,write,role-and-scope-specific,static,Source inventory only; requires model-specific runtime fixture,REVIEW_REQUIRED,addons/pm_qms_calibration/models/equipment.py,24
pm_qms_calibration,pm.qms.calibration.provider,concrete,qms_licensing_administrator,unlink,role-and-scope-specific,static,Source inventory only; requires model-specific runtime fixture,REVIEW_REQUIRED,addons/pm_qms_calibration/models/equipment.py,24
pm_qms_calibration,pm.qms.calibration.provider,concrete,odoo_system_administrator,read,role-and-scope-specific,static,Source inventory only; requires model-specific runtime fixture,REVIEW_REQUIRED,addons/pm_qms_calibration/models/equipment.py,24
pm_qms_calibration,pm.qms.calibration.provider,concrete,odoo_system_administrator,create,role-and-scope-specific,static,Source inventory only; requires model-specific runtime fixture,REVIEW_REQUIRED,addons/pm_qms_calibration/models/equipment.py,24
pm_qms_calibration,pm.qms.calibration.provider,concrete,odoo_system_administrator,write,role-and-scope-specific,static,Source inventory only; requires model-specific runtime fixture,REVIEW_REQUIRED,addons/pm_qms_calibration/models/equipment.py,24
pm_qms_calibration,pm.qms.calibration.provider,concrete,odoo_system_administrator,unlink,role-and-scope-specific,static,Source inventory only; requires model-specific runtime fixture,REVIEW_REQUIRED,addons/pm_qms_calibration/models/equipment.py,24
pm_qms_capa,pm.qms.capa,concrete,public,read,deny,runtime,TestM27Security.test_public_and_portal_have_no_qms_model_or_side_channel_access,PASS,addons/pm_qms_capa/models/capa.py,8
pm_qms_capa,pm.qms.capa,concrete,public,create,deny,runtime,TestM27Security.test_public_and_portal_have_no_qms_model_or_side_channel_access,PASS,addons/pm_qms_capa/models/capa.py,8
pm_qms_capa,pm.qms.capa,concrete,public,write,deny,runtime,TestM27Security.test_public_and_portal_have_no_qms_model_or_side_channel_access,PASS,addons/pm_qms_capa/models/capa.py,8
pm_qms_capa,pm.qms.capa,concrete,public,unlink,deny,runtime,TestM27Security.test_public_and_portal_have_no_qms_model_or_side_channel_access,PASS,addons/pm_qms_capa/models/capa.py,8
pm_qms_capa,pm.qms.capa,concrete,portal,read,deny,runtime,TestM27Security.test_public_and_portal_have_no_qms_model_or_side_channel_access,PASS,addons/pm_qms_capa/models/capa.py,8
pm_qms_capa,pm.qms.capa,concrete,portal,create,deny,runtime,TestM27Security.test_public_and_portal_have_no_qms_model_or_side_channel_access,PASS,addons/pm_qms_capa/models/capa.py,8
pm_qms_capa,pm.qms.capa,concrete,portal,write,deny,runtime,TestM27Security.test_public_and_portal_have_no_qms_model_or_side_channel_access,PASS,addons/pm_qms_capa/models/capa.py,8
pm_qms_capa,pm.qms.capa,concrete,portal,unlink,deny,runtime,TestM27Security.test_public_and_portal_have_no_qms_model_or_side_channel_access,PASS,addons/pm_qms_capa/models/capa.py,8
pm_qms_capa,pm.qms.capa,concrete,qms_user,read,role-and-scope-specific,static,Source inventory only; requires model-specific runtime fixture,REVIEW_REQUIRED,addons/pm_qms_capa/models/capa.py,8
pm_qms_capa,pm.qms.capa,concrete,qms_user,create,role-and-scope-specific,static,Source inventory only; requires model-specific runtime fixture,REVIEW_REQUIRED,addons/pm_qms_capa/models/capa.py,8
pm_qms_capa,pm.qms.capa,concrete,qms_user,write,role-and-scope-specific,static,Source inventory only; requires model-specific runtime fixture,REVIEW_REQUIRED,addons/pm_qms_capa/models/capa.py,8
pm_qms_capa,pm.qms.capa,concrete,qms_user,unlink,role-and-scope-specific,static,Source inventory only; requires model-specific runtime fixture,REVIEW_REQUIRED,addons/pm_qms_capa/models/capa.py,8
pm_qms_capa,pm.qms.capa,concrete,qms_viewer,read,role-and-scope-specific,static,Source inventory only; requires model-specific runtime fixture,REVIEW_REQUIRED,addons/pm_qms_capa/models/capa.py,8
pm_qms_capa,pm.qms.capa,concrete,qms_viewer,create,role-and-scope-specific,static,Source inventory only; requires model-specific runtime fixture,REVIEW_REQUIRED,addons/pm_qms_capa/models/capa.py,8
pm_qms_capa,pm.qms.capa,concrete,qms_viewer,write,role-and-scope-specific,static,Source inventory only; requires model-specific runtime fixture,REVIEW_REQUIRED,addons/pm_qms_capa/models/capa.py,8
pm_qms_capa,pm.qms.capa,concrete,qms_viewer,unlink,role-and-scope-specific,static,Source inventory only; requires model-specific runtime fixture,REVIEW_REQUIRED,addons/pm_qms_capa/models/capa.py,8
pm_qms_capa,pm.qms.capa,concrete,quality_supervisor,read,role-and-scope-specific,static,Source inventory only; requires model-specific runtime fixture,REVIEW_REQUIRED,addons/pm_qms_capa/models/capa.py,8
pm_qms_capa,pm.qms.capa,concrete,quality_supervisor,create,role-and-scope-specific,static,Source inventory only; requires model-specific runtime fixture,REVIEW_REQUIRED,addons/pm_qms_capa/models/capa.py,8
pm_qms_capa,pm.qms.capa,concrete,quality_supervisor,write,role-and-scope-specific,static,Source inventory only; requires model-specific runtime fixture,REVIEW_REQUIRED,addons/pm_qms_capa/models/capa.py,8
pm_qms_capa,pm.qms.capa,concrete,quality_supervisor,unlink,role-and-scope-specific,static,Source inventory only; requires model-specific runtime fixture,REVIEW_REQUIRED,addons/pm_qms_capa/models/capa.py,8
pm_qms_capa,pm.qms.capa,concrete,quality_manager,read,role-and-scope-specific,static,Source inventory only; requires model-specific runtime fixture,REVIEW_REQUIRED,addons/pm_qms_capa/models/capa.py,8
pm_qms_capa,pm.qms.capa,concrete,quality_manager,create,role-and-scope-specific,static,Source inventory only; requires model-specific runtime fixture,REVIEW_REQUIRED,addons/pm_qms_capa/models/capa.py,8
pm_qms_capa,pm.qms.capa,concrete,quality_manager,write,role-and-scope-specific,static,Source inventory only; requires model-specific runtime fixture,REVIEW_REQUIRED,addons/pm_qms_capa/models/capa.py,8
pm_qms_capa,pm.qms.capa,concrete,quality_manager,unlink,role-and-scope-specific,static,Source inventory only; requires model-specific runtime fixture,REVIEW_REQUIRED,addons/pm_qms_capa/models/capa.py,8
pm_qms_capa,pm.qms.capa,concrete,qms_administrator,read,role-and-scope-specific,static,Source inventory only; requires model-specific runtime fixture,REVIEW_REQUIRED,addons/pm_qms_capa/models/capa.py,8
pm_qms_capa,pm.qms.capa,concrete,qms_administrator,create,role-and-scope-specific,static,Source inventory only; requires model-specific runtime fixture,REVIEW_REQUIRED,addons/pm_qms_capa/models/capa.py,8
pm_qms_capa,pm.qms.capa,concrete,qms_administrator,write,role-and-scope-specific,static,Source inventory only; requires model-specific runtime fixture,REVIEW_REQUIRED,addons/pm_qms_capa/models/capa.py,8
pm_qms_capa,pm.qms.capa,concrete,qms_administrator,unlink,role-and-scope-specific,static,Source inventory only; requires model-specific runtime fixture,REVIEW_REQUIRED,addons/pm_qms_capa/models/capa.py,8
pm_qms_capa,pm.qms.capa,concrete,qms_licensing_administrator,read,role-and-scope-specific,static,Source inventory only; requires model-specific runtime fixture,REVIEW_REQUIRED,addons/pm_qms_capa/models/capa.py,8
pm_qms_capa,pm.qms.capa,concrete,qms_licensing_administrator,create,role-and-scope-specific,static,Source inventory only; requires model-specific runtime fixture,REVIEW_REQUIRED,addons/pm_qms_capa/models/capa.py,8
pm_qms_capa,pm.qms.capa,concrete,qms_licensing_administrator,write,role-and-scope-specific,static,Source inventory only; requires model-specific runtime fixture,REVIEW_REQUIRED,addons/pm_qms_capa/models/capa.py,8
pm_qms_capa,pm.qms.capa,concrete,qms_licensing_administrator,unlink,role-and-scope-specific,static,Source inventory only; requires model-specific runtime fixture,REVIEW_REQUIRED,addons/pm_qms_capa/models/capa.py,8
pm_qms_capa,pm.qms.capa,concrete,odoo_system_administrator,read,role-and-scope-specific,static,Source inventory only; requires model-specific runtime fixture,REVIEW_REQUIRED,addons/pm_qms_capa/models/capa.py,8
pm_qms_capa,pm.qms.capa,concrete,odoo_system_administrator,create,role-and-scope-specific,static,Source inventory only; requires model-specific runtime fixture,REVIEW_REQUIRED,addons/pm_qms_capa/models/capa.py,8
pm_qms_capa,pm.qms.capa,concrete,odoo_system_administrator,write,role-and-scope-specific,static,Source inventory only; requires model-specific runtime fixture,REVIEW_REQUIRED,addons/pm_qms_capa/models/capa.py,8
pm_qms_capa,pm.qms.capa,concrete,odoo_system_administrator,unlink,role-and-scope-specific,static,Source inventory only; requires model-specific runtime fixture,REVIEW_REQUIRED,addons/pm_qms_capa/models/capa.py,8
pm_qms_capa,pm.qms.capa.action,concrete,public,read,deny,runtime,TestM27Security.test_public_and_portal_have_no_qms_model_or_side_channel_access,PASS,addons/pm_qms_capa/models/capa_action.py,5
pm_qms_capa,pm.qms.capa.action,concrete,public,create,deny,runtime,TestM27Security.test_public_and_portal_have_no_qms_model_or_side_channel_access,PASS,addons/pm_qms_capa/models/capa_action.py,5
pm_qms_capa,pm.qms.capa.action,concrete,public,write,deny,runtime,TestM27Security.test_public_and_portal_have_no_qms_model_or_side_channel_access,PASS,addons/pm_qms_capa/models/capa_action.py,5
pm_qms_capa,pm.qms.capa.action,concrete,public,unlink,deny,runtime,TestM27Security.test_public_and_portal_have_no_qms_model_or_side_channel_access,PASS,addons/pm_qms_capa/models/capa_action.py,5
pm_qms_capa,pm.qms.capa.action,concrete,portal,read,deny,runtime,TestM27Security.test_public_and_portal_have_no_qms_model_or_side_channel_access,PASS,addons/pm_qms_capa/models/capa_action.py,5
pm_qms_capa,pm.qms.capa.action,concrete,portal,create,deny,runtime,TestM27Security.test_public_and_portal_have_no_qms_model_or_side_channel_access,PASS,addons/pm_qms_capa/models/capa_action.py,5
pm_qms_capa,pm.qms.capa.action,concrete,portal,write,deny,runtime,TestM27Security.test_public_and_portal_have_no_qms_model_or_side_channel_access,PASS,addons/pm_qms_capa/models/capa_action.py,5
pm_qms_capa,pm.qms.capa.action,concrete,portal,unlink,deny,runtime,TestM27Security.test_public_and_portal_have_no_qms_model_or_side_channel_access,PASS,addons/pm_qms_capa/models/capa_action.py,5
pm_qms_capa,pm.qms.capa.action,concrete,qms_user,read,role-and-scope-specific,static,Source inventory only; requires model-specific runtime fixture,REVIEW_REQUIRED,addons/pm_qms_capa/models/capa_action.py,5
pm_qms_capa,pm.qms.capa.action,concrete,qms_user,create,role-and-scope-specific,static,Source inventory only; requires model-specific runtime fixture,REVIEW_REQUIRED,addons/pm_qms_capa/models/capa_action.py,5
pm_qms_capa,pm.qms.capa.action,concrete,qms_user,write,role-and-scope-specific,static,Source inventory only; requires model-specific runtime fixture,REVIEW_REQUIRED,addons/pm_qms_capa/models/capa_action.py,5
pm_qms_capa,pm.qms.capa.action,concrete,qms_user,unlink,role-and-scope-specific,static,Source inventory only; requires model-specific runtime fixture,REVIEW_REQUIRED,addons/pm_qms_capa/models/capa_action.py,5
pm_qms_capa,pm.qms.capa.action,concrete,qms_viewer,read,role-and-scope-specific,static,Source inventory only; requires model-specific runtime fixture,REVIEW_REQUIRED,addons/pm_qms_capa/models/capa_action.py,5
pm_qms_capa,pm.qms.capa.action,concrete,qms_viewer,create,role-and-scope-specific,static,Source inventory only; requires model-specific runtime fixture,REVIEW_REQUIRED,addons/pm_qms_capa/models/capa_action.py,5
pm_qms_capa,pm.qms.capa.action,concrete,qms_viewer,write,role-and-scope-specific,static,Source inventory only; requires model-specific runtime fixture,REVIEW_REQUIRED,addons/pm_qms_capa/models/capa_action.py,5
pm_qms_capa,pm.qms.capa.action,concrete,qms_viewer,unlink,role-and-scope-specific,static,Source inventory only; requires model-specific runtime fixture,REVIEW_REQUIRED,addons/pm_qms_capa/models/capa_action.py,5
pm_qms_capa,pm.qms.capa.action,concrete,quality_supervisor,read,role-and-scope-specific,static,Source inventory only; requires model-specific runtime fixture,REVIEW_REQUIRED,addons/pm_qms_capa/models/capa_action.py,5
pm_qms_capa,pm.qms.capa.action,concrete,quality_supervisor,create,role-and-scope-specific,static,Source inventory only; requires model-specific runtime fixture,REVIEW_REQUIRED,addons/pm_qms_capa/models/capa_action.py,5
pm_qms_capa,pm.qms.capa.action,concrete,quality_supervisor,write,role-and-scope-specific,static,Source inventory only; requires model-specific runtime fixture,REVIEW_REQUIRED,addons/pm_qms_capa/models/capa_action.py,5
pm_qms_capa,pm.qms.capa.action,concrete,quality_supervisor,unlink,role-and-scope-specific,static,Source inventory only; requires model-specific runtime fixture,REVIEW_REQUIRED,addons/pm_qms_capa/models/capa_action.py,5
pm_qms_capa,pm.qms.capa.action,concrete,quality_manager,read,role-and-scope-specific,static,Source inventory only; requires model-specific runtime fixture,REVIEW_REQUIRED,addons/pm_qms_capa/models/capa_action.py,5
pm_qms_capa,pm.qms.capa.action,concrete,quality_manager,create,role-and-scope-specific,static,Source inventory only; requires model-specific runtime fixture,REVIEW_REQUIRED,addons/pm_qms_capa/models/capa_action.py,5
pm_qms_capa,pm.qms.capa.action,concrete,quality_manager,write,role-and-scope-specific,static,Source inventory only; requires model-specific runtime fixture,REVIEW_REQUIRED,addons/pm_qms_capa/models/capa_action.py,5
pm_qms_capa,pm.qms.capa.action,concrete,quality_manager,unlink,role-and-scope-specific,static,Source inventory only; requires model-specific runtime fixture,REVIEW_REQUIRED,addons/pm_qms_capa/models/capa_action.py,5
pm_qms_capa,pm.qms.capa.action,concrete,qms_administrator,read,role-and-scope-specific,static,Source inventory only; requires model-specific runtime fixture,REVIEW_REQUIRED,addons/pm_qms_capa/models/capa_action.py,5
pm_qms_capa,pm.qms.capa.action,concrete,qms_administrator,create,role-and-scope-specific,static,Source inventory only; requires model-specific runtime fixture,REVIEW_REQUIRED,addons/pm_qms_capa/models/capa_action.py,5
pm_qms_capa,pm.qms.capa.action,concrete,qms_administrator,write,role-and-scope-specific,static,Source inventory only; requires model-specific runtime fixture,REVIEW_REQUIRED,addons/pm_qms_capa/models/capa_action.py,5
pm_qms_capa,pm.qms.capa.action,concrete,qms_administrator,unlink,role-and-scope-specific,static,Source inventory only; requires model-specific runtime fixture,REVIEW_REQUIRED,addons/pm_qms_capa/models/capa_action.py,5
pm_qms_capa,pm.qms.capa.action,concrete,qms_licensing_administrator,read,role-and-scope-specific,static,Source inventory only; requires model-specific runtime fixture,REVIEW_REQUIRED,addons/pm_qms_capa/models/capa_action.py,5
pm_qms_capa,pm.qms.capa.action,concrete,qms_licensing_administrator,create,role-and-scope-specific,static,Source inventory only; requires model-specific runtime fixture,REVIEW_REQUIRED,addons/pm_qms_capa/models/capa_action.py,5
pm_qms_capa,pm.qms.capa.action,concrete,qms_licensing_administrator,write,role-and-scope-specific,static,Source inventory only; requires model-specific runtime fixture,REVIEW_REQUIRED,addons/pm_qms_capa/models/capa_action.py,5
pm_qms_capa,pm.qms.capa.action,concrete,qms_licensing_administrator,unlink,role-and-scope-specific,static,Source inventory only; requires model-specific runtime fixture,REVIEW_REQUIRED,addons/pm_qms_capa/models/capa_action.py,5
pm_qms_capa,pm.qms.capa.action,concrete,odoo_system_administrator,read,role-and-scope-specific,static,Source inventory only; requires model-specific runtime fixture,REVIEW_REQUIRED,addons/pm_qms_capa/models/capa_action.py,5
pm_qms_capa,pm.qms.capa.action,concrete,odoo_system_administrator,create,role-and-scope-specific,static,Source inventory only; requires model-specific runtime fixture,REVIEW_REQUIRED,addons/pm_qms_capa/models/capa_action.py,5
pm_qms_capa,pm.qms.capa.action,concrete,odoo_system_administrator,write,role-and-scope-specific,static,Source inventory only; requires model-specific runtime fixture,REVIEW_REQUIRED,addons/pm_qms_capa/models/capa_action.py,5
pm_qms_capa,pm.qms.capa.action,concrete,odoo_system_administrator,unlink,role-and-scope-specific,static,Source inventory only; requires model-specific runtime fixture,REVIEW_REQUIRED,addons/pm_qms_capa/models/capa_action.py,5
pm_qms_capa,pm.qms.capa.fishbone,concrete,public,read,deny,runtime,TestM27Security.test_public_and_portal_have_no_qms_model_or_side_channel_access,PASS,addons/pm_qms_capa/models/capa_fishbone.py,24
pm_qms_capa,pm.qms.capa.fishbone,concrete,public,create,deny,runtime,TestM27Security.test_public_and_portal_have_no_qms_model_or_side_channel_access,PASS,addons/pm_qms_capa/models/capa_fishbone.py,24
pm_qms_capa,pm.qms.capa.fishbone,concrete,public,write,deny,runtime,TestM27Security.test_public_and_portal_have_no_qms_model_or_side_channel_access,PASS,addons/pm_qms_capa/models/capa_fishbone.py,24
pm_qms_capa,pm.qms.capa.fishbone,concrete,public,unlink,deny,runtime,TestM27Security.test_public_and_portal_have_no_qms_model_or_side_channel_access,PASS,addons/pm_qms_capa/models/capa_fishbone.py,24
pm_qms_capa,pm.qms.capa.fishbone,concrete,portal,read,deny,runtime,TestM27Security.test_public_and_portal_have_no_qms_model_or_side_channel_access,PASS,addons/pm_qms_capa/models/capa_fishbone.py,24
pm_qms_capa,pm.qms.capa.fishbone,concrete,portal,create,deny,runtime,TestM27Security.test_public_and_portal_have_no_qms_model_or_side_channel_access,PASS,addons/pm_qms_capa/models/capa_fishbone.py,24
pm_qms_capa,pm.qms.capa.fishbone,concrete,portal,write,deny,runtime,TestM27Security.test_public_and_portal_have_no_qms_model_or_side_channel_access,PASS,addons/pm_qms_capa/models/capa_fishbone.py,24
pm_qms_capa,pm.qms.capa.fishbone,concrete,portal,unlink,deny,runtime,TestM27Security.test_public_and_portal_have_no_qms_model_or_side_channel_access,PASS,addons/pm_qms_capa/models/capa_fishbone.py,24
pm_qms_capa,pm.qms.capa.fishbone,concrete,qms_user,read,role-and-scope-specific,static,Source inventory only; requires model-specific runtime fixture,REVIEW_REQUIRED,addons/pm_qms_capa/models/capa_fishbone.py,24
pm_qms_capa,pm.qms.capa.fishbone,concrete,qms_user,create,role-and-scope-specific,static,Source inventory only; requires model-specific runtime fixture,REVIEW_REQUIRED,addons/pm_qms_capa/models/capa_fishbone.py,24
pm_qms_capa,pm.qms.capa.fishbone,concrete,qms_user,write,role-and-scope-specific,static,Source inventory only; requires model-specific runtime fixture,REVIEW_REQUIRED,addons/pm_qms_capa/models/capa_fishbone.py,24
pm_qms_capa,pm.qms.capa.fishbone,concrete,qms_user,unlink,role-and-scope-specific,static,Source inventory only; requires model-specific runtime fixture,REVIEW_REQUIRED,addons/pm_qms_capa/models/capa_fishbone.py,24
pm_qms_capa,pm.qms.capa.fishbone,concrete,qms_viewer,read,role-and-scope-specific,static,Source inventory only; requires model-specific runtime fixture,REVIEW_REQUIRED,addons/pm_qms_capa/models/capa_fishbone.py,24
pm_qms_capa,pm.qms.capa.fishbone,concrete,qms_viewer,create,role-and-scope-specific,static,Source inventory only; requires model-specific runtime fixture,REVIEW_REQUIRED,addons/pm_qms_capa/models/capa_fishbone.py,24
pm_qms_capa,pm.qms.capa.fishbone,concrete,qms_viewer,write,role-and-scope-specific,static,Source inventory only; requires model-specific runtime fixture,REVIEW_REQUIRED,addons/pm_qms_capa/models/capa_fishbone.py,24
pm_qms_capa,pm.qms.capa.fishbone,concrete,qms_viewer,unlink,role-and-scope-specific,static,Source inventory only; requires model-specific runtime fixture,REVIEW_REQUIRED,addons/pm_qms_capa/models/capa_fishbone.py,24
pm_qms_capa,pm.qms.capa.fishbone,concrete,quality_supervisor,read,role-and-scope-specific,static,Source inventory only; requires model-specific runtime fixture,REVIEW_REQUIRED,addons/pm_qms_capa/models/capa_fishbone.py,24
pm_qms_capa,pm.qms.capa.fishbone,concrete,quality_supervisor,create,role-and-scope-specific,static,Source inventory only; requires model-specific runtime fixture,REVIEW_REQUIRED,addons/pm_qms_capa/models/capa_fishbone.py,24
pm_qms_capa,pm.qms.capa.fishbone,concrete,quality_supervisor,write,role-and-scope-specific,static,Source inventory only; requires model-specific runtime fixture,REVIEW_REQUIRED,addons/pm_qms_capa/models/capa_fishbone.py,24
pm_qms_capa,pm.qms.capa.fishbone,concrete,quality_supervisor,unlink,role-and-scope-specific,static,Source inventory only; requires model-specific runtime fixture,REVIEW_REQUIRED,addons/pm_qms_capa/models/capa_fishbone.py,24
pm_qms_capa,pm.qms.capa.fishbone,concrete,quality_manager,read,role-and-scope-specific,static,Source inventory only; requires model-specific runtime fixture,REVIEW_REQUIRED,addons/pm_qms_capa/models/capa_fishbone.py,24
pm_qms_capa,pm.qms.capa.fishbone,concrete,quality_manager,create,role-and-scope-specific,static,Source inventory only; requires model-specific runtime fixture,REVIEW_REQUIRED,addons/pm_qms_capa/models/capa_fishbone.py,24
pm_qms_capa,pm.qms.capa.fishbone,concrete,quality_manager,write,role-and-scope-specific,static,Source inventory only; requires model-specific runtime fixture,REVIEW_REQUIRED,addons/pm_qms_capa/models/capa_fishbone.py,24
pm_qms_capa,pm.qms.capa.fishbone,concrete,quality_manager,unlink,role-and-scope-specific,static,Source inventory only; requires model-specific runtime fixture,REVIEW_REQUIRED,addons/pm_qms_capa/models/capa_fishbone.py,24
pm_qms_capa,pm.qms.capa.fishbone,concrete,qms_administrator,read,role-and-scope-specific,static,Source inventory only; requires model-specific runtime fixture,REVIEW_REQUIRED,addons/pm_qms_capa/models/capa_fishbone.py,24
pm_qms_capa,pm.qms.capa.fishbone,concrete,qms_administrator,create,role-and-scope-specific,static,Source inventory only; requires model-specific runtime fixture,REVIEW_REQUIRED,addons/pm_qms_capa/models/capa_fishbone.py,24
pm_qms_capa,pm.qms.capa.fishbone,concrete,qms_administrator,write,role-and-scope-specific,static,Source inventory only; requires model-specific runtime fixture,REVIEW_REQUIRED,addons/pm_qms_capa/models/capa_fishbone.py,24
pm_qms_capa,pm.qms.capa.fishbone,concrete,qms_administrator,unlink,role-and-scope-specific,static,Source inventory only; requires model-specific runtime fixture,REVIEW_REQUIRED,addons/pm_qms_capa/models/capa_fishbone.py,24
pm_qms_capa,pm.qms.capa.fishbone,concrete,qms_licensing_administrator,read,role-and-scope-specific,static,Source inventory only; requires model-specific runtime fixture,REVIEW_REQUIRED,addons/pm_qms_capa/models/capa_fishbone.py,24
pm_qms_capa,pm.qms.capa.fishbone,concrete,qms_licensing_administrator,create,role-and-scope-specific,static,Source inventory only; requires model-specific runtime fixture,REVIEW_REQUIRED,addons/pm_qms_capa/models/capa_fishbone.py,24
pm_qms_capa,pm.qms.capa.fishbone,concrete,qms_licensing_administrator,write,role-and-scope-specific,static,Source inventory only; requires model-specific runtime fixture,REVIEW_REQUIRED,addons/pm_qms_capa/models/capa_fishbone.py,24
pm_qms_capa,pm.qms.capa.fishbone,concrete,qms_licensing_administrator,unlink,role-and-scope-specific,static,Source inventory only; requires model-specific runtime fixture,REVIEW_REQUIRED,addons/pm_qms_capa/models/capa_fishbone.py,24
pm_qms_capa,pm.qms.capa.fishbone,concrete,odoo_system_administrator,read,role-and-scope-specific,static,Source inventory only; requires model-specific runtime fixture,REVIEW_REQUIRED,addons/pm_qms_capa/models/capa_fishbone.py,24
pm_qms_capa,pm.qms.capa.fishbone,concrete,odoo_system_administrator,create,role-and-scope-specific,static,Source inventory only; requires model-specific runtime fixture,REVIEW_REQUIRED,addons/pm_qms_capa/models/capa_fishbone.py,24
pm_qms_capa,pm.qms.capa.fishbone,concrete,odoo_system_administrator,write,role-and-scope-specific,static,Source inventory only; requires model-specific runtime fixture,REVIEW_REQUIRED,addons/pm_qms_capa/models/capa_fishbone.py,24
pm_qms_capa,pm.qms.capa.fishbone,concrete,odoo_system_administrator,unlink,role-and-scope-specific,static,Source inventory only; requires model-specific runtime fixture,REVIEW_REQUIRED,addons/pm_qms_capa/models/capa_fishbone.py,24
pm_qms_capa,pm.qms.capa.is.is.not,concrete,public,read,deny,runtime,TestM27Security.test_public_and_portal_have_no_qms_model_or_side_channel_access,PASS,addons/pm_qms_capa/models/capa_is_is_not.py,40
pm_qms_capa,pm.qms.capa.is.is.not,concrete,public,create,deny,runtime,TestM27Security.test_public_and_portal_have_no_qms_model_or_side_channel_access,PASS,addons/pm_qms_capa/models/capa_is_is_not.py,40
pm_qms_capa,pm.qms.capa.is.is.not,concrete,public,write,deny,runtime,TestM27Security.test_public_and_portal_have_no_qms_model_or_side_channel_access,PASS,addons/pm_qms_capa/models/capa_is_is_not.py,40
pm_qms_capa,pm.qms.capa.is.is.not,concrete,public,unlink,deny,runtime,TestM27Security.test_public_and_portal_have_no_qms_model_or_side_channel_access,PASS,addons/pm_qms_capa/models/capa_is_is_not.py,40
pm_qms_capa,pm.qms.capa.is.is.not,concrete,portal,read,deny,runtime,TestM27Security.test_public_and_portal_have_no_qms_model_or_side_channel_access,PASS,addons/pm_qms_capa/models/capa_is_is_not.py,40
pm_qms_capa,pm.qms.capa.is.is.not,concrete,portal,create,deny,runtime,TestM27Security.test_public_and_portal_have_no_qms_model_or_side_channel_access,PASS,addons/pm_qms_capa/models/capa_is_is_not.py,40
pm_qms_capa,pm.qms.capa.is.is.not,concrete,portal,write,deny,runtime,TestM27Security.test_public_and_portal_have_no_qms_model_or_side_channel_access,PASS,addons/pm_qms_capa/models/capa_is_is_not.py,40
pm_qms_capa,pm.qms.capa.is.is.not,concrete,portal,unlink,deny,runtime,TestM27Security.test_public_and_portal_have_no_qms_model_or_side_channel_access,PASS,addons/pm_qms_capa/models/capa_is_is_not.py,40
pm_qms_capa,pm.qms.capa.is.is.not,concrete,qms_user,read,role-and-scope-specific,static,Source inventory only; requires model-specific runtime fixture,REVIEW_REQUIRED,addons/pm_qms_capa/models/capa_is_is_not.py,40
pm_qms_capa,pm.qms.capa.is.is.not,concrete,qms_user,create,role-and-scope-specific,static,Source inventory only; requires model-specific runtime fixture,REVIEW_REQUIRED,addons/pm_qms_capa/models/capa_is_is_not.py,40
pm_qms_capa,pm.qms.capa.is.is.not,concrete,qms_user,write,role-and-scope-specific,static,Source inventory only; requires model-specific runtime fixture,REVIEW_REQUIRED,addons/pm_qms_capa/models/capa_is_is_not.py,40
pm_qms_capa,pm.qms.capa.is.is.not,concrete,qms_user,unlink,role-and-scope-specific,static,Source inventory only; requires model-specific runtime fixture,REVIEW_REQUIRED,addons/pm_qms_capa/models/capa_is_is_not.py,40
pm_qms_capa,pm.qms.capa.is.is.not,concrete,qms_viewer,read,role-and-scope-specific,static,Source inventory only; requires model-specific runtime fixture,REVIEW_REQUIRED,addons/pm_qms_capa/models/capa_is_is_not.py,40
pm_qms_capa,pm.qms.capa.is.is.not,concrete,qms_viewer,create,role-and-scope-specific,static,Source inventory only; requires model-specific runtime fixture,REVIEW_REQUIRED,addons/pm_qms_capa/models/capa_is_is_not.py,40
pm_qms_capa,pm.qms.capa.is.is.not,concrete,qms_viewer,write,role-and-scope-specific,static,Source inventory only; requires model-specific runtime fixture,REVIEW_REQUIRED,addons/pm_qms_capa/models/capa_is_is_not.py,40
pm_qms_capa,pm.qms.capa.is.is.not,concrete,qms_viewer,unlink,role-and-scope-specific,static,Source inventory only; requires model-specific runtime fixture,REVIEW_REQUIRED,addons/pm_qms_capa/models/capa_is_is_not.py,40
pm_qms_capa,pm.qms.capa.is.is.not,concrete,quality_supervisor,read,role-and-scope-specific,static,Source inventory only; requires model-specific runtime fixture,REVIEW_REQUIRED,addons/pm_qms_capa/models/capa_is_is_not.py,40
pm_qms_capa,pm.qms.capa.is.is.not,concrete,quality_supervisor,create,role-and-scope-specific,static,Source inventory only; requires model-specific runtime fixture,REVIEW_REQUIRED,addons/pm_qms_capa/models/capa_is_is_not.py,40
pm_qms_capa,pm.qms.capa.is.is.not,concrete,quality_supervisor,write,role-and-scope-specific,static,Source inventory only; requires model-specific runtime fixture,REVIEW_REQUIRED,addons/pm_qms_capa/models/capa_is_is_not.py,40
pm_qms_capa,pm.qms.capa.is.is.not,concrete,quality_supervisor,unlink,role-and-scope-specific,static,Source inventory only; requires model-specific runtime fixture,REVIEW_REQUIRED,addons/pm_qms_capa/models/capa_is_is_not.py,40
pm_qms_capa,pm.qms.capa.is.is.not,concrete,quality_manager,read,role-and-scope-specific,static,Source inventory only; requires model-specific runtime fixture,REVIEW_REQUIRED,addons/pm_qms_capa/models/capa_is_is_not.py,40
pm_qms_capa,pm.qms.capa.is.is.not,concrete,quality_manager,create,role-and-scope-specific,static,Source inventory only; requires model-specific runtime fixture,REVIEW_REQUIRED,addons/pm_qms_capa/models/capa_is_is_not.py,40
pm_qms_capa,pm.qms.capa.is.is.not,concrete,quality_manager,write,role-and-scope-specific,static,Source inventory only; requires model-specific runtime fixture,REVIEW_REQUIRED,addons/pm_qms_capa/models/capa_is_is_not.py,40
pm_qms_capa,pm.qms.capa.is.is.not,concrete,quality_manager,unlink,role-and-scope-specific,static,Source inventory only; requires model-specific runtime fixture,REVIEW_REQUIRED,addons/pm_qms_capa/models/capa_is_is_not.py,40
pm_qms_capa,pm.qms.capa.is.is.not,concrete,qms_administrator,read,role-and-scope-specific,static,Source inventory only; requires model-specific runtime fixture,REVIEW_REQUIRED,addons/pm_qms_capa/models/capa_is_is_not.py,40
pm_qms_capa,pm.qms.capa.is.is.not,concrete,qms_administrator,create,role-and-scope-specific,static,Source inventory only; requires model-specific runtime fixture,REVIEW_REQUIRED,addons/pm_qms_capa/models/capa_is_is_not.py,40
pm_qms_capa,pm.qms.capa.is.is.not,concrete,qms_administrator,write,role-and-scope-specific,static,Source inventory only; requires model-specific runtime fixture,REVIEW_REQUIRED,addons/pm_qms_capa/models/capa_is_is_not.py,40
pm_qms_capa,pm.qms.capa.is.is.not,concrete,qms_administrator,unlink,role-and-scope-specific,static,Source inventory only; requires model-specific runtime fixture,REVIEW_REQUIRED,addons/pm_qms_capa/models/capa_is_is_not.py,40
pm_qms_capa,pm.qms.capa.is.is.not,concrete,qms_licensing_administrator,read,role-and-scope-specific,static,Source inventory only; requires model-specific runtime fixture,REVIEW_REQUIRED,addons/pm_qms_capa/models/capa_is_is_not.py,40
pm_qms_capa,pm.qms.capa.is.is.not,concrete,qms_licensing_administrator,create,role-and-scope-specific,static,Source inventory only; requires model-specific runtime fixture,REVIEW_REQUIRED,addons/pm_qms_capa/models/capa_is_is_not.py,40
pm_qms_capa,pm.qms.capa.is.is.not,concrete,qms_licensing_administrator,write,role-and-scope-specific,static,Source inventory only; requires model-specific runtime fixture,REVIEW_REQUIRED,addons/pm_qms_capa/models/capa_is_is_not.py,40
pm_qms_capa,pm.qms.capa.is.is.not,concrete,qms_licensing_administrator,unlink,role-and-scope-specific,static,Source inventory only; requires model-specific runtime fixture,REVIEW_REQUIRED,addons/pm_qms_capa/models/capa_is_is_not.py,40
pm_qms_capa,pm.qms.capa.is.is.not,concrete,odoo_system_administrator,read,role-and-scope-specific,static,Source inventory only; requires model-specific runtime fixture,REVIEW_REQUIRED,addons/pm_qms_capa/models/capa_is_is_not.py,40
pm_qms_capa,pm.qms.capa.is.is.not,concrete,odoo_system_administrator,create,role-and-scope-specific,static,Source inventory only; requires model-specific runtime fixture,REVIEW_REQUIRED,addons/pm_qms_capa/models/capa_is_is_not.py,40
pm_qms_capa,pm.qms.capa.is.is.not,concrete,odoo_system_administrator,write,role-and-scope-specific,static,Source inventory only; requires model-specific runtime fixture,REVIEW_REQUIRED,addons/pm_qms_capa/models/capa_is_is_not.py,40
pm_qms_capa,pm.qms.capa.is.is.not,concrete,odoo_system_administrator,unlink,role-and-scope-specific,static,Source inventory only; requires model-specific runtime fixture,REVIEW_REQUIRED,addons/pm_qms_capa/models/capa_is_is_not.py,40
pm_qms_capa,pm.qms.capa.why,concrete,public,read,deny,runtime,TestM27Security.test_public_and_portal_have_no_qms_model_or_side_channel_access,PASS,addons/pm_qms_capa/models/capa_why.py,14
pm_qms_capa,pm.qms.capa.why,concrete,public,create,deny,runtime,TestM27Security.test_public_and_portal_have_no_qms_model_or_side_channel_access,PASS,addons/pm_qms_capa/models/capa_why.py,14
pm_qms_capa,pm.qms.capa.why,concrete,public,write,deny,runtime,TestM27Security.test_public_and_portal_have_no_qms_model_or_side_channel_access,PASS,addons/pm_qms_capa/models/capa_why.py,14
pm_qms_capa,pm.qms.capa.why,concrete,public,unlink,deny,runtime,TestM27Security.test_public_and_portal_have_no_qms_model_or_side_channel_access,PASS,addons/pm_qms_capa/models/capa_why.py,14
pm_qms_capa,pm.qms.capa.why,concrete,portal,read,deny,runtime,TestM27Security.test_public_and_portal_have_no_qms_model_or_side_channel_access,PASS,addons/pm_qms_capa/models/capa_why.py,14
pm_qms_capa,pm.qms.capa.why,concrete,portal,create,deny,runtime,TestM27Security.test_public_and_portal_have_no_qms_model_or_side_channel_access,PASS,addons/pm_qms_capa/models/capa_why.py,14
pm_qms_capa,pm.qms.capa.why,concrete,portal,write,deny,runtime,TestM27Security.test_public_and_portal_have_no_qms_model_or_side_channel_access,PASS,addons/pm_qms_capa/models/capa_why.py,14
pm_qms_capa,pm.qms.capa.why,concrete,portal,unlink,deny,runtime,TestM27Security.test_public_and_portal_have_no_qms_model_or_side_channel_access,PASS,addons/pm_qms_capa/models/capa_why.py,14
pm_qms_capa,pm.qms.capa.why,concrete,qms_user,read,role-and-scope-specific,static,Source inventory only; requires model-specific runtime fixture,REVIEW_REQUIRED,addons/pm_qms_capa/models/capa_why.py,14
pm_qms_capa,pm.qms.capa.why,concrete,qms_user,create,role-and-scope-specific,static,Source inventory only; requires model-specific runtime fixture,REVIEW_REQUIRED,addons/pm_qms_capa/models/capa_why.py,14
pm_qms_capa,pm.qms.capa.why,concrete,qms_user,write,role-and-scope-specific,static,Source inventory only; requires model-specific runtime fixture,REVIEW_REQUIRED,addons/pm_qms_capa/models/capa_why.py,14
pm_qms_capa,pm.qms.capa.why,concrete,qms_user,unlink,role-and-scope-specific,static,Source inventory only; requires model-specific runtime fixture,REVIEW_REQUIRED,addons/pm_qms_capa/models/capa_why.py,14
pm_qms_capa,pm.qms.capa.why,concrete,qms_viewer,read,role-and-scope-specific,static,Source inventory only; requires model-specific runtime fixture,REVIEW_REQUIRED,addons/pm_qms_capa/models/capa_why.py,14
pm_qms_capa,pm.qms.capa.why,concrete,qms_viewer,create,role-and-scope-specific,static,Source inventory only; requires model-specific runtime fixture,REVIEW_REQUIRED,addons/pm_qms_capa/models/capa_why.py,14
pm_qms_capa,pm.qms.capa.why,concrete,qms_viewer,write,role-and-scope-specific,static,Source inventory only; requires model-specific runtime fixture,REVIEW_REQUIRED,addons/pm_qms_capa/models/capa_why.py,14
pm_qms_capa,pm.qms.capa.why,concrete,qms_viewer,unlink,role-and-scope-specific,static,Source inventory only; requires model-specific runtime fixture,REVIEW_REQUIRED,addons/pm_qms_capa/models/capa_why.py,14
pm_qms_capa,pm.qms.capa.why,concrete,quality_supervisor,read,role-and-scope-specific,static,Source inventory only; requires model-specific runtime fixture,REVIEW_REQUIRED,addons/pm_qms_capa/models/capa_why.py,14
pm_qms_capa,pm.qms.capa.why,concrete,quality_supervisor,create,role-and-scope-specific,static,Source inventory only; requires model-specific runtime fixture,REVIEW_REQUIRED,addons/pm_qms_capa/models/capa_why.py,14
pm_qms_capa,pm.qms.capa.why,concrete,quality_supervisor,write,role-and-scope-specific,static,Source inventory only; requires model-specific runtime fixture,REVIEW_REQUIRED,addons/pm_qms_capa/models/capa_why.py,14
pm_qms_capa,pm.qms.capa.why,concrete,quality_supervisor,unlink,role-and-scope-specific,static,Source inventory only; requires model-specific runtime fixture,REVIEW_REQUIRED,addons/pm_qms_capa/models/capa_why.py,14
pm_qms_capa,pm.qms.capa.why,concrete,quality_manager,read,role-and-scope-specific,static,Source inventory only; requires model-specific runtime fixture,REVIEW_REQUIRED,addons/pm_qms_capa/models/capa_why.py,14
pm_qms_capa,pm.qms.capa.why,concrete,quality_manager,create,role-and-scope-specific,static,Source inventory only; requires model-specific runtime fixture,REVIEW_REQUIRED,addons/pm_qms_capa/models/capa_why.py,14
pm_qms_capa,pm.qms.capa.why,concrete,quality_manager,write,role-and-scope-specific,static,Source inventory only; requires model-specific runtime fixture,REVIEW_REQUIRED,addons/pm_qms_capa/models/capa_why.py,14
pm_qms_capa,pm.qms.capa.why,concrete,quality_manager,unlink,role-and-scope-specific,static,Source inventory only; requires model-specific runtime fixture,REVIEW_REQUIRED,addons/pm_qms_capa/models/capa_why.py,14
pm_qms_capa,pm.qms.capa.why,concrete,qms_administrator,read,role-and-scope-specific,static,Source inventory only; requires model-specific runtime fixture,REVIEW_REQUIRED,addons/pm_qms_capa/models/capa_why.py,14
pm_qms_capa,pm.qms.capa.why,concrete,qms_administrator,create,role-and-scope-specific,static,Source inventory only; requires model-specific runtime fixture,REVIEW_REQUIRED,addons/pm_qms_capa/models/capa_why.py,14
pm_qms_capa,pm.qms.capa.why,concrete,qms_administrator,write,role-and-scope-specific,static,Source inventory only; requires model-specific runtime fixture,REVIEW_REQUIRED,addons/pm_qms_capa/models/capa_why.py,14
pm_qms_capa,pm.qms.capa.why,concrete,qms_administrator,unlink,role-and-scope-specific,static,Source inventory only; requires model-specific runtime fixture,REVIEW_REQUIRED,addons/pm_qms_capa/models/capa_why.py,14
pm_qms_capa,pm.qms.capa.why,concrete,qms_licensing_administrator,read,role-and-scope-specific,static,Source inventory only; requires model-specific runtime fixture,REVIEW_REQUIRED,addons/pm_qms_capa/models/capa_why.py,14
pm_qms_capa,pm.qms.capa.why,concrete,qms_licensing_administrator,create,role-and-scope-specific,static,Source inventory only; requires model-specific runtime fixture,REVIEW_REQUIRED,addons/pm_qms_capa/models/capa_why.py,14
pm_qms_capa,pm.qms.capa.why,concrete,qms_licensing_administrator,write,role-and-scope-specific,static,Source inventory only; requires model-specific runtime fixture,REVIEW_REQUIRED,addons/pm_qms_capa/models/capa_why.py,14
pm_qms_capa,pm.qms.capa.why,concrete,qms_licensing_administrator,unlink,role-and-scope-specific,static,Source inventory only; requires model-specific runtime fixture,REVIEW_REQUIRED,addons/pm_qms_capa/models/capa_why.py,14
pm_qms_capa,pm.qms.capa.why,concrete,odoo_system_administrator,read,role-and-scope-specific,static,Source inventory only; requires model-specific runtime fixture,REVIEW_REQUIRED,addons/pm_qms_capa/models/capa_why.py,14
pm_qms_capa,pm.qms.capa.why,concrete,odoo_system_administrator,create,role-and-scope-specific,static,Source inventory only; requires model-specific runtime fixture,REVIEW_REQUIRED,addons/pm_qms_capa/models/capa_why.py,14
pm_qms_capa,pm.qms.capa.why,concrete,odoo_system_administrator,write,role-and-scope-specific,static,Source inventory only; requires model-specific runtime fixture,REVIEW_REQUIRED,addons/pm_qms_capa/models/capa_why.py,14
pm_qms_capa,pm.qms.capa.why,concrete,odoo_system_administrator,unlink,role-and-scope-specific,static,Source inventory only; requires model-specific runtime fixture,REVIEW_REQUIRED,addons/pm_qms_capa/models/capa_why.py,14
pm_qms_people,pm.qms.competency,concrete,public,read,deny,runtime,TestM27Security.test_public_and_portal_have_no_qms_model_or_side_channel_access,PASS,addons/pm_qms_people/models/competency.py,5
pm_qms_people,pm.qms.competency,concrete,public,create,deny,runtime,TestM27Security.test_public_and_portal_have_no_qms_model_or_side_channel_access,PASS,addons/pm_qms_people/models/competency.py,5
pm_qms_people,pm.qms.competency,concrete,public,write,deny,runtime,TestM27Security.test_public_and_portal_have_no_qms_model_or_side_channel_access,PASS,addons/pm_qms_people/models/competency.py,5
pm_qms_people,pm.qms.competency,concrete,public,unlink,deny,runtime,TestM27Security.test_public_and_portal_have_no_qms_model_or_side_channel_access,PASS,addons/pm_qms_people/models/competency.py,5
pm_qms_people,pm.qms.competency,concrete,portal,read,deny,runtime,TestM27Security.test_public_and_portal_have_no_qms_model_or_side_channel_access,PASS,addons/pm_qms_people/models/competency.py,5
pm_qms_people,pm.qms.competency,concrete,portal,create,deny,runtime,TestM27Security.test_public_and_portal_have_no_qms_model_or_side_channel_access,PASS,addons/pm_qms_people/models/competency.py,5
pm_qms_people,pm.qms.competency,concrete,portal,write,deny,runtime,TestM27Security.test_public_and_portal_have_no_qms_model_or_side_channel_access,PASS,addons/pm_qms_people/models/competency.py,5
pm_qms_people,pm.qms.competency,concrete,portal,unlink,deny,runtime,TestM27Security.test_public_and_portal_have_no_qms_model_or_side_channel_access,PASS,addons/pm_qms_people/models/competency.py,5
pm_qms_people,pm.qms.competency,concrete,qms_user,read,role-and-scope-specific,static,Source inventory only; requires model-specific runtime fixture,REVIEW_REQUIRED,addons/pm_qms_people/models/competency.py,5
pm_qms_people,pm.qms.competency,concrete,qms_user,create,role-and-scope-specific,static,Source inventory only; requires model-specific runtime fixture,REVIEW_REQUIRED,addons/pm_qms_people/models/competency.py,5
pm_qms_people,pm.qms.competency,concrete,qms_user,write,role-and-scope-specific,static,Source inventory only; requires model-specific runtime fixture,REVIEW_REQUIRED,addons/pm_qms_people/models/competency.py,5
pm_qms_people,pm.qms.competency,concrete,qms_user,unlink,role-and-scope-specific,static,Source inventory only; requires model-specific runtime fixture,REVIEW_REQUIRED,addons/pm_qms_people/models/competency.py,5
pm_qms_people,pm.qms.competency,concrete,qms_viewer,read,role-and-scope-specific,static,Source inventory only; requires model-specific runtime fixture,REVIEW_REQUIRED,addons/pm_qms_people/models/competency.py,5
pm_qms_people,pm.qms.competency,concrete,qms_viewer,create,role-and-scope-specific,static,Source inventory only; requires model-specific runtime fixture,REVIEW_REQUIRED,addons/pm_qms_people/models/competency.py,5
pm_qms_people,pm.qms.competency,concrete,qms_viewer,write,role-and-scope-specific,static,Source inventory only; requires model-specific runtime fixture,REVIEW_REQUIRED,addons/pm_qms_people/models/competency.py,5
pm_qms_people,pm.qms.competency,concrete,qms_viewer,unlink,role-and-scope-specific,static,Source inventory only; requires model-specific runtime fixture,REVIEW_REQUIRED,addons/pm_qms_people/models/competency.py,5
pm_qms_people,pm.qms.competency,concrete,quality_supervisor,read,role-and-scope-specific,static,Source inventory only; requires model-specific runtime fixture,REVIEW_REQUIRED,addons/pm_qms_people/models/competency.py,5
pm_qms_people,pm.qms.competency,concrete,quality_supervisor,create,role-and-scope-specific,static,Source inventory only; requires model-specific runtime fixture,REVIEW_REQUIRED,addons/pm_qms_people/models/competency.py,5
pm_qms_people,pm.qms.competency,concrete,quality_supervisor,write,role-and-scope-specific,static,Source inventory only; requires model-specific runtime fixture,REVIEW_REQUIRED,addons/pm_qms_people/models/competency.py,5
pm_qms_people,pm.qms.competency,concrete,quality_supervisor,unlink,role-and-scope-specific,static,Source inventory only; requires model-specific runtime fixture,REVIEW_REQUIRED,addons/pm_qms_people/models/competency.py,5
pm_qms_people,pm.qms.competency,concrete,quality_manager,read,role-and-scope-specific,static,Source inventory only; requires model-specific runtime fixture,REVIEW_REQUIRED,addons/pm_qms_people/models/competency.py,5
pm_qms_people,pm.qms.competency,concrete,quality_manager,create,role-and-scope-specific,static,Source inventory only; requires model-specific runtime fixture,REVIEW_REQUIRED,addons/pm_qms_people/models/competency.py,5
pm_qms_people,pm.qms.competency,concrete,quality_manager,write,role-and-scope-specific,static,Source inventory only; requires model-specific runtime fixture,REVIEW_REQUIRED,addons/pm_qms_people/models/competency.py,5
pm_qms_people,pm.qms.competency,concrete,quality_manager,unlink,role-and-scope-specific,static,Source inventory only; requires model-specific runtime fixture,REVIEW_REQUIRED,addons/pm_qms_people/models/competency.py,5
pm_qms_people,pm.qms.competency,concrete,qms_administrator,read,role-and-scope-specific,static,Source inventory only; requires model-specific runtime fixture,REVIEW_REQUIRED,addons/pm_qms_people/models/competency.py,5
pm_qms_people,pm.qms.competency,concrete,qms_administrator,create,role-and-scope-specific,static,Source inventory only; requires model-specific runtime fixture,REVIEW_REQUIRED,addons/pm_qms_people/models/competency.py,5
pm_qms_people,pm.qms.competency,concrete,qms_administrator,write,role-and-scope-specific,static,Source inventory only; requires model-specific runtime fixture,REVIEW_REQUIRED,addons/pm_qms_people/models/competency.py,5
pm_qms_people,pm.qms.competency,concrete,qms_administrator,unlink,role-and-scope-specific,static,Source inventory only; requires model-specific runtime fixture,REVIEW_REQUIRED,addons/pm_qms_people/models/competency.py,5
pm_qms_people,pm.qms.competency,concrete,qms_licensing_administrator,read,role-and-scope-specific,static,Source inventory only; requires model-specific runtime fixture,REVIEW_REQUIRED,addons/pm_qms_people/models/competency.py,5
pm_qms_people,pm.qms.competency,concrete,qms_licensing_administrator,create,role-and-scope-specific,static,Source inventory only; requires model-specific runtime fixture,REVIEW_REQUIRED,addons/pm_qms_people/models/competency.py,5
pm_qms_people,pm.qms.competency,concrete,qms_licensing_administrator,write,role-and-scope-specific,static,Source inventory only; requires model-specific runtime fixture,REVIEW_REQUIRED,addons/pm_qms_people/models/competency.py,5
pm_qms_people,pm.qms.competency,concrete,qms_licensing_administrator,unlink,role-and-scope-specific,static,Source inventory only; requires model-specific runtime fixture,REVIEW_REQUIRED,addons/pm_qms_people/models/competency.py,5
pm_qms_people,pm.qms.competency,concrete,odoo_system_administrator,read,role-and-scope-specific,static,Source inventory only; requires model-specific runtime fixture,REVIEW_REQUIRED,addons/pm_qms_people/models/competency.py,5
pm_qms_people,pm.qms.competency,concrete,odoo_system_administrator,create,role-and-scope-specific,static,Source inventory only; requires model-specific runtime fixture,REVIEW_REQUIRED,addons/pm_qms_people/models/competency.py,5
pm_qms_people,pm.qms.competency,concrete,odoo_system_administrator,write,role-and-scope-specific,static,Source inventory only; requires model-specific runtime fixture,REVIEW_REQUIRED,addons/pm_qms_people/models/competency.py,5
pm_qms_people,pm.qms.competency,concrete,odoo_system_administrator,unlink,role-and-scope-specific,static,Source inventory only; requires model-specific runtime fixture,REVIEW_REQUIRED,addons/pm_qms_people/models/competency.py,5
pm_qms_people,pm.qms.competency.assessment,concrete,public,read,deny,runtime,TestM27Security.test_public_and_portal_have_no_qms_model_or_side_channel_access,PASS,addons/pm_qms_people/models/competency.py,62
pm_qms_people,pm.qms.competency.assessment,concrete,public,create,deny,runtime,TestM27Security.test_public_and_portal_have_no_qms_model_or_side_channel_access,PASS,addons/pm_qms_people/models/competency.py,62
pm_qms_people,pm.qms.competency.assessment,concrete,public,write,deny,runtime,TestM27Security.test_public_and_portal_have_no_qms_model_or_side_channel_access,PASS,addons/pm_qms_people/models/competency.py,62
pm_qms_people,pm.qms.competency.assessment,concrete,public,unlink,deny,runtime,TestM27Security.test_public_and_portal_have_no_qms_model_or_side_channel_access,PASS,addons/pm_qms_people/models/competency.py,62
pm_qms_people,pm.qms.competency.assessment,concrete,portal,read,deny,runtime,TestM27Security.test_public_and_portal_have_no_qms_model_or_side_channel_access,PASS,addons/pm_qms_people/models/competency.py,62
pm_qms_people,pm.qms.competency.assessment,concrete,portal,create,deny,runtime,TestM27Security.test_public_and_portal_have_no_qms_model_or_side_channel_access,PASS,addons/pm_qms_people/models/competency.py,62
pm_qms_people,pm.qms.competency.assessment,concrete,portal,write,deny,runtime,TestM27Security.test_public_and_portal_have_no_qms_model_or_side_channel_access,PASS,addons/pm_qms_people/models/competency.py,62
pm_qms_people,pm.qms.competency.assessment,concrete,portal,unlink,deny,runtime,TestM27Security.test_public_and_portal_have_no_qms_model_or_side_channel_access,PASS,addons/pm_qms_people/models/competency.py,62
pm_qms_people,pm.qms.competency.assessment,concrete,qms_user,read,role-and-scope-specific,static,Source inventory only; requires model-specific runtime fixture,REVIEW_REQUIRED,addons/pm_qms_people/models/competency.py,62
pm_qms_people,pm.qms.competency.assessment,concrete,qms_user,create,role-and-scope-specific,static,Source inventory only; requires model-specific runtime fixture,REVIEW_REQUIRED,addons/pm_qms_people/models/competency.py,62
pm_qms_people,pm.qms.competency.assessment,concrete,qms_user,write,role-and-scope-specific,static,Source inventory only; requires model-specific runtime fixture,REVIEW_REQUIRED,addons/pm_qms_people/models/competency.py,62
pm_qms_people,pm.qms.competency.assessment,concrete,qms_user,unlink,role-and-scope-specific,static,Source inventory only; requires model-specific runtime fixture,REVIEW_REQUIRED,addons/pm_qms_people/models/competency.py,62
pm_qms_people,pm.qms.competency.assessment,concrete,qms_viewer,read,role-and-scope-specific,static,Source inventory only; requires model-specific runtime fixture,REVIEW_REQUIRED,addons/pm_qms_people/models/competency.py,62
pm_qms_people,pm.qms.competency.assessment,concrete,qms_viewer,create,role-and-scope-specific,static,Source inventory only; requires model-specific runtime fixture,REVIEW_REQUIRED,addons/pm_qms_people/models/competency.py,62
pm_qms_people,pm.qms.competency.assessment,concrete,qms_viewer,write,role-and-scope-specific,static,Source inventory only; requires model-specific runtime fixture,REVIEW_REQUIRED,addons/pm_qms_people/models/competency.py,62
pm_qms_people,pm.qms.competency.assessment,concrete,qms_viewer,unlink,role-and-scope-specific,static,Source inventory only; requires model-specific runtime fixture,REVIEW_REQUIRED,addons/pm_qms_people/models/competency.py,62
pm_qms_people,pm.qms.competency.assessment,concrete,quality_supervisor,read,role-and-scope-specific,static,Source inventory only; requires model-specific runtime fixture,REVIEW_REQUIRED,addons/pm_qms_people/models/competency.py,62
pm_qms_people,pm.qms.competency.assessment,concrete,quality_supervisor,create,role-and-scope-specific,static,Source inventory only; requires model-specific runtime fixture,REVIEW_REQUIRED,addons/pm_qms_people/models/competency.py,62
pm_qms_people,pm.qms.competency.assessment,concrete,quality_supervisor,write,role-and-scope-specific,static,Source inventory only; requires model-specific runtime fixture,REVIEW_REQUIRED,addons/pm_qms_people/models/competency.py,62
pm_qms_people,pm.qms.competency.assessment,concrete,quality_supervisor,unlink,role-and-scope-specific,static,Source inventory only; requires model-specific runtime fixture,REVIEW_REQUIRED,addons/pm_qms_people/models/competency.py,62
pm_qms_people,pm.qms.competency.assessment,concrete,quality_manager,read,role-and-scope-specific,static,Source inventory only; requires model-specific runtime fixture,REVIEW_REQUIRED,addons/pm_qms_people/models/competency.py,62
pm_qms_people,pm.qms.competency.assessment,concrete,quality_manager,create,role-and-scope-specific,static,Source inventory only; requires model-specific runtime fixture,REVIEW_REQUIRED,addons/pm_qms_people/models/competency.py,62
pm_qms_people,pm.qms.competency.assessment,concrete,quality_manager,write,role-and-scope-specific,static,Source inventory only; requires model-specific runtime fixture,REVIEW_REQUIRED,addons/pm_qms_people/models/competency.py,62
pm_qms_people,pm.qms.competency.assessment,concrete,quality_manager,unlink,role-and-scope-specific,static,Source inventory only; requires model-specific runtime fixture,REVIEW_REQUIRED,addons/pm_qms_people/models/competency.py,62
pm_qms_people,pm.qms.competency.assessment,concrete,qms_administrator,read,role-and-scope-specific,static,Source inventory only; requires model-specific runtime fixture,REVIEW_REQUIRED,addons/pm_qms_people/models/competency.py,62
pm_qms_people,pm.qms.competency.assessment,concrete,qms_administrator,create,role-and-scope-specific,static,Source inventory only; requires model-specific runtime fixture,REVIEW_REQUIRED,addons/pm_qms_people/models/competency.py,62
pm_qms_people,pm.qms.competency.assessment,concrete,qms_administrator,write,role-and-scope-specific,static,Source inventory only; requires model-specific runtime fixture,REVIEW_REQUIRED,addons/pm_qms_people/models/competency.py,62
pm_qms_people,pm.qms.competency.assessment,concrete,qms_administrator,unlink,role-and-scope-specific,static,Source inventory only; requires model-specific runtime fixture,REVIEW_REQUIRED,addons/pm_qms_people/models/competency.py,62
pm_qms_people,pm.qms.competency.assessment,concrete,qms_licensing_administrator,read,role-and-scope-specific,static,Source inventory only; requires model-specific runtime fixture,REVIEW_REQUIRED,addons/pm_qms_people/models/competency.py,62
pm_qms_people,pm.qms.competency.assessment,concrete,qms_licensing_administrator,create,role-and-scope-specific,static,Source inventory only; requires model-specific runtime fixture,REVIEW_REQUIRED,addons/pm_qms_people/models/competency.py,62
pm_qms_people,pm.qms.competency.assessment,concrete,qms_licensing_administrator,write,role-and-scope-specific,static,Source inventory only; requires model-specific runtime fixture,REVIEW_REQUIRED,addons/pm_qms_people/models/competency.py,62
pm_qms_people,pm.qms.competency.assessment,concrete,qms_licensing_administrator,unlink,role-and-scope-specific,static,Source inventory only; requires model-specific runtime fixture,REVIEW_REQUIRED,addons/pm_qms_people/models/competency.py,62
pm_qms_people,pm.qms.competency.assessment,concrete,odoo_system_administrator,read,role-and-scope-specific,static,Source inventory only; requires model-specific runtime fixture,REVIEW_REQUIRED,addons/pm_qms_people/models/competency.py,62
pm_qms_people,pm.qms.competency.assessment,concrete,odoo_system_administrator,create,role-and-scope-specific,static,Source inventory only; requires model-specific runtime fixture,REVIEW_REQUIRED,addons/pm_qms_people/models/competency.py,62
pm_qms_people,pm.qms.competency.assessment,concrete,odoo_system_administrator,write,role-and-scope-specific,static,Source inventory only; requires model-specific runtime fixture,REVIEW_REQUIRED,addons/pm_qms_people/models/competency.py,62
pm_qms_people,pm.qms.competency.assessment,concrete,odoo_system_administrator,unlink,role-and-scope-specific,static,Source inventory only; requires model-specific runtime fixture,REVIEW_REQUIRED,addons/pm_qms_people/models/competency.py,62
pm_qms_people,pm.qms.competency.matrix.line,concrete,public,read,deny,runtime,TestM27Security.test_public_and_portal_have_no_qms_model_or_side_channel_access,PASS,addons/pm_qms_people/models/competency.py,109
pm_qms_people,pm.qms.competency.matrix.line,concrete,public,create,deny,runtime,TestM27Security.test_public_and_portal_have_no_qms_model_or_side_channel_access,PASS,addons/pm_qms_people/models/competency.py,109
pm_qms_people,pm.qms.competency.matrix.line,concrete,public,write,deny,runtime,TestM27Security.test_public_and_portal_have_no_qms_model_or_side_channel_access,PASS,addons/pm_qms_people/models/competency.py,109
pm_qms_people,pm.qms.competency.matrix.line,concrete,public,unlink,deny,runtime,TestM27Security.test_public_and_portal_have_no_qms_model_or_side_channel_access,PASS,addons/pm_qms_people/models/competency.py,109
pm_qms_people,pm.qms.competency.matrix.line,concrete,portal,read,deny,runtime,TestM27Security.test_public_and_portal_have_no_qms_model_or_side_channel_access,PASS,addons/pm_qms_people/models/competency.py,109
pm_qms_people,pm.qms.competency.matrix.line,concrete,portal,create,deny,runtime,TestM27Security.test_public_and_portal_have_no_qms_model_or_side_channel_access,PASS,addons/pm_qms_people/models/competency.py,109
pm_qms_people,pm.qms.competency.matrix.line,concrete,portal,write,deny,runtime,TestM27Security.test_public_and_portal_have_no_qms_model_or_side_channel_access,PASS,addons/pm_qms_people/models/competency.py,109
pm_qms_people,pm.qms.competency.matrix.line,concrete,portal,unlink,deny,runtime,TestM27Security.test_public_and_portal_have_no_qms_model_or_side_channel_access,PASS,addons/pm_qms_people/models/competency.py,109
pm_qms_people,pm.qms.competency.matrix.line,concrete,qms_user,read,role-and-scope-specific,static,Source inventory only; requires model-specific runtime fixture,REVIEW_REQUIRED,addons/pm_qms_people/models/competency.py,109
pm_qms_people,pm.qms.competency.matrix.line,concrete,qms_user,create,role-and-scope-specific,static,Source inventory only; requires model-specific runtime fixture,REVIEW_REQUIRED,addons/pm_qms_people/models/competency.py,109
pm_qms_people,pm.qms.competency.matrix.line,concrete,qms_user,write,role-and-scope-specific,static,Source inventory only; requires model-specific runtime fixture,REVIEW_REQUIRED,addons/pm_qms_people/models/competency.py,109
pm_qms_people,pm.qms.competency.matrix.line,concrete,qms_user,unlink,role-and-scope-specific,static,Source inventory only; requires model-specific runtime fixture,REVIEW_REQUIRED,addons/pm_qms_people/models/competency.py,109
pm_qms_people,pm.qms.competency.matrix.line,concrete,qms_viewer,read,role-and-scope-specific,static,Source inventory only; requires model-specific runtime fixture,REVIEW_REQUIRED,addons/pm_qms_people/models/competency.py,109
pm_qms_people,pm.qms.competency.matrix.line,concrete,qms_viewer,create,role-and-scope-specific,static,Source inventory only; requires model-specific runtime fixture,REVIEW_REQUIRED,addons/pm_qms_people/models/competency.py,109
pm_qms_people,pm.qms.competency.matrix.line,concrete,qms_viewer,write,role-and-scope-specific,static,Source inventory only; requires model-specific runtime fixture,REVIEW_REQUIRED,addons/pm_qms_people/models/competency.py,109
pm_qms_people,pm.qms.competency.matrix.line,concrete,qms_viewer,unlink,role-and-scope-specific,static,Source inventory only; requires model-specific runtime fixture,REVIEW_REQUIRED,addons/pm_qms_people/models/competency.py,109
pm_qms_people,pm.qms.competency.matrix.line,concrete,quality_supervisor,read,role-and-scope-specific,static,Source inventory only; requires model-specific runtime fixture,REVIEW_REQUIRED,addons/pm_qms_people/models/competency.py,109
pm_qms_people,pm.qms.competency.matrix.line,concrete,quality_supervisor,create,role-and-scope-specific,static,Source inventory only; requires model-specific runtime fixture,REVIEW_REQUIRED,addons/pm_qms_people/models/competency.py,109
pm_qms_people,pm.qms.competency.matrix.line,concrete,quality_supervisor,write,role-and-scope-specific,static,Source inventory only; requires model-specific runtime fixture,REVIEW_REQUIRED,addons/pm_qms_people/models/competency.py,109
pm_qms_people,pm.qms.competency.matrix.line,concrete,quality_supervisor,unlink,role-and-scope-specific,static,Source inventory only; requires model-specific runtime fixture,REVIEW_REQUIRED,addons/pm_qms_people/models/competency.py,109
pm_qms_people,pm.qms.competency.matrix.line,concrete,quality_manager,read,role-and-scope-specific,static,Source inventory only; requires model-specific runtime fixture,REVIEW_REQUIRED,addons/pm_qms_people/models/competency.py,109
pm_qms_people,pm.qms.competency.matrix.line,concrete,quality_manager,create,role-and-scope-specific,static,Source inventory only; requires model-specific runtime fixture,REVIEW_REQUIRED,addons/pm_qms_people/models/competency.py,109
pm_qms_people,pm.qms.competency.matrix.line,concrete,quality_manager,write,role-and-scope-specific,static,Source inventory only; requires model-specific runtime fixture,REVIEW_REQUIRED,addons/pm_qms_people/models/competency.py,109
pm_qms_people,pm.qms.competency.matrix.line,concrete,quality_manager,unlink,role-and-scope-specific,static,Source inventory only; requires model-specific runtime fixture,REVIEW_REQUIRED,addons/pm_qms_people/models/competency.py,109
pm_qms_people,pm.qms.competency.matrix.line,concrete,qms_administrator,read,role-and-scope-specific,static,Source inventory only; requires model-specific runtime fixture,REVIEW_REQUIRED,addons/pm_qms_people/models/competency.py,109
pm_qms_people,pm.qms.competency.matrix.line,concrete,qms_administrator,create,role-and-scope-specific,static,Source inventory only; requires model-specific runtime fixture,REVIEW_REQUIRED,addons/pm_qms_people/models/competency.py,109
pm_qms_people,pm.qms.competency.matrix.line,concrete,qms_administrator,write,role-and-scope-specific,static,Source inventory only; requires model-specific runtime fixture,REVIEW_REQUIRED,addons/pm_qms_people/models/competency.py,109
pm_qms_people,pm.qms.competency.matrix.line,concrete,qms_administrator,unlink,role-and-scope-specific,static,Source inventory only; requires model-specific runtime fixture,REVIEW_REQUIRED,addons/pm_qms_people/models/competency.py,109
pm_qms_people,pm.qms.competency.matrix.line,concrete,qms_licensing_administrator,read,role-and-scope-specific,static,Source inventory only; requires model-specific runtime fixture,REVIEW_REQUIRED,addons/pm_qms_people/models/competency.py,109
pm_qms_people,pm.qms.competency.matrix.line,concrete,qms_licensing_administrator,create,role-and-scope-specific,static,Source inventory only; requires model-specific runtime fixture,REVIEW_REQUIRED,addons/pm_qms_people/models/competency.py,109
pm_qms_people,pm.qms.competency.matrix.line,concrete,qms_licensing_administrator,write,role-and-scope-specific,static,Source inventory only; requires model-specific runtime fixture,REVIEW_REQUIRED,addons/pm_qms_people/models/competency.py,109
pm_qms_people,pm.qms.competency.matrix.line,concrete,qms_licensing_administrator,unlink,role-and-scope-specific,static,Source inventory only; requires model-specific runtime fixture,REVIEW_REQUIRED,addons/pm_qms_people/models/competency.py,109
pm_qms_people,pm.qms.competency.matrix.line,concrete,odoo_system_administrator,read,role-and-scope-specific,static,Source inventory only; requires model-specific runtime fixture,REVIEW_REQUIRED,addons/pm_qms_people/models/competency.py,109
pm_qms_people,pm.qms.competency.matrix.line,concrete,odoo_system_administrator,create,role-and-scope-specific,static,Source inventory only; requires model-specific runtime fixture,REVIEW_REQUIRED,addons/pm_qms_people/models/competency.py,109
pm_qms_people,pm.qms.competency.matrix.line,concrete,odoo_system_administrator,write,role-and-scope-specific,static,Source inventory only; requires model-specific runtime fixture,REVIEW_REQUIRED,addons/pm_qms_people/models/competency.py,109
pm_qms_people,pm.qms.competency.matrix.line,concrete,odoo_system_administrator,unlink,role-and-scope-specific,static,Source inventory only; requires model-specific runtime fixture,REVIEW_REQUIRED,addons/pm_qms_people/models/competency.py,109
pm_qms_core,pm.qms.control,concrete,public,read,deny,runtime,TestM27Security.test_public_and_portal_have_no_qms_model_or_side_channel_access,PASS,addons/pm_qms_core/models/control.py,4
pm_qms_core,pm.qms.control,concrete,public,create,deny,runtime,TestM27Security.test_public_and_portal_have_no_qms_model_or_side_channel_access,PASS,addons/pm_qms_core/models/control.py,4
pm_qms_core,pm.qms.control,concrete,public,write,deny,runtime,TestM27Security.test_public_and_portal_have_no_qms_model_or_side_channel_access,PASS,addons/pm_qms_core/models/control.py,4
pm_qms_core,pm.qms.control,concrete,public,unlink,deny,runtime,TestM27Security.test_public_and_portal_have_no_qms_model_or_side_channel_access,PASS,addons/pm_qms_core/models/control.py,4
pm_qms_core,pm.qms.control,concrete,portal,read,deny,runtime,TestM27Security.test_public_and_portal_have_no_qms_model_or_side_channel_access,PASS,addons/pm_qms_core/models/control.py,4
pm_qms_core,pm.qms.control,concrete,portal,create,deny,runtime,TestM27Security.test_public_and_portal_have_no_qms_model_or_side_channel_access,PASS,addons/pm_qms_core/models/control.py,4
pm_qms_core,pm.qms.control,concrete,portal,write,deny,runtime,TestM27Security.test_public_and_portal_have_no_qms_model_or_side_channel_access,PASS,addons/pm_qms_core/models/control.py,4
pm_qms_core,pm.qms.control,concrete,portal,unlink,deny,runtime,TestM27Security.test_public_and_portal_have_no_qms_model_or_side_channel_access,PASS,addons/pm_qms_core/models/control.py,4
pm_qms_core,pm.qms.control,concrete,qms_user,read,role-and-scope-specific,static,Source inventory only; requires model-specific runtime fixture,REVIEW_REQUIRED,addons/pm_qms_core/models/control.py,4
pm_qms_core,pm.qms.control,concrete,qms_user,create,role-and-scope-specific,static,Source inventory only; requires model-specific runtime fixture,REVIEW_REQUIRED,addons/pm_qms_core/models/control.py,4
pm_qms_core,pm.qms.control,concrete,qms_user,write,role-and-scope-specific,static,Source inventory only; requires model-specific runtime fixture,REVIEW_REQUIRED,addons/pm_qms_core/models/control.py,4
pm_qms_core,pm.qms.control,concrete,qms_user,unlink,role-and-scope-specific,static,Source inventory only; requires model-specific runtime fixture,REVIEW_REQUIRED,addons/pm_qms_core/models/control.py,4
pm_qms_core,pm.qms.control,concrete,qms_viewer,read,role-and-scope-specific,static,Source inventory only; requires model-specific runtime fixture,REVIEW_REQUIRED,addons/pm_qms_core/models/control.py,4
pm_qms_core,pm.qms.control,concrete,qms_viewer,create,role-and-scope-specific,static,Source inventory only; requires model-specific runtime fixture,REVIEW_REQUIRED,addons/pm_qms_core/models/control.py,4
pm_qms_core,pm.qms.control,concrete,qms_viewer,write,role-and-scope-specific,static,Source inventory only; requires model-specific runtime fixture,REVIEW_REQUIRED,addons/pm_qms_core/models/control.py,4
pm_qms_core,pm.qms.control,concrete,qms_viewer,unlink,role-and-scope-specific,static,Source inventory only; requires model-specific runtime fixture,REVIEW_REQUIRED,addons/pm_qms_core/models/control.py,4
pm_qms_core,pm.qms.control,concrete,quality_supervisor,read,role-and-scope-specific,static,Source inventory only; requires model-specific runtime fixture,REVIEW_REQUIRED,addons/pm_qms_core/models/control.py,4
pm_qms_core,pm.qms.control,concrete,quality_supervisor,create,role-and-scope-specific,static,Source inventory only; requires model-specific runtime fixture,REVIEW_REQUIRED,addons/pm_qms_core/models/control.py,4
pm_qms_core,pm.qms.control,concrete,quality_supervisor,write,role-and-scope-specific,static,Source inventory only; requires model-specific runtime fixture,REVIEW_REQUIRED,addons/pm_qms_core/models/control.py,4
pm_qms_core,pm.qms.control,concrete,quality_supervisor,unlink,role-and-scope-specific,static,Source inventory only; requires model-specific runtime fixture,REVIEW_REQUIRED,addons/pm_qms_core/models/control.py,4
pm_qms_core,pm.qms.control,concrete,quality_manager,read,role-and-scope-specific,static,Source inventory only; requires model-specific runtime fixture,REVIEW_REQUIRED,addons/pm_qms_core/models/control.py,4
pm_qms_core,pm.qms.control,concrete,quality_manager,create,role-and-scope-specific,static,Source inventory only; requires model-specific runtime fixture,REVIEW_REQUIRED,addons/pm_qms_core/models/control.py,4
pm_qms_core,pm.qms.control,concrete,quality_manager,write,role-and-scope-specific,static,Source inventory only; requires model-specific runtime fixture,REVIEW_REQUIRED,addons/pm_qms_core/models/control.py,4
pm_qms_core,pm.qms.control,concrete,quality_manager,unlink,role-and-scope-specific,static,Source inventory only; requires model-specific runtime fixture,REVIEW_REQUIRED,addons/pm_qms_core/models/control.py,4
pm_qms_core,pm.qms.control,concrete,qms_administrator,read,role-and-scope-specific,static,Source inventory only; requires model-specific runtime fixture,REVIEW_REQUIRED,addons/pm_qms_core/models/control.py,4
pm_qms_core,pm.qms.control,concrete,qms_administrator,create,role-and-scope-specific,static,Source inventory only; requires model-specific runtime fixture,REVIEW_REQUIRED,addons/pm_qms_core/models/control.py,4
pm_qms_core,pm.qms.control,concrete,qms_administrator,write,role-and-scope-specific,static,Source inventory only; requires model-specific runtime fixture,REVIEW_REQUIRED,addons/pm_qms_core/models/control.py,4
pm_qms_core,pm.qms.control,concrete,qms_administrator,unlink,role-and-scope-specific,static,Source inventory only; requires model-specific runtime fixture,REVIEW_REQUIRED,addons/pm_qms_core/models/control.py,4
pm_qms_core,pm.qms.control,concrete,qms_licensing_administrator,read,role-and-scope-specific,static,Source inventory only; requires model-specific runtime fixture,REVIEW_REQUIRED,addons/pm_qms_core/models/control.py,4
pm_qms_core,pm.qms.control,concrete,qms_licensing_administrator,create,role-and-scope-specific,static,Source inventory only; requires model-specific runtime fixture,REVIEW_REQUIRED,addons/pm_qms_core/models/control.py,4
pm_qms_core,pm.qms.control,concrete,qms_licensing_administrator,write,role-and-scope-specific,static,Source inventory only; requires model-specific runtime fixture,REVIEW_REQUIRED,addons/pm_qms_core/models/control.py,4
pm_qms_core,pm.qms.control,concrete,qms_licensing_administrator,unlink,role-and-scope-specific,static,Source inventory only; requires model-specific runtime fixture,REVIEW_REQUIRED,addons/pm_qms_core/models/control.py,4
pm_qms_core,pm.qms.control,concrete,odoo_system_administrator,read,role-and-scope-specific,static,Source inventory only; requires model-specific runtime fixture,REVIEW_REQUIRED,addons/pm_qms_core/models/control.py,4
pm_qms_core,pm.qms.control,concrete,odoo_system_administrator,create,role-and-scope-specific,static,Source inventory only; requires model-specific runtime fixture,REVIEW_REQUIRED,addons/pm_qms_core/models/control.py,4
pm_qms_core,pm.qms.control,concrete,odoo_system_administrator,write,role-and-scope-specific,static,Source inventory only; requires model-specific runtime fixture,REVIEW_REQUIRED,addons/pm_qms_core/models/control.py,4
pm_qms_core,pm.qms.control,concrete,odoo_system_administrator,unlink,role-and-scope-specific,static,Source inventory only; requires model-specific runtime fixture,REVIEW_REQUIRED,addons/pm_qms_core/models/control.py,4
pm_qms_core,pm.qms.control.instance,concrete,public,read,deny,runtime,TestM27Security.test_public_and_portal_have_no_qms_model_or_side_channel_access,PASS,addons/pm_qms_core/models/control_instance.py,5
pm_qms_core,pm.qms.control.instance,concrete,public,create,deny,runtime,TestM27Security.test_public_and_portal_have_no_qms_model_or_side_channel_access,PASS,addons/pm_qms_core/models/control_instance.py,5
pm_qms_core,pm.qms.control.instance,concrete,public,write,deny,runtime,TestM27Security.test_public_and_portal_have_no_qms_model_or_side_channel_access,PASS,addons/pm_qms_core/models/control_instance.py,5
pm_qms_core,pm.qms.control.instance,concrete,public,unlink,deny,runtime,TestM27Security.test_public_and_portal_have_no_qms_model_or_side_channel_access,PASS,addons/pm_qms_core/models/control_instance.py,5
pm_qms_core,pm.qms.control.instance,concrete,portal,read,deny,runtime,TestM27Security.test_public_and_portal_have_no_qms_model_or_side_channel_access,PASS,addons/pm_qms_core/models/control_instance.py,5
pm_qms_core,pm.qms.control.instance,concrete,portal,create,deny,runtime,TestM27Security.test_public_and_portal_have_no_qms_model_or_side_channel_access,PASS,addons/pm_qms_core/models/control_instance.py,5
pm_qms_core,pm.qms.control.instance,concrete,portal,write,deny,runtime,TestM27Security.test_public_and_portal_have_no_qms_model_or_side_channel_access,PASS,addons/pm_qms_core/models/control_instance.py,5
pm_qms_core,pm.qms.control.instance,concrete,portal,unlink,deny,runtime,TestM27Security.test_public_and_portal_have_no_qms_model_or_side_channel_access,PASS,addons/pm_qms_core/models/control_instance.py,5
pm_qms_core,pm.qms.control.instance,concrete,qms_user,read,role-and-scope-specific,static,Source inventory only; requires model-specific runtime fixture,REVIEW_REQUIRED,addons/pm_qms_core/models/control_instance.py,5
pm_qms_core,pm.qms.control.instance,concrete,qms_user,create,role-and-scope-specific,static,Source inventory only; requires model-specific runtime fixture,REVIEW_REQUIRED,addons/pm_qms_core/models/control_instance.py,5
pm_qms_core,pm.qms.control.instance,concrete,qms_user,write,role-and-scope-specific,static,Source inventory only; requires model-specific runtime fixture,REVIEW_REQUIRED,addons/pm_qms_core/models/control_instance.py,5
pm_qms_core,pm.qms.control.instance,concrete,qms_user,unlink,role-and-scope-specific,static,Source inventory only; requires model-specific runtime fixture,REVIEW_REQUIRED,addons/pm_qms_core/models/control_instance.py,5
pm_qms_core,pm.qms.control.instance,concrete,qms_viewer,read,role-and-scope-specific,static,Source inventory only; requires model-specific runtime fixture,REVIEW_REQUIRED,addons/pm_qms_core/models/control_instance.py,5
pm_qms_core,pm.qms.control.instance,concrete,qms_viewer,create,role-and-scope-specific,static,Source inventory only; requires model-specific runtime fixture,REVIEW_REQUIRED,addons/pm_qms_core/models/control_instance.py,5
pm_qms_core,pm.qms.control.instance,concrete,qms_viewer,write,role-and-scope-specific,static,Source inventory only; requires model-specific runtime fixture,REVIEW_REQUIRED,addons/pm_qms_core/models/control_instance.py,5
pm_qms_core,pm.qms.control.instance,concrete,qms_viewer,unlink,role-and-scope-specific,static,Source inventory only; requires model-specific runtime fixture,REVIEW_REQUIRED,addons/pm_qms_core/models/control_instance.py,5
pm_qms_core,pm.qms.control.instance,concrete,quality_supervisor,read,role-and-scope-specific,static,Source inventory only; requires model-specific runtime fixture,REVIEW_REQUIRED,addons/pm_qms_core/models/control_instance.py,5
pm_qms_core,pm.qms.control.instance,concrete,quality_supervisor,create,role-and-scope-specific,static,Source inventory only; requires model-specific runtime fixture,REVIEW_REQUIRED,addons/pm_qms_core/models/control_instance.py,5
pm_qms_core,pm.qms.control.instance,concrete,quality_supervisor,write,role-and-scope-specific,static,Source inventory only; requires model-specific runtime fixture,REVIEW_REQUIRED,addons/pm_qms_core/models/control_instance.py,5
pm_qms_core,pm.qms.control.instance,concrete,quality_supervisor,unlink,role-and-scope-specific,static,Source inventory only; requires model-specific runtime fixture,REVIEW_REQUIRED,addons/pm_qms_core/models/control_instance.py,5
pm_qms_core,pm.qms.control.instance,concrete,quality_manager,read,role-and-scope-specific,static,Source inventory only; requires model-specific runtime fixture,REVIEW_REQUIRED,addons/pm_qms_core/models/control_instance.py,5
pm_qms_core,pm.qms.control.instance,concrete,quality_manager,create,role-and-scope-specific,static,Source inventory only; requires model-specific runtime fixture,REVIEW_REQUIRED,addons/pm_qms_core/models/control_instance.py,5
pm_qms_core,pm.qms.control.instance,concrete,quality_manager,write,role-and-scope-specific,static,Source inventory only; requires model-specific runtime fixture,REVIEW_REQUIRED,addons/pm_qms_core/models/control_instance.py,5
pm_qms_core,pm.qms.control.instance,concrete,quality_manager,unlink,role-and-scope-specific,static,Source inventory only; requires model-specific runtime fixture,REVIEW_REQUIRED,addons/pm_qms_core/models/control_instance.py,5
pm_qms_core,pm.qms.control.instance,concrete,qms_administrator,read,role-and-scope-specific,static,Source inventory only; requires model-specific runtime fixture,REVIEW_REQUIRED,addons/pm_qms_core/models/control_instance.py,5
pm_qms_core,pm.qms.control.instance,concrete,qms_administrator,create,role-and-scope-specific,static,Source inventory only; requires model-specific runtime fixture,REVIEW_REQUIRED,addons/pm_qms_core/models/control_instance.py,5
pm_qms_core,pm.qms.control.instance,concrete,qms_administrator,write,role-and-scope-specific,static,Source inventory only; requires model-specific runtime fixture,REVIEW_REQUIRED,addons/pm_qms_core/models/control_instance.py,5
pm_qms_core,pm.qms.control.instance,concrete,qms_administrator,unlink,role-and-scope-specific,static,Source inventory only; requires model-specific runtime fixture,REVIEW_REQUIRED,addons/pm_qms_core/models/control_instance.py,5
pm_qms_core,pm.qms.control.instance,concrete,qms_licensing_administrator,read,role-and-scope-specific,static,Source inventory only; requires model-specific runtime fixture,REVIEW_REQUIRED,addons/pm_qms_core/models/control_instance.py,5
pm_qms_core,pm.qms.control.instance,concrete,qms_licensing_administrator,create,role-and-scope-specific,static,Source inventory only; requires model-specific runtime fixture,REVIEW_REQUIRED,addons/pm_qms_core/models/control_instance.py,5
pm_qms_core,pm.qms.control.instance,concrete,qms_licensing_administrator,write,role-and-scope-specific,static,Source inventory only; requires model-specific runtime fixture,REVIEW_REQUIRED,addons/pm_qms_core/models/control_instance.py,5
pm_qms_core,pm.qms.control.instance,concrete,qms_licensing_administrator,unlink,role-and-scope-specific,static,Source inventory only; requires model-specific runtime fixture,REVIEW_REQUIRED,addons/pm_qms_core/models/control_instance.py,5
pm_qms_core,pm.qms.control.instance,concrete,odoo_system_administrator,read,role-and-scope-specific,static,Source inventory only; requires model-specific runtime fixture,REVIEW_REQUIRED,addons/pm_qms_core/models/control_instance.py,5
pm_qms_core,pm.qms.control.instance,concrete,odoo_system_administrator,create,role-and-scope-specific,static,Source inventory only; requires model-specific runtime fixture,REVIEW_REQUIRED,addons/pm_qms_core/models/control_instance.py,5
pm_qms_core,pm.qms.control.instance,concrete,odoo_system_administrator,write,role-and-scope-specific,static,Source inventory only; requires model-specific runtime fixture,REVIEW_REQUIRED,addons/pm_qms_core/models/control_instance.py,5
pm_qms_core,pm.qms.control.instance,concrete,odoo_system_administrator,unlink,role-and-scope-specific,static,Source inventory only; requires model-specific runtime fixture,REVIEW_REQUIRED,addons/pm_qms_core/models/control_instance.py,5
pm_qms_cost_quality,pm.qms.cost.event,concrete,public,read,deny,runtime,TestM27Security.test_public_and_portal_have_no_qms_model_or_side_channel_access,PASS,addons/pm_qms_cost_quality/models/cost_quality.py,39
pm_qms_cost_quality,pm.qms.cost.event,concrete,public,create,deny,runtime,TestM27Security.test_public_and_portal_have_no_qms_model_or_side_channel_access,PASS,addons/pm_qms_cost_quality/models/cost_quality.py,39
pm_qms_cost_quality,pm.qms.cost.event,concrete,public,write,deny,runtime,TestM27Security.test_public_and_portal_have_no_qms_model_or_side_channel_access,PASS,addons/pm_qms_cost_quality/models/cost_quality.py,39
pm_qms_cost_quality,pm.qms.cost.event,concrete,public,unlink,deny,runtime,TestM27Security.test_public_and_portal_have_no_qms_model_or_side_channel_access,PASS,addons/pm_qms_cost_quality/models/cost_quality.py,39
pm_qms_cost_quality,pm.qms.cost.event,concrete,portal,read,deny,runtime,TestM27Security.test_public_and_portal_have_no_qms_model_or_side_channel_access,PASS,addons/pm_qms_cost_quality/models/cost_quality.py,39
pm_qms_cost_quality,pm.qms.cost.event,concrete,portal,create,deny,runtime,TestM27Security.test_public_and_portal_have_no_qms_model_or_side_channel_access,PASS,addons/pm_qms_cost_quality/models/cost_quality.py,39
pm_qms_cost_quality,pm.qms.cost.event,concrete,portal,write,deny,runtime,TestM27Security.test_public_and_portal_have_no_qms_model_or_side_channel_access,PASS,addons/pm_qms_cost_quality/models/cost_quality.py,39
pm_qms_cost_quality,pm.qms.cost.event,concrete,portal,unlink,deny,runtime,TestM27Security.test_public_and_portal_have_no_qms_model_or_side_channel_access,PASS,addons/pm_qms_cost_quality/models/cost_quality.py,39
pm_qms_cost_quality,pm.qms.cost.event,concrete,qms_user,read,role-and-scope-specific,static,Source inventory only; requires model-specific runtime fixture,REVIEW_REQUIRED,addons/pm_qms_cost_quality/models/cost_quality.py,39
pm_qms_cost_quality,pm.qms.cost.event,concrete,qms_user,create,role-and-scope-specific,static,Source inventory only; requires model-specific runtime fixture,REVIEW_REQUIRED,addons/pm_qms_cost_quality/models/cost_quality.py,39
pm_qms_cost_quality,pm.qms.cost.event,concrete,qms_user,write,role-and-scope-specific,static,Source inventory only; requires model-specific runtime fixture,REVIEW_REQUIRED,addons/pm_qms_cost_quality/models/cost_quality.py,39
pm_qms_cost_quality,pm.qms.cost.event,concrete,qms_user,unlink,role-and-scope-specific,static,Source inventory only; requires model-specific runtime fixture,REVIEW_REQUIRED,addons/pm_qms_cost_quality/models/cost_quality.py,39
pm_qms_cost_quality,pm.qms.cost.event,concrete,qms_viewer,read,role-and-scope-specific,static,Source inventory only; requires model-specific runtime fixture,REVIEW_REQUIRED,addons/pm_qms_cost_quality/models/cost_quality.py,39
pm_qms_cost_quality,pm.qms.cost.event,concrete,qms_viewer,create,role-and-scope-specific,static,Source inventory only; requires model-specific runtime fixture,REVIEW_REQUIRED,addons/pm_qms_cost_quality/models/cost_quality.py,39
pm_qms_cost_quality,pm.qms.cost.event,concrete,qms_viewer,write,role-and-scope-specific,static,Source inventory only; requires model-specific runtime fixture,REVIEW_REQUIRED,addons/pm_qms_cost_quality/models/cost_quality.py,39
pm_qms_cost_quality,pm.qms.cost.event,concrete,qms_viewer,unlink,role-and-scope-specific,static,Source inventory only; requires model-specific runtime fixture,REVIEW_REQUIRED,addons/pm_qms_cost_quality/models/cost_quality.py,39
pm_qms_cost_quality,pm.qms.cost.event,concrete,quality_supervisor,read,role-and-scope-specific,static,Source inventory only; requires model-specific runtime fixture,REVIEW_REQUIRED,addons/pm_qms_cost_quality/models/cost_quality.py,39
pm_qms_cost_quality,pm.qms.cost.event,concrete,quality_supervisor,create,role-and-scope-specific,static,Source inventory only; requires model-specific runtime fixture,REVIEW_REQUIRED,addons/pm_qms_cost_quality/models/cost_quality.py,39
pm_qms_cost_quality,pm.qms.cost.event,concrete,quality_supervisor,write,role-and-scope-specific,static,Source inventory only; requires model-specific runtime fixture,REVIEW_REQUIRED,addons/pm_qms_cost_quality/models/cost_quality.py,39
pm_qms_cost_quality,pm.qms.cost.event,concrete,quality_supervisor,unlink,role-and-scope-specific,static,Source inventory only; requires model-specific runtime fixture,REVIEW_REQUIRED,addons/pm_qms_cost_quality/models/cost_quality.py,39
pm_qms_cost_quality,pm.qms.cost.event,concrete,quality_manager,read,role-and-scope-specific,static,Source inventory only; requires model-specific runtime fixture,REVIEW_REQUIRED,addons/pm_qms_cost_quality/models/cost_quality.py,39
pm_qms_cost_quality,pm.qms.cost.event,concrete,quality_manager,create,role-and-scope-specific,static,Source inventory only; requires model-specific runtime fixture,REVIEW_REQUIRED,addons/pm_qms_cost_quality/models/cost_quality.py,39
pm_qms_cost_quality,pm.qms.cost.event,concrete,quality_manager,write,role-and-scope-specific,static,Source inventory only; requires model-specific runtime fixture,REVIEW_REQUIRED,addons/pm_qms_cost_quality/models/cost_quality.py,39
pm_qms_cost_quality,pm.qms.cost.event,concrete,quality_manager,unlink,role-and-scope-specific,static,Source inventory only; requires model-specific runtime fixture,REVIEW_REQUIRED,addons/pm_qms_cost_quality/models/cost_quality.py,39
pm_qms_cost_quality,pm.qms.cost.event,concrete,qms_administrator,read,role-and-scope-specific,static,Source inventory only; requires model-specific runtime fixture,REVIEW_REQUIRED,addons/pm_qms_cost_quality/models/cost_quality.py,39
pm_qms_cost_quality,pm.qms.cost.event,concrete,qms_administrator,create,role-and-scope-specific,static,Source inventory only; requires model-specific runtime fixture,REVIEW_REQUIRED,addons/pm_qms_cost_quality/models/cost_quality.py,39
pm_qms_cost_quality,pm.qms.cost.event,concrete,qms_administrator,write,role-and-scope-specific,static,Source inventory only; requires model-specific runtime fixture,REVIEW_REQUIRED,addons/pm_qms_cost_quality/models/cost_quality.py,39
pm_qms_cost_quality,pm.qms.cost.event,concrete,qms_administrator,unlink,role-and-scope-specific,static,Source inventory only; requires model-specific runtime fixture,REVIEW_REQUIRED,addons/pm_qms_cost_quality/models/cost_quality.py,39
pm_qms_cost_quality,pm.qms.cost.event,concrete,qms_licensing_administrator,read,role-and-scope-specific,static,Source inventory only; requires model-specific runtime fixture,REVIEW_REQUIRED,addons/pm_qms_cost_quality/models/cost_quality.py,39
pm_qms_cost_quality,pm.qms.cost.event,concrete,qms_licensing_administrator,create,role-and-scope-specific,static,Source inventory only; requires model-specific runtime fixture,REVIEW_REQUIRED,addons/pm_qms_cost_quality/models/cost_quality.py,39
pm_qms_cost_quality,pm.qms.cost.event,concrete,qms_licensing_administrator,write,role-and-scope-specific,static,Source inventory only; requires model-specific runtime fixture,REVIEW_REQUIRED,addons/pm_qms_cost_quality/models/cost_quality.py,39
pm_qms_cost_quality,pm.qms.cost.event,concrete,qms_licensing_administrator,unlink,role-and-scope-specific,static,Source inventory only; requires model-specific runtime fixture,REVIEW_REQUIRED,addons/pm_qms_cost_quality/models/cost_quality.py,39
pm_qms_cost_quality,pm.qms.cost.event,concrete,odoo_system_administrator,read,role-and-scope-specific,static,Source inventory only; requires model-specific runtime fixture,REVIEW_REQUIRED,addons/pm_qms_cost_quality/models/cost_quality.py,39
pm_qms_cost_quality,pm.qms.cost.event,concrete,odoo_system_administrator,create,role-and-scope-specific,static,Source inventory only; requires model-specific runtime fixture,REVIEW_REQUIRED,addons/pm_qms_cost_quality/models/cost_quality.py,39
pm_qms_cost_quality,pm.qms.cost.event,concrete,odoo_system_administrator,write,role-and-scope-specific,static,Source inventory only; requires model-specific runtime fixture,REVIEW_REQUIRED,addons/pm_qms_cost_quality/models/cost_quality.py,39
pm_qms_cost_quality,pm.qms.cost.event,concrete,odoo_system_administrator,unlink,role-and-scope-specific,static,Source inventory only; requires model-specific runtime fixture,REVIEW_REQUIRED,addons/pm_qms_cost_quality/models/cost_quality.py,39
pm_qms_cost_quality,pm.qms.cost.line,concrete,public,read,deny,runtime,TestM27Security.test_public_and_portal_have_no_qms_model_or_side_channel_access,PASS,addons/pm_qms_cost_quality/models/cost_quality.py,213
pm_qms_cost_quality,pm.qms.cost.line,concrete,public,create,deny,runtime,TestM27Security.test_public_and_portal_have_no_qms_model_or_side_channel_access,PASS,addons/pm_qms_cost_quality/models/cost_quality.py,213
pm_qms_cost_quality,pm.qms.cost.line,concrete,public,write,deny,runtime,TestM27Security.test_public_and_portal_have_no_qms_model_or_side_channel_access,PASS,addons/pm_qms_cost_quality/models/cost_quality.py,213
pm_qms_cost_quality,pm.qms.cost.line,concrete,public,unlink,deny,runtime,TestM27Security.test_public_and_portal_have_no_qms_model_or_side_channel_access,PASS,addons/pm_qms_cost_quality/models/cost_quality.py,213
pm_qms_cost_quality,pm.qms.cost.line,concrete,portal,read,deny,runtime,TestM27Security.test_public_and_portal_have_no_qms_model_or_side_channel_access,PASS,addons/pm_qms_cost_quality/models/cost_quality.py,213
pm_qms_cost_quality,pm.qms.cost.line,concrete,portal,create,deny,runtime,TestM27Security.test_public_and_portal_have_no_qms_model_or_side_channel_access,PASS,addons/pm_qms_cost_quality/models/cost_quality.py,213
pm_qms_cost_quality,pm.qms.cost.line,concrete,portal,write,deny,runtime,TestM27Security.test_public_and_portal_have_no_qms_model_or_side_channel_access,PASS,addons/pm_qms_cost_quality/models/cost_quality.py,213
pm_qms_cost_quality,pm.qms.cost.line,concrete,portal,unlink,deny,runtime,TestM27Security.test_public_and_portal_have_no_qms_model_or_side_channel_access,PASS,addons/pm_qms_cost_quality/models/cost_quality.py,213
pm_qms_cost_quality,pm.qms.cost.line,concrete,qms_user,read,role-and-scope-specific,static,Source inventory only; requires model-specific runtime fixture,REVIEW_REQUIRED,addons/pm_qms_cost_quality/models/cost_quality.py,213
pm_qms_cost_quality,pm.qms.cost.line,concrete,qms_user,create,role-and-scope-specific,static,Source inventory only; requires model-specific runtime fixture,REVIEW_REQUIRED,addons/pm_qms_cost_quality/models/cost_quality.py,213
pm_qms_cost_quality,pm.qms.cost.line,concrete,qms_user,write,role-and-scope-specific,static,Source inventory only; requires model-specific runtime fixture,REVIEW_REQUIRED,addons/pm_qms_cost_quality/models/cost_quality.py,213
pm_qms_cost_quality,pm.qms.cost.line,concrete,qms_user,unlink,role-and-scope-specific,static,Source inventory only; requires model-specific runtime fixture,REVIEW_REQUIRED,addons/pm_qms_cost_quality/models/cost_quality.py,213
pm_qms_cost_quality,pm.qms.cost.line,concrete,qms_viewer,read,role-and-scope-specific,static,Source inventory only; requires model-specific runtime fixture,REVIEW_REQUIRED,addons/pm_qms_cost_quality/models/cost_quality.py,213
pm_qms_cost_quality,pm.qms.cost.line,concrete,qms_viewer,create,role-and-scope-specific,static,Source inventory only; requires model-specific runtime fixture,REVIEW_REQUIRED,addons/pm_qms_cost_quality/models/cost_quality.py,213
pm_qms_cost_quality,pm.qms.cost.line,concrete,qms_viewer,write,role-and-scope-specific,static,Source inventory only; requires model-specific runtime fixture,REVIEW_REQUIRED,addons/pm_qms_cost_quality/models/cost_quality.py,213
pm_qms_cost_quality,pm.qms.cost.line,concrete,qms_viewer,unlink,role-and-scope-specific,static,Source inventory only; requires model-specific runtime fixture,REVIEW_REQUIRED,addons/pm_qms_cost_quality/models/cost_quality.py,213
pm_qms_cost_quality,pm.qms.cost.line,concrete,quality_supervisor,read,role-and-scope-specific,static,Source inventory only; requires model-specific runtime fixture,REVIEW_REQUIRED,addons/pm_qms_cost_quality/models/cost_quality.py,213
pm_qms_cost_quality,pm.qms.cost.line,concrete,quality_supervisor,create,role-and-scope-specific,static,Source inventory only; requires model-specific runtime fixture,REVIEW_REQUIRED,addons/pm_qms_cost_quality/models/cost_quality.py,213
pm_qms_cost_quality,pm.qms.cost.line,concrete,quality_supervisor,write,role-and-scope-specific,static,Source inventory only; requires model-specific runtime fixture,REVIEW_REQUIRED,addons/pm_qms_cost_quality/models/cost_quality.py,213
pm_qms_cost_quality,pm.qms.cost.line,concrete,quality_supervisor,unlink,role-and-scope-specific,static,Source inventory only; requires model-specific runtime fixture,REVIEW_REQUIRED,addons/pm_qms_cost_quality/models/cost_quality.py,213
pm_qms_cost_quality,pm.qms.cost.line,concrete,quality_manager,read,role-and-scope-specific,static,Source inventory only; requires model-specific runtime fixture,REVIEW_REQUIRED,addons/pm_qms_cost_quality/models/cost_quality.py,213
pm_qms_cost_quality,pm.qms.cost.line,concrete,quality_manager,create,role-and-scope-specific,static,Source inventory only; requires model-specific runtime fixture,REVIEW_REQUIRED,addons/pm_qms_cost_quality/models/cost_quality.py,213
pm_qms_cost_quality,pm.qms.cost.line,concrete,quality_manager,write,role-and-scope-specific,static,Source inventory only; requires model-specific runtime fixture,REVIEW_REQUIRED,addons/pm_qms_cost_quality/models/cost_quality.py,213
pm_qms_cost_quality,pm.qms.cost.line,concrete,quality_manager,unlink,role-and-scope-specific,static,Source inventory only; requires model-specific runtime fixture,REVIEW_REQUIRED,addons/pm_qms_cost_quality/models/cost_quality.py,213
pm_qms_cost_quality,pm.qms.cost.line,concrete,qms_administrator,read,role-and-scope-specific,static,Source inventory only; requires model-specific runtime fixture,REVIEW_REQUIRED,addons/pm_qms_cost_quality/models/cost_quality.py,213
pm_qms_cost_quality,pm.qms.cost.line,concrete,qms_administrator,create,role-and-scope-specific,static,Source inventory only; requires model-specific runtime fixture,REVIEW_REQUIRED,addons/pm_qms_cost_quality/models/cost_quality.py,213
pm_qms_cost_quality,pm.qms.cost.line,concrete,qms_administrator,write,role-and-scope-specific,static,Source inventory only; requires model-specific runtime fixture,REVIEW_REQUIRED,addons/pm_qms_cost_quality/models/cost_quality.py,213
pm_qms_cost_quality,pm.qms.cost.line,concrete,qms_administrator,unlink,role-and-scope-specific,static,Source inventory only; requires model-specific runtime fixture,REVIEW_REQUIRED,addons/pm_qms_cost_quality/models/cost_quality.py,213
pm_qms_cost_quality,pm.qms.cost.line,concrete,qms_licensing_administrator,read,role-and-scope-specific,static,Source inventory only; requires model-specific runtime fixture,REVIEW_REQUIRED,addons/pm_qms_cost_quality/models/cost_quality.py,213
pm_qms_cost_quality,pm.qms.cost.line,concrete,qms_licensing_administrator,create,role-and-scope-specific,static,Source inventory only; requires model-specific runtime fixture,REVIEW_REQUIRED,addons/pm_qms_cost_quality/models/cost_quality.py,213
pm_qms_cost_quality,pm.qms.cost.line,concrete,qms_licensing_administrator,write,role-and-scope-specific,static,Source inventory only; requires model-specific runtime fixture,REVIEW_REQUIRED,addons/pm_qms_cost_quality/models/cost_quality.py,213
pm_qms_cost_quality,pm.qms.cost.line,concrete,qms_licensing_administrator,unlink,role-and-scope-specific,static,Source inventory only; requires model-specific runtime fixture,REVIEW_REQUIRED,addons/pm_qms_cost_quality/models/cost_quality.py,213
pm_qms_cost_quality,pm.qms.cost.line,concrete,odoo_system_administrator,read,role-and-scope-specific,static,Source inventory only; requires model-specific runtime fixture,REVIEW_REQUIRED,addons/pm_qms_cost_quality/models/cost_quality.py,213
pm_qms_cost_quality,pm.qms.cost.line,concrete,odoo_system_administrator,create,role-and-scope-specific,static,Source inventory only; requires model-specific runtime fixture,REVIEW_REQUIRED,addons/pm_qms_cost_quality/models/cost_quality.py,213
pm_qms_cost_quality,pm.qms.cost.line,concrete,odoo_system_administrator,write,role-and-scope-specific,static,Source inventory only; requires model-specific runtime fixture,REVIEW_REQUIRED,addons/pm_qms_cost_quality/models/cost_quality.py,213
pm_qms_cost_quality,pm.qms.cost.line,concrete,odoo_system_administrator,unlink,role-and-scope-specific,static,Source inventory only; requires model-specific runtime fixture,REVIEW_REQUIRED,addons/pm_qms_cost_quality/models/cost_quality.py,213
pm_qms_cost_quality,pm.qms.cost.type,concrete,public,read,deny,runtime,TestM27Security.test_public_and_portal_have_no_qms_model_or_side_channel_access,PASS,addons/pm_qms_cost_quality/models/cost_quality.py,15
pm_qms_cost_quality,pm.qms.cost.type,concrete,public,create,deny,runtime,TestM27Security.test_public_and_portal_have_no_qms_model_or_side_channel_access,PASS,addons/pm_qms_cost_quality/models/cost_quality.py,15
pm_qms_cost_quality,pm.qms.cost.type,concrete,public,write,deny,runtime,TestM27Security.test_public_and_portal_have_no_qms_model_or_side_channel_access,PASS,addons/pm_qms_cost_quality/models/cost_quality.py,15
pm_qms_cost_quality,pm.qms.cost.type,concrete,public,unlink,deny,runtime,TestM27Security.test_public_and_portal_have_no_qms_model_or_side_channel_access,PASS,addons/pm_qms_cost_quality/models/cost_quality.py,15
pm_qms_cost_quality,pm.qms.cost.type,concrete,portal,read,deny,runtime,TestM27Security.test_public_and_portal_have_no_qms_model_or_side_channel_access,PASS,addons/pm_qms_cost_quality/models/cost_quality.py,15
pm_qms_cost_quality,pm.qms.cost.type,concrete,portal,create,deny,runtime,TestM27Security.test_public_and_portal_have_no_qms_model_or_side_channel_access,PASS,addons/pm_qms_cost_quality/models/cost_quality.py,15
pm_qms_cost_quality,pm.qms.cost.type,concrete,portal,write,deny,runtime,TestM27Security.test_public_and_portal_have_no_qms_model_or_side_channel_access,PASS,addons/pm_qms_cost_quality/models/cost_quality.py,15
pm_qms_cost_quality,pm.qms.cost.type,concrete,portal,unlink,deny,runtime,TestM27Security.test_public_and_portal_have_no_qms_model_or_side_channel_access,PASS,addons/pm_qms_cost_quality/models/cost_quality.py,15
pm_qms_cost_quality,pm.qms.cost.type,concrete,qms_user,read,role-and-scope-specific,static,Source inventory only; requires model-specific runtime fixture,REVIEW_REQUIRED,addons/pm_qms_cost_quality/models/cost_quality.py,15
pm_qms_cost_quality,pm.qms.cost.type,concrete,qms_user,create,role-and-scope-specific,static,Source inventory only; requires model-specific runtime fixture,REVIEW_REQUIRED,addons/pm_qms_cost_quality/models/cost_quality.py,15
pm_qms_cost_quality,pm.qms.cost.type,concrete,qms_user,write,role-and-scope-specific,static,Source inventory only; requires model-specific runtime fixture,REVIEW_REQUIRED,addons/pm_qms_cost_quality/models/cost_quality.py,15
pm_qms_cost_quality,pm.qms.cost.type,concrete,qms_user,unlink,role-and-scope-specific,static,Source inventory only; requires model-specific runtime fixture,REVIEW_REQUIRED,addons/pm_qms_cost_quality/models/cost_quality.py,15
pm_qms_cost_quality,pm.qms.cost.type,concrete,qms_viewer,read,role-and-scope-specific,static,Source inventory only; requires model-specific runtime fixture,REVIEW_REQUIRED,addons/pm_qms_cost_quality/models/cost_quality.py,15
pm_qms_cost_quality,pm.qms.cost.type,concrete,qms_viewer,create,role-and-scope-specific,static,Source inventory only; requires model-specific runtime fixture,REVIEW_REQUIRED,addons/pm_qms_cost_quality/models/cost_quality.py,15
pm_qms_cost_quality,pm.qms.cost.type,concrete,qms_viewer,write,role-and-scope-specific,static,Source inventory only; requires model-specific runtime fixture,REVIEW_REQUIRED,addons/pm_qms_cost_quality/models/cost_quality.py,15
pm_qms_cost_quality,pm.qms.cost.type,concrete,qms_viewer,unlink,role-and-scope-specific,static,Source inventory only; requires model-specific runtime fixture,REVIEW_REQUIRED,addons/pm_qms_cost_quality/models/cost_quality.py,15
pm_qms_cost_quality,pm.qms.cost.type,concrete,quality_supervisor,read,role-and-scope-specific,static,Source inventory only; requires model-specific runtime fixture,REVIEW_REQUIRED,addons/pm_qms_cost_quality/models/cost_quality.py,15
pm_qms_cost_quality,pm.qms.cost.type,concrete,quality_supervisor,create,role-and-scope-specific,static,Source inventory only; requires model-specific runtime fixture,REVIEW_REQUIRED,addons/pm_qms_cost_quality/models/cost_quality.py,15
pm_qms_cost_quality,pm.qms.cost.type,concrete,quality_supervisor,write,role-and-scope-specific,static,Source inventory only; requires model-specific runtime fixture,REVIEW_REQUIRED,addons/pm_qms_cost_quality/models/cost_quality.py,15
pm_qms_cost_quality,pm.qms.cost.type,concrete,quality_supervisor,unlink,role-and-scope-specific,static,Source inventory only; requires model-specific runtime fixture,REVIEW_REQUIRED,addons/pm_qms_cost_quality/models/cost_quality.py,15
pm_qms_cost_quality,pm.qms.cost.type,concrete,quality_manager,read,role-and-scope-specific,static,Source inventory only; requires model-specific runtime fixture,REVIEW_REQUIRED,addons/pm_qms_cost_quality/models/cost_quality.py,15
pm_qms_cost_quality,pm.qms.cost.type,concrete,quality_manager,create,role-and-scope-specific,static,Source inventory only; requires model-specific runtime fixture,REVIEW_REQUIRED,addons/pm_qms_cost_quality/models/cost_quality.py,15
pm_qms_cost_quality,pm.qms.cost.type,concrete,quality_manager,write,role-and-scope-specific,static,Source inventory only; requires model-specific runtime fixture,REVIEW_REQUIRED,addons/pm_qms_cost_quality/models/cost_quality.py,15
pm_qms_cost_quality,pm.qms.cost.type,concrete,quality_manager,unlink,role-and-scope-specific,static,Source inventory only; requires model-specific runtime fixture,REVIEW_REQUIRED,addons/pm_qms_cost_quality/models/cost_quality.py,15
pm_qms_cost_quality,pm.qms.cost.type,concrete,qms_administrator,read,role-and-scope-specific,static,Source inventory only; requires model-specific runtime fixture,REVIEW_REQUIRED,addons/pm_qms_cost_quality/models/cost_quality.py,15
pm_qms_cost_quality,pm.qms.cost.type,concrete,qms_administrator,create,role-and-scope-specific,static,Source inventory only; requires model-specific runtime fixture,REVIEW_REQUIRED,addons/pm_qms_cost_quality/models/cost_quality.py,15
pm_qms_cost_quality,pm.qms.cost.type,concrete,qms_administrator,write,role-and-scope-specific,static,Source inventory only; requires model-specific runtime fixture,REVIEW_REQUIRED,addons/pm_qms_cost_quality/models/cost_quality.py,15
pm_qms_cost_quality,pm.qms.cost.type,concrete,qms_administrator,unlink,role-and-scope-specific,static,Source inventory only; requires model-specific runtime fixture,REVIEW_REQUIRED,addons/pm_qms_cost_quality/models/cost_quality.py,15
pm_qms_cost_quality,pm.qms.cost.type,concrete,qms_licensing_administrator,read,role-and-scope-specific,static,Source inventory only; requires model-specific runtime fixture,REVIEW_REQUIRED,addons/pm_qms_cost_quality/models/cost_quality.py,15
pm_qms_cost_quality,pm.qms.cost.type,concrete,qms_licensing_administrator,create,role-and-scope-specific,static,Source inventory only; requires model-specific runtime fixture,REVIEW_REQUIRED,addons/pm_qms_cost_quality/models/cost_quality.py,15
pm_qms_cost_quality,pm.qms.cost.type,concrete,qms_licensing_administrator,write,role-and-scope-specific,static,Source inventory only; requires model-specific runtime fixture,REVIEW_REQUIRED,addons/pm_qms_cost_quality/models/cost_quality.py,15
pm_qms_cost_quality,pm.qms.cost.type,concrete,qms_licensing_administrator,unlink,role-and-scope-specific,static,Source inventory only; requires model-specific runtime fixture,REVIEW_REQUIRED,addons/pm_qms_cost_quality/models/cost_quality.py,15
pm_qms_cost_quality,pm.qms.cost.type,concrete,odoo_system_administrator,read,role-and-scope-specific,static,Source inventory only; requires model-specific runtime fixture,REVIEW_REQUIRED,addons/pm_qms_cost_quality/models/cost_quality.py,15
pm_qms_cost_quality,pm.qms.cost.type,concrete,odoo_system_administrator,create,role-and-scope-specific,static,Source inventory only; requires model-specific runtime fixture,REVIEW_REQUIRED,addons/pm_qms_cost_quality/models/cost_quality.py,15
pm_qms_cost_quality,pm.qms.cost.type,concrete,odoo_system_administrator,write,role-and-scope-specific,static,Source inventory only; requires model-specific runtime fixture,REVIEW_REQUIRED,addons/pm_qms_cost_quality/models/cost_quality.py,15
pm_qms_cost_quality,pm.qms.cost.type,concrete,odoo_system_administrator,unlink,role-and-scope-specific,static,Source inventory only; requires model-specific runtime fixture,REVIEW_REQUIRED,addons/pm_qms_cost_quality/models/cost_quality.py,15
pm_qms_customer_quality,pm.qms.customer.complaint,concrete,public,read,deny,runtime,TestM27Security.test_public_and_portal_have_no_qms_model_or_side_channel_access,PASS,addons/pm_qms_customer_quality/models/customer_complaint.py,5
pm_qms_customer_quality,pm.qms.customer.complaint,concrete,public,create,deny,runtime,TestM27Security.test_public_and_portal_have_no_qms_model_or_side_channel_access,PASS,addons/pm_qms_customer_quality/models/customer_complaint.py,5
pm_qms_customer_quality,pm.qms.customer.complaint,concrete,public,write,deny,runtime,TestM27Security.test_public_and_portal_have_no_qms_model_or_side_channel_access,PASS,addons/pm_qms_customer_quality/models/customer_complaint.py,5
pm_qms_customer_quality,pm.qms.customer.complaint,concrete,public,unlink,deny,runtime,TestM27Security.test_public_and_portal_have_no_qms_model_or_side_channel_access,PASS,addons/pm_qms_customer_quality/models/customer_complaint.py,5
pm_qms_customer_quality,pm.qms.customer.complaint,concrete,portal,read,deny,runtime,TestM27Security.test_public_and_portal_have_no_qms_model_or_side_channel_access,PASS,addons/pm_qms_customer_quality/models/customer_complaint.py,5
pm_qms_customer_quality,pm.qms.customer.complaint,concrete,portal,create,deny,runtime,TestM27Security.test_public_and_portal_have_no_qms_model_or_side_channel_access,PASS,addons/pm_qms_customer_quality/models/customer_complaint.py,5
pm_qms_customer_quality,pm.qms.customer.complaint,concrete,portal,write,deny,runtime,TestM27Security.test_public_and_portal_have_no_qms_model_or_side_channel_access,PASS,addons/pm_qms_customer_quality/models/customer_complaint.py,5
pm_qms_customer_quality,pm.qms.customer.complaint,concrete,portal,unlink,deny,runtime,TestM27Security.test_public_and_portal_have_no_qms_model_or_side_channel_access,PASS,addons/pm_qms_customer_quality/models/customer_complaint.py,5
pm_qms_customer_quality,pm.qms.customer.complaint,concrete,qms_user,read,role-and-scope-specific,static,Source inventory only; requires model-specific runtime fixture,REVIEW_REQUIRED,addons/pm_qms_customer_quality/models/customer_complaint.py,5
pm_qms_customer_quality,pm.qms.customer.complaint,concrete,qms_user,create,role-and-scope-specific,static,Source inventory only; requires model-specific runtime fixture,REVIEW_REQUIRED,addons/pm_qms_customer_quality/models/customer_complaint.py,5
pm_qms_customer_quality,pm.qms.customer.complaint,concrete,qms_user,write,role-and-scope-specific,static,Source inventory only; requires model-specific runtime fixture,REVIEW_REQUIRED,addons/pm_qms_customer_quality/models/customer_complaint.py,5
pm_qms_customer_quality,pm.qms.customer.complaint,concrete,qms_user,unlink,role-and-scope-specific,static,Source inventory only; requires model-specific runtime fixture,REVIEW_REQUIRED,addons/pm_qms_customer_quality/models/customer_complaint.py,5
pm_qms_customer_quality,pm.qms.customer.complaint,concrete,qms_viewer,read,role-and-scope-specific,static,Source inventory only; requires model-specific runtime fixture,REVIEW_REQUIRED,addons/pm_qms_customer_quality/models/customer_complaint.py,5
pm_qms_customer_quality,pm.qms.customer.complaint,concrete,qms_viewer,create,role-and-scope-specific,static,Source inventory only; requires model-specific runtime fixture,REVIEW_REQUIRED,addons/pm_qms_customer_quality/models/customer_complaint.py,5
pm_qms_customer_quality,pm.qms.customer.complaint,concrete,qms_viewer,write,role-and-scope-specific,static,Source inventory only; requires model-specific runtime fixture,REVIEW_REQUIRED,addons/pm_qms_customer_quality/models/customer_complaint.py,5
pm_qms_customer_quality,pm.qms.customer.complaint,concrete,qms_viewer,unlink,role-and-scope-specific,static,Source inventory only; requires model-specific runtime fixture,REVIEW_REQUIRED,addons/pm_qms_customer_quality/models/customer_complaint.py,5
pm_qms_customer_quality,pm.qms.customer.complaint,concrete,quality_supervisor,read,role-and-scope-specific,static,Source inventory only; requires model-specific runtime fixture,REVIEW_REQUIRED,addons/pm_qms_customer_quality/models/customer_complaint.py,5
pm_qms_customer_quality,pm.qms.customer.complaint,concrete,quality_supervisor,create,role-and-scope-specific,static,Source inventory only; requires model-specific runtime fixture,REVIEW_REQUIRED,addons/pm_qms_customer_quality/models/customer_complaint.py,5
pm_qms_customer_quality,pm.qms.customer.complaint,concrete,quality_supervisor,write,role-and-scope-specific,static,Source inventory only; requires model-specific runtime fixture,REVIEW_REQUIRED,addons/pm_qms_customer_quality/models/customer_complaint.py,5
pm_qms_customer_quality,pm.qms.customer.complaint,concrete,quality_supervisor,unlink,role-and-scope-specific,static,Source inventory only; requires model-specific runtime fixture,REVIEW_REQUIRED,addons/pm_qms_customer_quality/models/customer_complaint.py,5
pm_qms_customer_quality,pm.qms.customer.complaint,concrete,quality_manager,read,role-and-scope-specific,static,Source inventory only; requires model-specific runtime fixture,REVIEW_REQUIRED,addons/pm_qms_customer_quality/models/customer_complaint.py,5
pm_qms_customer_quality,pm.qms.customer.complaint,concrete,quality_manager,create,role-and-scope-specific,static,Source inventory only; requires model-specific runtime fixture,REVIEW_REQUIRED,addons/pm_qms_customer_quality/models/customer_complaint.py,5
pm_qms_customer_quality,pm.qms.customer.complaint,concrete,quality_manager,write,role-and-scope-specific,static,Source inventory only; requires model-specific runtime fixture,REVIEW_REQUIRED,addons/pm_qms_customer_quality/models/customer_complaint.py,5
pm_qms_customer_quality,pm.qms.customer.complaint,concrete,quality_manager,unlink,role-and-scope-specific,static,Source inventory only; requires model-specific runtime fixture,REVIEW_REQUIRED,addons/pm_qms_customer_quality/models/customer_complaint.py,5
pm_qms_customer_quality,pm.qms.customer.complaint,concrete,qms_administrator,read,role-and-scope-specific,static,Source inventory only; requires model-specific runtime fixture,REVIEW_REQUIRED,addons/pm_qms_customer_quality/models/customer_complaint.py,5
pm_qms_customer_quality,pm.qms.customer.complaint,concrete,qms_administrator,create,role-and-scope-specific,static,Source inventory only; requires model-specific runtime fixture,REVIEW_REQUIRED,addons/pm_qms_customer_quality/models/customer_complaint.py,5
pm_qms_customer_quality,pm.qms.customer.complaint,concrete,qms_administrator,write,role-and-scope-specific,static,Source inventory only; requires model-specific runtime fixture,REVIEW_REQUIRED,addons/pm_qms_customer_quality/models/customer_complaint.py,5
pm_qms_customer_quality,pm.qms.customer.complaint,concrete,qms_administrator,unlink,role-and-scope-specific,static,Source inventory only; requires model-specific runtime fixture,REVIEW_REQUIRED,addons/pm_qms_customer_quality/models/customer_complaint.py,5
pm_qms_customer_quality,pm.qms.customer.complaint,concrete,qms_licensing_administrator,read,role-and-scope-specific,static,Source inventory only; requires model-specific runtime fixture,REVIEW_REQUIRED,addons/pm_qms_customer_quality/models/customer_complaint.py,5
pm_qms_customer_quality,pm.qms.customer.complaint,concrete,qms_licensing_administrator,create,role-and-scope-specific,static,Source inventory only; requires model-specific runtime fixture,REVIEW_REQUIRED,addons/pm_qms_customer_quality/models/customer_complaint.py,5
pm_qms_customer_quality,pm.qms.customer.complaint,concrete,qms_licensing_administrator,write,role-and-scope-specific,static,Source inventory only; requires model-specific runtime fixture,REVIEW_REQUIRED,addons/pm_qms_customer_quality/models/customer_complaint.py,5
pm_qms_customer_quality,pm.qms.customer.complaint,concrete,qms_licensing_administrator,unlink,role-and-scope-specific,static,Source inventory only; requires model-specific runtime fixture,REVIEW_REQUIRED,addons/pm_qms_customer_quality/models/customer_complaint.py,5
pm_qms_customer_quality,pm.qms.customer.complaint,concrete,odoo_system_administrator,read,role-and-scope-specific,static,Source inventory only; requires model-specific runtime fixture,REVIEW_REQUIRED,addons/pm_qms_customer_quality/models/customer_complaint.py,5
pm_qms_customer_quality,pm.qms.customer.complaint,concrete,odoo_system_administrator,create,role-and-scope-specific,static,Source inventory only; requires model-specific runtime fixture,REVIEW_REQUIRED,addons/pm_qms_customer_quality/models/customer_complaint.py,5
pm_qms_customer_quality,pm.qms.customer.complaint,concrete,odoo_system_administrator,write,role-and-scope-specific,static,Source inventory only; requires model-specific runtime fixture,REVIEW_REQUIRED,addons/pm_qms_customer_quality/models/customer_complaint.py,5
pm_qms_customer_quality,pm.qms.customer.complaint,concrete,odoo_system_administrator,unlink,role-and-scope-specific,static,Source inventory only; requires model-specific runtime fixture,REVIEW_REQUIRED,addons/pm_qms_customer_quality/models/customer_complaint.py,5
pm_qms_kpi,pm.qms.customer.performance,concrete,public,read,deny,runtime,TestM27Security.test_public_and_portal_have_no_qms_model_or_side_channel_access,PASS,addons/pm_qms_kpi/models/customer_performance.py,5
pm_qms_kpi,pm.qms.customer.performance,concrete,public,create,deny,runtime,TestM27Security.test_public_and_portal_have_no_qms_model_or_side_channel_access,PASS,addons/pm_qms_kpi/models/customer_performance.py,5
pm_qms_kpi,pm.qms.customer.performance,concrete,public,write,deny,runtime,TestM27Security.test_public_and_portal_have_no_qms_model_or_side_channel_access,PASS,addons/pm_qms_kpi/models/customer_performance.py,5
pm_qms_kpi,pm.qms.customer.performance,concrete,public,unlink,deny,runtime,TestM27Security.test_public_and_portal_have_no_qms_model_or_side_channel_access,PASS,addons/pm_qms_kpi/models/customer_performance.py,5
pm_qms_kpi,pm.qms.customer.performance,concrete,portal,read,deny,runtime,TestM27Security.test_public_and_portal_have_no_qms_model_or_side_channel_access,PASS,addons/pm_qms_kpi/models/customer_performance.py,5
pm_qms_kpi,pm.qms.customer.performance,concrete,portal,create,deny,runtime,TestM27Security.test_public_and_portal_have_no_qms_model_or_side_channel_access,PASS,addons/pm_qms_kpi/models/customer_performance.py,5
pm_qms_kpi,pm.qms.customer.performance,concrete,portal,write,deny,runtime,TestM27Security.test_public_and_portal_have_no_qms_model_or_side_channel_access,PASS,addons/pm_qms_kpi/models/customer_performance.py,5
pm_qms_kpi,pm.qms.customer.performance,concrete,portal,unlink,deny,runtime,TestM27Security.test_public_and_portal_have_no_qms_model_or_side_channel_access,PASS,addons/pm_qms_kpi/models/customer_performance.py,5
pm_qms_kpi,pm.qms.customer.performance,concrete,qms_user,read,role-and-scope-specific,static,Source inventory only; requires model-specific runtime fixture,REVIEW_REQUIRED,addons/pm_qms_kpi/models/customer_performance.py,5
pm_qms_kpi,pm.qms.customer.performance,concrete,qms_user,create,role-and-scope-specific,static,Source inventory only; requires model-specific runtime fixture,REVIEW_REQUIRED,addons/pm_qms_kpi/models/customer_performance.py,5
pm_qms_kpi,pm.qms.customer.performance,concrete,qms_user,write,role-and-scope-specific,static,Source inventory only; requires model-specific runtime fixture,REVIEW_REQUIRED,addons/pm_qms_kpi/models/customer_performance.py,5
pm_qms_kpi,pm.qms.customer.performance,concrete,qms_user,unlink,role-and-scope-specific,static,Source inventory only; requires model-specific runtime fixture,REVIEW_REQUIRED,addons/pm_qms_kpi/models/customer_performance.py,5
pm_qms_kpi,pm.qms.customer.performance,concrete,qms_viewer,read,role-and-scope-specific,static,Source inventory only; requires model-specific runtime fixture,REVIEW_REQUIRED,addons/pm_qms_kpi/models/customer_performance.py,5
pm_qms_kpi,pm.qms.customer.performance,concrete,qms_viewer,create,role-and-scope-specific,static,Source inventory only; requires model-specific runtime fixture,REVIEW_REQUIRED,addons/pm_qms_kpi/models/customer_performance.py,5
pm_qms_kpi,pm.qms.customer.performance,concrete,qms_viewer,write,role-and-scope-specific,static,Source inventory only; requires model-specific runtime fixture,REVIEW_REQUIRED,addons/pm_qms_kpi/models/customer_performance.py,5
pm_qms_kpi,pm.qms.customer.performance,concrete,qms_viewer,unlink,role-and-scope-specific,static,Source inventory only; requires model-specific runtime fixture,REVIEW_REQUIRED,addons/pm_qms_kpi/models/customer_performance.py,5
pm_qms_kpi,pm.qms.customer.performance,concrete,quality_supervisor,read,role-and-scope-specific,static,Source inventory only; requires model-specific runtime fixture,REVIEW_REQUIRED,addons/pm_qms_kpi/models/customer_performance.py,5
pm_qms_kpi,pm.qms.customer.performance,concrete,quality_supervisor,create,role-and-scope-specific,static,Source inventory only; requires model-specific runtime fixture,REVIEW_REQUIRED,addons/pm_qms_kpi/models/customer_performance.py,5
pm_qms_kpi,pm.qms.customer.performance,concrete,quality_supervisor,write,role-and-scope-specific,static,Source inventory only; requires model-specific runtime fixture,REVIEW_REQUIRED,addons/pm_qms_kpi/models/customer_performance.py,5
pm_qms_kpi,pm.qms.customer.performance,concrete,quality_supervisor,unlink,role-and-scope-specific,static,Source inventory only; requires model-specific runtime fixture,REVIEW_REQUIRED,addons/pm_qms_kpi/models/customer_performance.py,5
pm_qms_kpi,pm.qms.customer.performance,concrete,quality_manager,read,role-and-scope-specific,static,Source inventory only; requires model-specific runtime fixture,REVIEW_REQUIRED,addons/pm_qms_kpi/models/customer_performance.py,5
pm_qms_kpi,pm.qms.customer.performance,concrete,quality_manager,create,role-and-scope-specific,static,Source inventory only; requires model-specific runtime fixture,REVIEW_REQUIRED,addons/pm_qms_kpi/models/customer_performance.py,5
pm_qms_kpi,pm.qms.customer.performance,concrete,quality_manager,write,role-and-scope-specific,static,Source inventory only; requires model-specific runtime fixture,REVIEW_REQUIRED,addons/pm_qms_kpi/models/customer_performance.py,5
pm_qms_kpi,pm.qms.customer.performance,concrete,quality_manager,unlink,role-and-scope-specific,static,Source inventory only; requires model-specific runtime fixture,REVIEW_REQUIRED,addons/pm_qms_kpi/models/customer_performance.py,5
pm_qms_kpi,pm.qms.customer.performance,concrete,qms_administrator,read,role-and-scope-specific,static,Source inventory only; requires model-specific runtime fixture,REVIEW_REQUIRED,addons/pm_qms_kpi/models/customer_performance.py,5
pm_qms_kpi,pm.qms.customer.performance,concrete,qms_administrator,create,role-and-scope-specific,static,Source inventory only; requires model-specific runtime fixture,REVIEW_REQUIRED,addons/pm_qms_kpi/models/customer_performance.py,5
pm_qms_kpi,pm.qms.customer.performance,concrete,qms_administrator,write,role-and-scope-specific,static,Source inventory only; requires model-specific runtime fixture,REVIEW_REQUIRED,addons/pm_qms_kpi/models/customer_performance.py,5
pm_qms_kpi,pm.qms.customer.performance,concrete,qms_administrator,unlink,role-and-scope-specific,static,Source inventory only; requires model-specific runtime fixture,REVIEW_REQUIRED,addons/pm_qms_kpi/models/customer_performance.py,5
pm_qms_kpi,pm.qms.customer.performance,concrete,qms_licensing_administrator,read,role-and-scope-specific,static,Source inventory only; requires model-specific runtime fixture,REVIEW_REQUIRED,addons/pm_qms_kpi/models/customer_performance.py,5
pm_qms_kpi,pm.qms.customer.performance,concrete,qms_licensing_administrator,create,role-and-scope-specific,static,Source inventory only; requires model-specific runtime fixture,REVIEW_REQUIRED,addons/pm_qms_kpi/models/customer_performance.py,5
pm_qms_kpi,pm.qms.customer.performance,concrete,qms_licensing_administrator,write,role-and-scope-specific,static,Source inventory only; requires model-specific runtime fixture,REVIEW_REQUIRED,addons/pm_qms_kpi/models/customer_performance.py,5
pm_qms_kpi,pm.qms.customer.performance,concrete,qms_licensing_administrator,unlink,role-and-scope-specific,static,Source inventory only; requires model-specific runtime fixture,REVIEW_REQUIRED,addons/pm_qms_kpi/models/customer_performance.py,5
pm_qms_kpi,pm.qms.customer.performance,concrete,odoo_system_administrator,read,role-and-scope-specific,static,Source inventory only; requires model-specific runtime fixture,REVIEW_REQUIRED,addons/pm_qms_kpi/models/customer_performance.py,5
pm_qms_kpi,pm.qms.customer.performance,concrete,odoo_system_administrator,create,role-and-scope-specific,static,Source inventory only; requires model-specific runtime fixture,REVIEW_REQUIRED,addons/pm_qms_kpi/models/customer_performance.py,5
pm_qms_kpi,pm.qms.customer.performance,concrete,odoo_system_administrator,write,role-and-scope-specific,static,Source inventory only; requires model-specific runtime fixture,REVIEW_REQUIRED,addons/pm_qms_kpi/models/customer_performance.py,5
pm_qms_kpi,pm.qms.customer.performance,concrete,odoo_system_administrator,unlink,role-and-scope-specific,static,Source inventory only; requires model-specific runtime fixture,REVIEW_REQUIRED,addons/pm_qms_kpi/models/customer_performance.py,5
pm_qms_kpi,pm.qms.customer.satisfaction,concrete,public,read,deny,runtime,TestM27Security.test_public_and_portal_have_no_qms_model_or_side_channel_access,PASS,addons/pm_qms_kpi/models/customer_satisfaction.py,5
pm_qms_kpi,pm.qms.customer.satisfaction,concrete,public,create,deny,runtime,TestM27Security.test_public_and_portal_have_no_qms_model_or_side_channel_access,PASS,addons/pm_qms_kpi/models/customer_satisfaction.py,5
pm_qms_kpi,pm.qms.customer.satisfaction,concrete,public,write,deny,runtime,TestM27Security.test_public_and_portal_have_no_qms_model_or_side_channel_access,PASS,addons/pm_qms_kpi/models/customer_satisfaction.py,5
pm_qms_kpi,pm.qms.customer.satisfaction,concrete,public,unlink,deny,runtime,TestM27Security.test_public_and_portal_have_no_qms_model_or_side_channel_access,PASS,addons/pm_qms_kpi/models/customer_satisfaction.py,5
pm_qms_kpi,pm.qms.customer.satisfaction,concrete,portal,read,deny,runtime,TestM27Security.test_public_and_portal_have_no_qms_model_or_side_channel_access,PASS,addons/pm_qms_kpi/models/customer_satisfaction.py,5
pm_qms_kpi,pm.qms.customer.satisfaction,concrete,portal,create,deny,runtime,TestM27Security.test_public_and_portal_have_no_qms_model_or_side_channel_access,PASS,addons/pm_qms_kpi/models/customer_satisfaction.py,5
pm_qms_kpi,pm.qms.customer.satisfaction,concrete,portal,write,deny,runtime,TestM27Security.test_public_and_portal_have_no_qms_model_or_side_channel_access,PASS,addons/pm_qms_kpi/models/customer_satisfaction.py,5
pm_qms_kpi,pm.qms.customer.satisfaction,concrete,portal,unlink,deny,runtime,TestM27Security.test_public_and_portal_have_no_qms_model_or_side_channel_access,PASS,addons/pm_qms_kpi/models/customer_satisfaction.py,5
pm_qms_kpi,pm.qms.customer.satisfaction,concrete,qms_user,read,role-and-scope-specific,static,Source inventory only; requires model-specific runtime fixture,REVIEW_REQUIRED,addons/pm_qms_kpi/models/customer_satisfaction.py,5
pm_qms_kpi,pm.qms.customer.satisfaction,concrete,qms_user,create,role-and-scope-specific,static,Source inventory only; requires model-specific runtime fixture,REVIEW_REQUIRED,addons/pm_qms_kpi/models/customer_satisfaction.py,5
pm_qms_kpi,pm.qms.customer.satisfaction,concrete,qms_user,write,role-and-scope-specific,static,Source inventory only; requires model-specific runtime fixture,REVIEW_REQUIRED,addons/pm_qms_kpi/models/customer_satisfaction.py,5
pm_qms_kpi,pm.qms.customer.satisfaction,concrete,qms_user,unlink,role-and-scope-specific,static,Source inventory only; requires model-specific runtime fixture,REVIEW_REQUIRED,addons/pm_qms_kpi/models/customer_satisfaction.py,5
pm_qms_kpi,pm.qms.customer.satisfaction,concrete,qms_viewer,read,role-and-scope-specific,static,Source inventory only; requires model-specific runtime fixture,REVIEW_REQUIRED,addons/pm_qms_kpi/models/customer_satisfaction.py,5
pm_qms_kpi,pm.qms.customer.satisfaction,concrete,qms_viewer,create,role-and-scope-specific,static,Source inventory only; requires model-specific runtime fixture,REVIEW_REQUIRED,addons/pm_qms_kpi/models/customer_satisfaction.py,5
pm_qms_kpi,pm.qms.customer.satisfaction,concrete,qms_viewer,write,role-and-scope-specific,static,Source inventory only; requires model-specific runtime fixture,REVIEW_REQUIRED,addons/pm_qms_kpi/models/customer_satisfaction.py,5
pm_qms_kpi,pm.qms.customer.satisfaction,concrete,qms_viewer,unlink,role-and-scope-specific,static,Source inventory only; requires model-specific runtime fixture,REVIEW_REQUIRED,addons/pm_qms_kpi/models/customer_satisfaction.py,5
pm_qms_kpi,pm.qms.customer.satisfaction,concrete,quality_supervisor,read,role-and-scope-specific,static,Source inventory only; requires model-specific runtime fixture,REVIEW_REQUIRED,addons/pm_qms_kpi/models/customer_satisfaction.py,5
pm_qms_kpi,pm.qms.customer.satisfaction,concrete,quality_supervisor,create,role-and-scope-specific,static,Source inventory only; requires model-specific runtime fixture,REVIEW_REQUIRED,addons/pm_qms_kpi/models/customer_satisfaction.py,5
pm_qms_kpi,pm.qms.customer.satisfaction,concrete,quality_supervisor,write,role-and-scope-specific,static,Source inventory only; requires model-specific runtime fixture,REVIEW_REQUIRED,addons/pm_qms_kpi/models/customer_satisfaction.py,5
pm_qms_kpi,pm.qms.customer.satisfaction,concrete,quality_supervisor,unlink,role-and-scope-specific,static,Source inventory only; requires model-specific runtime fixture,REVIEW_REQUIRED,addons/pm_qms_kpi/models/customer_satisfaction.py,5
pm_qms_kpi,pm.qms.customer.satisfaction,concrete,quality_manager,read,role-and-scope-specific,static,Source inventory only; requires model-specific runtime fixture,REVIEW_REQUIRED,addons/pm_qms_kpi/models/customer_satisfaction.py,5
pm_qms_kpi,pm.qms.customer.satisfaction,concrete,quality_manager,create,role-and-scope-specific,static,Source inventory only; requires model-specific runtime fixture,REVIEW_REQUIRED,addons/pm_qms_kpi/models/customer_satisfaction.py,5
pm_qms_kpi,pm.qms.customer.satisfaction,concrete,quality_manager,write,role-and-scope-specific,static,Source inventory only; requires model-specific runtime fixture,REVIEW_REQUIRED,addons/pm_qms_kpi/models/customer_satisfaction.py,5
pm_qms_kpi,pm.qms.customer.satisfaction,concrete,quality_manager,unlink,role-and-scope-specific,static,Source inventory only; requires model-specific runtime fixture,REVIEW_REQUIRED,addons/pm_qms_kpi/models/customer_satisfaction.py,5
pm_qms_kpi,pm.qms.customer.satisfaction,concrete,qms_administrator,read,role-and-scope-specific,static,Source inventory only; requires model-specific runtime fixture,REVIEW_REQUIRED,addons/pm_qms_kpi/models/customer_satisfaction.py,5
pm_qms_kpi,pm.qms.customer.satisfaction,concrete,qms_administrator,create,role-and-scope-specific,static,Source inventory only; requires model-specific runtime fixture,REVIEW_REQUIRED,addons/pm_qms_kpi/models/customer_satisfaction.py,5
pm_qms_kpi,pm.qms.customer.satisfaction,concrete,qms_administrator,write,role-and-scope-specific,static,Source inventory only; requires model-specific runtime fixture,REVIEW_REQUIRED,addons/pm_qms_kpi/models/customer_satisfaction.py,5
pm_qms_kpi,pm.qms.customer.satisfaction,concrete,qms_administrator,unlink,role-and-scope-specific,static,Source inventory only; requires model-specific runtime fixture,REVIEW_REQUIRED,addons/pm_qms_kpi/models/customer_satisfaction.py,5
pm_qms_kpi,pm.qms.customer.satisfaction,concrete,qms_licensing_administrator,read,role-and-scope-specific,static,Source inventory only; requires model-specific runtime fixture,REVIEW_REQUIRED,addons/pm_qms_kpi/models/customer_satisfaction.py,5
pm_qms_kpi,pm.qms.customer.satisfaction,concrete,qms_licensing_administrator,create,role-and-scope-specific,static,Source inventory only; requires model-specific runtime fixture,REVIEW_REQUIRED,addons/pm_qms_kpi/models/customer_satisfaction.py,5
pm_qms_kpi,pm.qms.customer.satisfaction,concrete,qms_licensing_administrator,write,role-and-scope-specific,static,Source inventory only; requires model-specific runtime fixture,REVIEW_REQUIRED,addons/pm_qms_kpi/models/customer_satisfaction.py,5
pm_qms_kpi,pm.qms.customer.satisfaction,concrete,qms_licensing_administrator,unlink,role-and-scope-specific,static,Source inventory only; requires model-specific runtime fixture,REVIEW_REQUIRED,addons/pm_qms_kpi/models/customer_satisfaction.py,5
pm_qms_kpi,pm.qms.customer.satisfaction,concrete,odoo_system_administrator,read,role-and-scope-specific,static,Source inventory only; requires model-specific runtime fixture,REVIEW_REQUIRED,addons/pm_qms_kpi/models/customer_satisfaction.py,5
pm_qms_kpi,pm.qms.customer.satisfaction,concrete,odoo_system_administrator,create,role-and-scope-specific,static,Source inventory only; requires model-specific runtime fixture,REVIEW_REQUIRED,addons/pm_qms_kpi/models/customer_satisfaction.py,5
pm_qms_kpi,pm.qms.customer.satisfaction,concrete,odoo_system_administrator,write,role-and-scope-specific,static,Source inventory only; requires model-specific runtime fixture,REVIEW_REQUIRED,addons/pm_qms_kpi/models/customer_satisfaction.py,5
pm_qms_kpi,pm.qms.customer.satisfaction,concrete,odoo_system_administrator,unlink,role-and-scope-specific,static,Source inventory only; requires model-specific runtime fixture,REVIEW_REQUIRED,addons/pm_qms_kpi/models/customer_satisfaction.py,5
pm_qms_app,pm.qms.dashboard,transient,public,read,deny,runtime,TestM27Security.test_public_and_portal_have_no_qms_model_or_side_channel_access,PASS,addons/pm_qms_app/models/dashboard.py,4
pm_qms_app,pm.qms.dashboard,transient,public,create,deny,runtime,TestM27Security.test_public_and_portal_have_no_qms_model_or_side_channel_access,PASS,addons/pm_qms_app/models/dashboard.py,4
pm_qms_app,pm.qms.dashboard,transient,public,write,deny,runtime,TestM27Security.test_public_and_portal_have_no_qms_model_or_side_channel_access,PASS,addons/pm_qms_app/models/dashboard.py,4
pm_qms_app,pm.qms.dashboard,transient,public,unlink,deny,runtime,TestM27Security.test_public_and_portal_have_no_qms_model_or_side_channel_access,PASS,addons/pm_qms_app/models/dashboard.py,4
pm_qms_app,pm.qms.dashboard,transient,portal,read,deny,runtime,TestM27Security.test_public_and_portal_have_no_qms_model_or_side_channel_access,PASS,addons/pm_qms_app/models/dashboard.py,4
pm_qms_app,pm.qms.dashboard,transient,portal,create,deny,runtime,TestM27Security.test_public_and_portal_have_no_qms_model_or_side_channel_access,PASS,addons/pm_qms_app/models/dashboard.py,4
pm_qms_app,pm.qms.dashboard,transient,portal,write,deny,runtime,TestM27Security.test_public_and_portal_have_no_qms_model_or_side_channel_access,PASS,addons/pm_qms_app/models/dashboard.py,4
pm_qms_app,pm.qms.dashboard,transient,portal,unlink,deny,runtime,TestM27Security.test_public_and_portal_have_no_qms_model_or_side_channel_access,PASS,addons/pm_qms_app/models/dashboard.py,4
pm_qms_app,pm.qms.dashboard,transient,qms_user,read,role-and-scope-specific,runtime,TestM27Security focused fixture,PASS,addons/pm_qms_app/models/dashboard.py,4
pm_qms_app,pm.qms.dashboard,transient,qms_user,create,role-and-scope-specific,runtime,TestM27Security focused fixture,PASS,addons/pm_qms_app/models/dashboard.py,4
pm_qms_app,pm.qms.dashboard,transient,qms_user,write,role-and-scope-specific,runtime,TestM27Security focused fixture,PASS,addons/pm_qms_app/models/dashboard.py,4
pm_qms_app,pm.qms.dashboard,transient,qms_user,unlink,role-and-scope-specific,runtime,TestM27Security focused fixture,PASS,addons/pm_qms_app/models/dashboard.py,4
pm_qms_app,pm.qms.dashboard,transient,qms_viewer,read,role-and-scope-specific,runtime,TestM27Security focused fixture,PASS,addons/pm_qms_app/models/dashboard.py,4
pm_qms_app,pm.qms.dashboard,transient,qms_viewer,create,role-and-scope-specific,runtime,TestM27Security focused fixture,PASS,addons/pm_qms_app/models/dashboard.py,4
pm_qms_app,pm.qms.dashboard,transient,qms_viewer,write,role-and-scope-specific,runtime,TestM27Security focused fixture,PASS,addons/pm_qms_app/models/dashboard.py,4
pm_qms_app,pm.qms.dashboard,transient,qms_viewer,unlink,role-and-scope-specific,runtime,TestM27Security focused fixture,PASS,addons/pm_qms_app/models/dashboard.py,4
pm_qms_app,pm.qms.dashboard,transient,quality_supervisor,read,role-and-scope-specific,runtime,TestM27Security focused fixture,PASS,addons/pm_qms_app/models/dashboard.py,4
pm_qms_app,pm.qms.dashboard,transient,quality_supervisor,create,role-and-scope-specific,runtime,TestM27Security focused fixture,PASS,addons/pm_qms_app/models/dashboard.py,4
pm_qms_app,pm.qms.dashboard,transient,quality_supervisor,write,role-and-scope-specific,runtime,TestM27Security focused fixture,PASS,addons/pm_qms_app/models/dashboard.py,4
pm_qms_app,pm.qms.dashboard,transient,quality_supervisor,unlink,role-and-scope-specific,runtime,TestM27Security focused fixture,PASS,addons/pm_qms_app/models/dashboard.py,4
pm_qms_app,pm.qms.dashboard,transient,quality_manager,read,role-and-scope-specific,runtime,TestM27Security focused fixture,PASS,addons/pm_qms_app/models/dashboard.py,4
pm_qms_app,pm.qms.dashboard,transient,quality_manager,create,role-and-scope-specific,runtime,TestM27Security focused fixture,PASS,addons/pm_qms_app/models/dashboard.py,4
pm_qms_app,pm.qms.dashboard,transient,quality_manager,write,role-and-scope-specific,runtime,TestM27Security focused fixture,PASS,addons/pm_qms_app/models/dashboard.py,4
pm_qms_app,pm.qms.dashboard,transient,quality_manager,unlink,role-and-scope-specific,runtime,TestM27Security focused fixture,PASS,addons/pm_qms_app/models/dashboard.py,4
pm_qms_app,pm.qms.dashboard,transient,qms_administrator,read,role-and-scope-specific,runtime,TestM27Security focused fixture,PASS,addons/pm_qms_app/models/dashboard.py,4
pm_qms_app,pm.qms.dashboard,transient,qms_administrator,create,role-and-scope-specific,runtime,TestM27Security focused fixture,PASS,addons/pm_qms_app/models/dashboard.py,4
pm_qms_app,pm.qms.dashboard,transient,qms_administrator,write,role-and-scope-specific,runtime,TestM27Security focused fixture,PASS,addons/pm_qms_app/models/dashboard.py,4
pm_qms_app,pm.qms.dashboard,transient,qms_administrator,unlink,role-and-scope-specific,runtime,TestM27Security focused fixture,PASS,addons/pm_qms_app/models/dashboard.py,4
pm_qms_app,pm.qms.dashboard,transient,qms_licensing_administrator,read,role-and-scope-specific,runtime,TestM27Security focused fixture,PASS,addons/pm_qms_app/models/dashboard.py,4
pm_qms_app,pm.qms.dashboard,transient,qms_licensing_administrator,create,role-and-scope-specific,runtime,TestM27Security focused fixture,PASS,addons/pm_qms_app/models/dashboard.py,4
pm_qms_app,pm.qms.dashboard,transient,qms_licensing_administrator,write,role-and-scope-specific,runtime,TestM27Security focused fixture,PASS,addons/pm_qms_app/models/dashboard.py,4
pm_qms_app,pm.qms.dashboard,transient,qms_licensing_administrator,unlink,role-and-scope-specific,runtime,TestM27Security focused fixture,PASS,addons/pm_qms_app/models/dashboard.py,4
pm_qms_app,pm.qms.dashboard,transient,odoo_system_administrator,read,role-and-scope-specific,runtime,TestM27Security focused fixture,PASS,addons/pm_qms_app/models/dashboard.py,4
pm_qms_app,pm.qms.dashboard,transient,odoo_system_administrator,create,role-and-scope-specific,runtime,TestM27Security focused fixture,PASS,addons/pm_qms_app/models/dashboard.py,4
pm_qms_app,pm.qms.dashboard,transient,odoo_system_administrator,write,role-and-scope-specific,runtime,TestM27Security focused fixture,PASS,addons/pm_qms_app/models/dashboard.py,4
pm_qms_app,pm.qms.dashboard,transient,odoo_system_administrator,unlink,role-and-scope-specific,runtime,TestM27Security focused fixture,PASS,addons/pm_qms_app/models/dashboard.py,4
pm_qms_documents,pm.qms.document,concrete,public,read,deny,runtime,TestM27Security.test_public_and_portal_have_no_qms_model_or_side_channel_access,PASS,addons/pm_qms_documents/models/document.py,5
pm_qms_documents,pm.qms.document,concrete,public,create,deny,runtime,TestM27Security.test_public_and_portal_have_no_qms_model_or_side_channel_access,PASS,addons/pm_qms_documents/models/document.py,5
pm_qms_documents,pm.qms.document,concrete,public,write,deny,runtime,TestM27Security.test_public_and_portal_have_no_qms_model_or_side_channel_access,PASS,addons/pm_qms_documents/models/document.py,5
pm_qms_documents,pm.qms.document,concrete,public,unlink,deny,runtime,TestM27Security.test_public_and_portal_have_no_qms_model_or_side_channel_access,PASS,addons/pm_qms_documents/models/document.py,5
pm_qms_documents,pm.qms.document,concrete,portal,read,deny,runtime,TestM27Security.test_public_and_portal_have_no_qms_model_or_side_channel_access,PASS,addons/pm_qms_documents/models/document.py,5
pm_qms_documents,pm.qms.document,concrete,portal,create,deny,runtime,TestM27Security.test_public_and_portal_have_no_qms_model_or_side_channel_access,PASS,addons/pm_qms_documents/models/document.py,5
pm_qms_documents,pm.qms.document,concrete,portal,write,deny,runtime,TestM27Security.test_public_and_portal_have_no_qms_model_or_side_channel_access,PASS,addons/pm_qms_documents/models/document.py,5
pm_qms_documents,pm.qms.document,concrete,portal,unlink,deny,runtime,TestM27Security.test_public_and_portal_have_no_qms_model_or_side_channel_access,PASS,addons/pm_qms_documents/models/document.py,5
pm_qms_documents,pm.qms.document,concrete,qms_user,read,role-and-scope-specific,runtime,TestM27Security focused fixture,PASS,addons/pm_qms_documents/models/document.py,5
pm_qms_documents,pm.qms.document,concrete,qms_user,create,role-and-scope-specific,runtime,TestM27Security focused fixture,PASS,addons/pm_qms_documents/models/document.py,5
pm_qms_documents,pm.qms.document,concrete,qms_user,write,role-and-scope-specific,runtime,TestM27Security focused fixture,PASS,addons/pm_qms_documents/models/document.py,5
pm_qms_documents,pm.qms.document,concrete,qms_user,unlink,role-and-scope-specific,runtime,TestM27Security focused fixture,PASS,addons/pm_qms_documents/models/document.py,5
pm_qms_documents,pm.qms.document,concrete,qms_viewer,read,role-and-scope-specific,runtime,TestM27Security focused fixture,PASS,addons/pm_qms_documents/models/document.py,5
pm_qms_documents,pm.qms.document,concrete,qms_viewer,create,role-and-scope-specific,runtime,TestM27Security focused fixture,PASS,addons/pm_qms_documents/models/document.py,5
pm_qms_documents,pm.qms.document,concrete,qms_viewer,write,role-and-scope-specific,runtime,TestM27Security focused fixture,PASS,addons/pm_qms_documents/models/document.py,5
pm_qms_documents,pm.qms.document,concrete,qms_viewer,unlink,role-and-scope-specific,runtime,TestM27Security focused fixture,PASS,addons/pm_qms_documents/models/document.py,5
pm_qms_documents,pm.qms.document,concrete,quality_supervisor,read,role-and-scope-specific,runtime,TestM27Security focused fixture,PASS,addons/pm_qms_documents/models/document.py,5
pm_qms_documents,pm.qms.document,concrete,quality_supervisor,create,role-and-scope-specific,runtime,TestM27Security focused fixture,PASS,addons/pm_qms_documents/models/document.py,5
pm_qms_documents,pm.qms.document,concrete,quality_supervisor,write,role-and-scope-specific,runtime,TestM27Security focused fixture,PASS,addons/pm_qms_documents/models/document.py,5
pm_qms_documents,pm.qms.document,concrete,quality_supervisor,unlink,role-and-scope-specific,runtime,TestM27Security focused fixture,PASS,addons/pm_qms_documents/models/document.py,5
pm_qms_documents,pm.qms.document,concrete,quality_manager,read,role-and-scope-specific,runtime,TestM27Security focused fixture,PASS,addons/pm_qms_documents/models/document.py,5
pm_qms_documents,pm.qms.document,concrete,quality_manager,create,role-and-scope-specific,runtime,TestM27Security focused fixture,PASS,addons/pm_qms_documents/models/document.py,5
pm_qms_documents,pm.qms.document,concrete,quality_manager,write,role-and-scope-specific,runtime,TestM27Security focused fixture,PASS,addons/pm_qms_documents/models/document.py,5
pm_qms_documents,pm.qms.document,concrete,quality_manager,unlink,role-and-scope-specific,runtime,TestM27Security focused fixture,PASS,addons/pm_qms_documents/models/document.py,5
pm_qms_documents,pm.qms.document,concrete,qms_administrator,read,role-and-scope-specific,runtime,TestM27Security focused fixture,PASS,addons/pm_qms_documents/models/document.py,5
pm_qms_documents,pm.qms.document,concrete,qms_administrator,create,role-and-scope-specific,runtime,TestM27Security focused fixture,PASS,addons/pm_qms_documents/models/document.py,5
pm_qms_documents,pm.qms.document,concrete,qms_administrator,write,role-and-scope-specific,runtime,TestM27Security focused fixture,PASS,addons/pm_qms_documents/models/document.py,5
pm_qms_documents,pm.qms.document,concrete,qms_administrator,unlink,role-and-scope-specific,runtime,TestM27Security focused fixture,PASS,addons/pm_qms_documents/models/document.py,5
pm_qms_documents,pm.qms.document,concrete,qms_licensing_administrator,read,role-and-scope-specific,runtime,TestM27Security focused fixture,PASS,addons/pm_qms_documents/models/document.py,5
pm_qms_documents,pm.qms.document,concrete,qms_licensing_administrator,create,role-and-scope-specific,runtime,TestM27Security focused fixture,PASS,addons/pm_qms_documents/models/document.py,5
pm_qms_documents,pm.qms.document,concrete,qms_licensing_administrator,write,role-and-scope-specific,runtime,TestM27Security focused fixture,PASS,addons/pm_qms_documents/models/document.py,5
pm_qms_documents,pm.qms.document,concrete,qms_licensing_administrator,unlink,role-and-scope-specific,runtime,TestM27Security focused fixture,PASS,addons/pm_qms_documents/models/document.py,5
pm_qms_documents,pm.qms.document,concrete,odoo_system_administrator,read,role-and-scope-specific,runtime,TestM27Security focused fixture,PASS,addons/pm_qms_documents/models/document.py,5
pm_qms_documents,pm.qms.document,concrete,odoo_system_administrator,create,role-and-scope-specific,runtime,TestM27Security focused fixture,PASS,addons/pm_qms_documents/models/document.py,5
pm_qms_documents,pm.qms.document,concrete,odoo_system_administrator,write,role-and-scope-specific,runtime,TestM27Security focused fixture,PASS,addons/pm_qms_documents/models/document.py,5
pm_qms_documents,pm.qms.document,concrete,odoo_system_administrator,unlink,role-and-scope-specific,runtime,TestM27Security focused fixture,PASS,addons/pm_qms_documents/models/document.py,5
pm_qms_people,pm.qms.document.acknowledgment,concrete,public,read,deny,runtime,TestM27Security.test_public_and_portal_have_no_qms_model_or_side_channel_access,PASS,addons/pm_qms_people/models/document_acknowledgment.py,47
pm_qms_people,pm.qms.document.acknowledgment,concrete,public,create,deny,runtime,TestM27Security.test_public_and_portal_have_no_qms_model_or_side_channel_access,PASS,addons/pm_qms_people/models/document_acknowledgment.py,47
pm_qms_people,pm.qms.document.acknowledgment,concrete,public,write,deny,runtime,TestM27Security.test_public_and_portal_have_no_qms_model_or_side_channel_access,PASS,addons/pm_qms_people/models/document_acknowledgment.py,47
pm_qms_people,pm.qms.document.acknowledgment,concrete,public,unlink,deny,runtime,TestM27Security.test_public_and_portal_have_no_qms_model_or_side_channel_access,PASS,addons/pm_qms_people/models/document_acknowledgment.py,47
pm_qms_people,pm.qms.document.acknowledgment,concrete,portal,read,deny,runtime,TestM27Security.test_public_and_portal_have_no_qms_model_or_side_channel_access,PASS,addons/pm_qms_people/models/document_acknowledgment.py,47
pm_qms_people,pm.qms.document.acknowledgment,concrete,portal,create,deny,runtime,TestM27Security.test_public_and_portal_have_no_qms_model_or_side_channel_access,PASS,addons/pm_qms_people/models/document_acknowledgment.py,47
pm_qms_people,pm.qms.document.acknowledgment,concrete,portal,write,deny,runtime,TestM27Security.test_public_and_portal_have_no_qms_model_or_side_channel_access,PASS,addons/pm_qms_people/models/document_acknowledgment.py,47
pm_qms_people,pm.qms.document.acknowledgment,concrete,portal,unlink,deny,runtime,TestM27Security.test_public_and_portal_have_no_qms_model_or_side_channel_access,PASS,addons/pm_qms_people/models/document_acknowledgment.py,47
pm_qms_people,pm.qms.document.acknowledgment,concrete,qms_user,read,role-and-scope-specific,static,Source inventory only; requires model-specific runtime fixture,REVIEW_REQUIRED,addons/pm_qms_people/models/document_acknowledgment.py,47
pm_qms_people,pm.qms.document.acknowledgment,concrete,qms_user,create,role-and-scope-specific,static,Source inventory only; requires model-specific runtime fixture,REVIEW_REQUIRED,addons/pm_qms_people/models/document_acknowledgment.py,47
pm_qms_people,pm.qms.document.acknowledgment,concrete,qms_user,write,role-and-scope-specific,static,Source inventory only; requires model-specific runtime fixture,REVIEW_REQUIRED,addons/pm_qms_people/models/document_acknowledgment.py,47
pm_qms_people,pm.qms.document.acknowledgment,concrete,qms_user,unlink,role-and-scope-specific,static,Source inventory only; requires model-specific runtime fixture,REVIEW_REQUIRED,addons/pm_qms_people/models/document_acknowledgment.py,47
pm_qms_people,pm.qms.document.acknowledgment,concrete,qms_viewer,read,role-and-scope-specific,static,Source inventory only; requires model-specific runtime fixture,REVIEW_REQUIRED,addons/pm_qms_people/models/document_acknowledgment.py,47
pm_qms_people,pm.qms.document.acknowledgment,concrete,qms_viewer,create,role-and-scope-specific,static,Source inventory only; requires model-specific runtime fixture,REVIEW_REQUIRED,addons/pm_qms_people/models/document_acknowledgment.py,47
pm_qms_people,pm.qms.document.acknowledgment,concrete,qms_viewer,write,role-and-scope-specific,static,Source inventory only; requires model-specific runtime fixture,REVIEW_REQUIRED,addons/pm_qms_people/models/document_acknowledgment.py,47
pm_qms_people,pm.qms.document.acknowledgment,concrete,qms_viewer,unlink,role-and-scope-specific,static,Source inventory only; requires model-specific runtime fixture,REVIEW_REQUIRED,addons/pm_qms_people/models/document_acknowledgment.py,47
pm_qms_people,pm.qms.document.acknowledgment,concrete,quality_supervisor,read,role-and-scope-specific,static,Source inventory only; requires model-specific runtime fixture,REVIEW_REQUIRED,addons/pm_qms_people/models/document_acknowledgment.py,47
pm_qms_people,pm.qms.document.acknowledgment,concrete,quality_supervisor,create,role-and-scope-specific,static,Source inventory only; requires model-specific runtime fixture,REVIEW_REQUIRED,addons/pm_qms_people/models/document_acknowledgment.py,47
pm_qms_people,pm.qms.document.acknowledgment,concrete,quality_supervisor,write,role-and-scope-specific,static,Source inventory only; requires model-specific runtime fixture,REVIEW_REQUIRED,addons/pm_qms_people/models/document_acknowledgment.py,47
pm_qms_people,pm.qms.document.acknowledgment,concrete,quality_supervisor,unlink,role-and-scope-specific,static,Source inventory only; requires model-specific runtime fixture,REVIEW_REQUIRED,addons/pm_qms_people/models/document_acknowledgment.py,47
pm_qms_people,pm.qms.document.acknowledgment,concrete,quality_manager,read,role-and-scope-specific,static,Source inventory only; requires model-specific runtime fixture,REVIEW_REQUIRED,addons/pm_qms_people/models/document_acknowledgment.py,47
pm_qms_people,pm.qms.document.acknowledgment,concrete,quality_manager,create,role-and-scope-specific,static,Source inventory only; requires model-specific runtime fixture,REVIEW_REQUIRED,addons/pm_qms_people/models/document_acknowledgment.py,47
pm_qms_people,pm.qms.document.acknowledgment,concrete,quality_manager,write,role-and-scope-specific,static,Source inventory only; requires model-specific runtime fixture,REVIEW_REQUIRED,addons/pm_qms_people/models/document_acknowledgment.py,47
pm_qms_people,pm.qms.document.acknowledgment,concrete,quality_manager,unlink,role-and-scope-specific,static,Source inventory only; requires model-specific runtime fixture,REVIEW_REQUIRED,addons/pm_qms_people/models/document_acknowledgment.py,47
pm_qms_people,pm.qms.document.acknowledgment,concrete,qms_administrator,read,role-and-scope-specific,static,Source inventory only; requires model-specific runtime fixture,REVIEW_REQUIRED,addons/pm_qms_people/models/document_acknowledgment.py,47
pm_qms_people,pm.qms.document.acknowledgment,concrete,qms_administrator,create,role-and-scope-specific,static,Source inventory only; requires model-specific runtime fixture,REVIEW_REQUIRED,addons/pm_qms_people/models/document_acknowledgment.py,47
pm_qms_people,pm.qms.document.acknowledgment,concrete,qms_administrator,write,role-and-scope-specific,static,Source inventory only; requires model-specific runtime fixture,REVIEW_REQUIRED,addons/pm_qms_people/models/document_acknowledgment.py,47
pm_qms_people,pm.qms.document.acknowledgment,concrete,qms_administrator,unlink,role-and-scope-specific,static,Source inventory only; requires model-specific runtime fixture,REVIEW_REQUIRED,addons/pm_qms_people/models/document_acknowledgment.py,47
pm_qms_people,pm.qms.document.acknowledgment,concrete,qms_licensing_administrator,read,role-and-scope-specific,static,Source inventory only; requires model-specific runtime fixture,REVIEW_REQUIRED,addons/pm_qms_people/models/document_acknowledgment.py,47
pm_qms_people,pm.qms.document.acknowledgment,concrete,qms_licensing_administrator,create,role-and-scope-specific,static,Source inventory only; requires model-specific runtime fixture,REVIEW_REQUIRED,addons/pm_qms_people/models/document_acknowledgment.py,47
pm_qms_people,pm.qms.document.acknowledgment,concrete,qms_licensing_administrator,write,role-and-scope-specific,static,Source inventory only; requires model-specific runtime fixture,REVIEW_REQUIRED,addons/pm_qms_people/models/document_acknowledgment.py,47
pm_qms_people,pm.qms.document.acknowledgment,concrete,qms_licensing_administrator,unlink,role-and-scope-specific,static,Source inventory only; requires model-specific runtime fixture,REVIEW_REQUIRED,addons/pm_qms_people/models/document_acknowledgment.py,47
pm_qms_people,pm.qms.document.acknowledgment,concrete,odoo_system_administrator,read,role-and-scope-specific,static,Source inventory only; requires model-specific runtime fixture,REVIEW_REQUIRED,addons/pm_qms_people/models/document_acknowledgment.py,47
pm_qms_people,pm.qms.document.acknowledgment,concrete,odoo_system_administrator,create,role-and-scope-specific,static,Source inventory only; requires model-specific runtime fixture,REVIEW_REQUIRED,addons/pm_qms_people/models/document_acknowledgment.py,47
pm_qms_people,pm.qms.document.acknowledgment,concrete,odoo_system_administrator,write,role-and-scope-specific,static,Source inventory only; requires model-specific runtime fixture,REVIEW_REQUIRED,addons/pm_qms_people/models/document_acknowledgment.py,47
pm_qms_people,pm.qms.document.acknowledgment,concrete,odoo_system_administrator,unlink,role-and-scope-specific,static,Source inventory only; requires model-specific runtime fixture,REVIEW_REQUIRED,addons/pm_qms_people/models/document_acknowledgment.py,47
pm_qms_migration,pm.qms.document.import.wizard,transient,public,read,deny,runtime,TestM27Security.test_public_and_portal_have_no_qms_model_or_side_channel_access,PASS,addons/pm_qms_migration/wizard/document_import_wizard.py,9
pm_qms_migration,pm.qms.document.import.wizard,transient,public,create,deny,runtime,TestM27Security.test_public_and_portal_have_no_qms_model_or_side_channel_access,PASS,addons/pm_qms_migration/wizard/document_import_wizard.py,9
pm_qms_migration,pm.qms.document.import.wizard,transient,public,write,deny,runtime,TestM27Security.test_public_and_portal_have_no_qms_model_or_side_channel_access,PASS,addons/pm_qms_migration/wizard/document_import_wizard.py,9
pm_qms_migration,pm.qms.document.import.wizard,transient,public,unlink,deny,runtime,TestM27Security.test_public_and_portal_have_no_qms_model_or_side_channel_access,PASS,addons/pm_qms_migration/wizard/document_import_wizard.py,9
pm_qms_migration,pm.qms.document.import.wizard,transient,portal,read,deny,runtime,TestM27Security.test_public_and_portal_have_no_qms_model_or_side_channel_access,PASS,addons/pm_qms_migration/wizard/document_import_wizard.py,9
pm_qms_migration,pm.qms.document.import.wizard,transient,portal,create,deny,runtime,TestM27Security.test_public_and_portal_have_no_qms_model_or_side_channel_access,PASS,addons/pm_qms_migration/wizard/document_import_wizard.py,9
pm_qms_migration,pm.qms.document.import.wizard,transient,portal,write,deny,runtime,TestM27Security.test_public_and_portal_have_no_qms_model_or_side_channel_access,PASS,addons/pm_qms_migration/wizard/document_import_wizard.py,9
pm_qms_migration,pm.qms.document.import.wizard,transient,portal,unlink,deny,runtime,TestM27Security.test_public_and_portal_have_no_qms_model_or_side_channel_access,PASS,addons/pm_qms_migration/wizard/document_import_wizard.py,9
pm_qms_migration,pm.qms.document.import.wizard,transient,qms_user,read,role-and-scope-specific,static,Source inventory only; requires model-specific runtime fixture,REVIEW_REQUIRED,addons/pm_qms_migration/wizard/document_import_wizard.py,9
pm_qms_migration,pm.qms.document.import.wizard,transient,qms_user,create,role-and-scope-specific,static,Source inventory only; requires model-specific runtime fixture,REVIEW_REQUIRED,addons/pm_qms_migration/wizard/document_import_wizard.py,9
pm_qms_migration,pm.qms.document.import.wizard,transient,qms_user,write,role-and-scope-specific,static,Source inventory only; requires model-specific runtime fixture,REVIEW_REQUIRED,addons/pm_qms_migration/wizard/document_import_wizard.py,9
pm_qms_migration,pm.qms.document.import.wizard,transient,qms_user,unlink,role-and-scope-specific,static,Source inventory only; requires model-specific runtime fixture,REVIEW_REQUIRED,addons/pm_qms_migration/wizard/document_import_wizard.py,9
pm_qms_migration,pm.qms.document.import.wizard,transient,qms_viewer,read,role-and-scope-specific,static,Source inventory only; requires model-specific runtime fixture,REVIEW_REQUIRED,addons/pm_qms_migration/wizard/document_import_wizard.py,9
pm_qms_migration,pm.qms.document.import.wizard,transient,qms_viewer,create,role-and-scope-specific,static,Source inventory only; requires model-specific runtime fixture,REVIEW_REQUIRED,addons/pm_qms_migration/wizard/document_import_wizard.py,9
pm_qms_migration,pm.qms.document.import.wizard,transient,qms_viewer,write,role-and-scope-specific,static,Source inventory only; requires model-specific runtime fixture,REVIEW_REQUIRED,addons/pm_qms_migration/wizard/document_import_wizard.py,9
pm_qms_migration,pm.qms.document.import.wizard,transient,qms_viewer,unlink,role-and-scope-specific,static,Source inventory only; requires model-specific runtime fixture,REVIEW_REQUIRED,addons/pm_qms_migration/wizard/document_import_wizard.py,9
pm_qms_migration,pm.qms.document.import.wizard,transient,quality_supervisor,read,role-and-scope-specific,static,Source inventory only; requires model-specific runtime fixture,REVIEW_REQUIRED,addons/pm_qms_migration/wizard/document_import_wizard.py,9
pm_qms_migration,pm.qms.document.import.wizard,transient,quality_supervisor,create,role-and-scope-specific,static,Source inventory only; requires model-specific runtime fixture,REVIEW_REQUIRED,addons/pm_qms_migration/wizard/document_import_wizard.py,9
pm_qms_migration,pm.qms.document.import.wizard,transient,quality_supervisor,write,role-and-scope-specific,static,Source inventory only; requires model-specific runtime fixture,REVIEW_REQUIRED,addons/pm_qms_migration/wizard/document_import_wizard.py,9
pm_qms_migration,pm.qms.document.import.wizard,transient,quality_supervisor,unlink,role-and-scope-specific,static,Source inventory only; requires model-specific runtime fixture,REVIEW_REQUIRED,addons/pm_qms_migration/wizard/document_import_wizard.py,9
pm_qms_migration,pm.qms.document.import.wizard,transient,quality_manager,read,role-and-scope-specific,static,Source inventory only; requires model-specific runtime fixture,REVIEW_REQUIRED,addons/pm_qms_migration/wizard/document_import_wizard.py,9
pm_qms_migration,pm.qms.document.import.wizard,transient,quality_manager,create,role-and-scope-specific,static,Source inventory only; requires model-specific runtime fixture,REVIEW_REQUIRED,addons/pm_qms_migration/wizard/document_import_wizard.py,9
pm_qms_migration,pm.qms.document.import.wizard,transient,quality_manager,write,role-and-scope-specific,static,Source inventory only; requires model-specific runtime fixture,REVIEW_REQUIRED,addons/pm_qms_migration/wizard/document_import_wizard.py,9
pm_qms_migration,pm.qms.document.import.wizard,transient,quality_manager,unlink,role-and-scope-specific,static,Source inventory only; requires model-specific runtime fixture,REVIEW_REQUIRED,addons/pm_qms_migration/wizard/document_import_wizard.py,9
pm_qms_migration,pm.qms.document.import.wizard,transient,qms_administrator,read,role-and-scope-specific,static,Source inventory only; requires model-specific runtime fixture,REVIEW_REQUIRED,addons/pm_qms_migration/wizard/document_import_wizard.py,9
pm_qms_migration,pm.qms.document.import.wizard,transient,qms_administrator,create,role-and-scope-specific,static,Source inventory only; requires model-specific runtime fixture,REVIEW_REQUIRED,addons/pm_qms_migration/wizard/document_import_wizard.py,9
pm_qms_migration,pm.qms.document.import.wizard,transient,qms_administrator,write,role-and-scope-specific,static,Source inventory only; requires model-specific runtime fixture,REVIEW_REQUIRED,addons/pm_qms_migration/wizard/document_import_wizard.py,9
pm_qms_migration,pm.qms.document.import.wizard,transient,qms_administrator,unlink,role-and-scope-specific,static,Source inventory only; requires model-specific runtime fixture,REVIEW_REQUIRED,addons/pm_qms_migration/wizard/document_import_wizard.py,9
pm_qms_migration,pm.qms.document.import.wizard,transient,qms_licensing_administrator,read,role-and-scope-specific,static,Source inventory only; requires model-specific runtime fixture,REVIEW_REQUIRED,addons/pm_qms_migration/wizard/document_import_wizard.py,9
pm_qms_migration,pm.qms.document.import.wizard,transient,qms_licensing_administrator,create,role-and-scope-specific,static,Source inventory only; requires model-specific runtime fixture,REVIEW_REQUIRED,addons/pm_qms_migration/wizard/document_import_wizard.py,9
pm_qms_migration,pm.qms.document.import.wizard,transient,qms_licensing_administrator,write,role-and-scope-specific,static,Source inventory only; requires model-specific runtime fixture,REVIEW_REQUIRED,addons/pm_qms_migration/wizard/document_import_wizard.py,9
pm_qms_migration,pm.qms.document.import.wizard,transient,qms_licensing_administrator,unlink,role-and-scope-specific,static,Source inventory only; requires model-specific runtime fixture,REVIEW_REQUIRED,addons/pm_qms_migration/wizard/document_import_wizard.py,9
pm_qms_migration,pm.qms.document.import.wizard,transient,odoo_system_administrator,read,role-and-scope-specific,static,Source inventory only; requires model-specific runtime fixture,REVIEW_REQUIRED,addons/pm_qms_migration/wizard/document_import_wizard.py,9
pm_qms_migration,pm.qms.document.import.wizard,transient,odoo_system_administrator,create,role-and-scope-specific,static,Source inventory only; requires model-specific runtime fixture,REVIEW_REQUIRED,addons/pm_qms_migration/wizard/document_import_wizard.py,9
pm_qms_migration,pm.qms.document.import.wizard,transient,odoo_system_administrator,write,role-and-scope-specific,static,Source inventory only; requires model-specific runtime fixture,REVIEW_REQUIRED,addons/pm_qms_migration/wizard/document_import_wizard.py,9
pm_qms_migration,pm.qms.document.import.wizard,transient,odoo_system_administrator,unlink,role-and-scope-specific,static,Source inventory only; requires model-specific runtime fixture,REVIEW_REQUIRED,addons/pm_qms_migration/wizard/document_import_wizard.py,9
pm_qms_documents,pm.qms.document.revision,concrete,public,read,deny,runtime,TestM27Security.test_public_and_portal_have_no_qms_model_or_side_channel_access,PASS,addons/pm_qms_documents/models/document_revision.py,5
pm_qms_documents,pm.qms.document.revision,concrete,public,create,deny,runtime,TestM27Security.test_public_and_portal_have_no_qms_model_or_side_channel_access,PASS,addons/pm_qms_documents/models/document_revision.py,5
pm_qms_documents,pm.qms.document.revision,concrete,public,write,deny,runtime,TestM27Security.test_public_and_portal_have_no_qms_model_or_side_channel_access,PASS,addons/pm_qms_documents/models/document_revision.py,5
pm_qms_documents,pm.qms.document.revision,concrete,public,unlink,deny,runtime,TestM27Security.test_public_and_portal_have_no_qms_model_or_side_channel_access,PASS,addons/pm_qms_documents/models/document_revision.py,5
pm_qms_documents,pm.qms.document.revision,concrete,portal,read,deny,runtime,TestM27Security.test_public_and_portal_have_no_qms_model_or_side_channel_access,PASS,addons/pm_qms_documents/models/document_revision.py,5
pm_qms_documents,pm.qms.document.revision,concrete,portal,create,deny,runtime,TestM27Security.test_public_and_portal_have_no_qms_model_or_side_channel_access,PASS,addons/pm_qms_documents/models/document_revision.py,5
pm_qms_documents,pm.qms.document.revision,concrete,portal,write,deny,runtime,TestM27Security.test_public_and_portal_have_no_qms_model_or_side_channel_access,PASS,addons/pm_qms_documents/models/document_revision.py,5
pm_qms_documents,pm.qms.document.revision,concrete,portal,unlink,deny,runtime,TestM27Security.test_public_and_portal_have_no_qms_model_or_side_channel_access,PASS,addons/pm_qms_documents/models/document_revision.py,5
pm_qms_documents,pm.qms.document.revision,concrete,qms_user,read,role-and-scope-specific,static,Source inventory only; requires model-specific runtime fixture,REVIEW_REQUIRED,addons/pm_qms_documents/models/document_revision.py,5
pm_qms_documents,pm.qms.document.revision,concrete,qms_user,create,role-and-scope-specific,static,Source inventory only; requires model-specific runtime fixture,REVIEW_REQUIRED,addons/pm_qms_documents/models/document_revision.py,5
pm_qms_documents,pm.qms.document.revision,concrete,qms_user,write,role-and-scope-specific,static,Source inventory only; requires model-specific runtime fixture,REVIEW_REQUIRED,addons/pm_qms_documents/models/document_revision.py,5
pm_qms_documents,pm.qms.document.revision,concrete,qms_user,unlink,role-and-scope-specific,static,Source inventory only; requires model-specific runtime fixture,REVIEW_REQUIRED,addons/pm_qms_documents/models/document_revision.py,5
pm_qms_documents,pm.qms.document.revision,concrete,qms_viewer,read,role-and-scope-specific,static,Source inventory only; requires model-specific runtime fixture,REVIEW_REQUIRED,addons/pm_qms_documents/models/document_revision.py,5
pm_qms_documents,pm.qms.document.revision,concrete,qms_viewer,create,role-and-scope-specific,static,Source inventory only; requires model-specific runtime fixture,REVIEW_REQUIRED,addons/pm_qms_documents/models/document_revision.py,5
pm_qms_documents,pm.qms.document.revision,concrete,qms_viewer,write,role-and-scope-specific,static,Source inventory only; requires model-specific runtime fixture,REVIEW_REQUIRED,addons/pm_qms_documents/models/document_revision.py,5
pm_qms_documents,pm.qms.document.revision,concrete,qms_viewer,unlink,role-and-scope-specific,static,Source inventory only; requires model-specific runtime fixture,REVIEW_REQUIRED,addons/pm_qms_documents/models/document_revision.py,5
pm_qms_documents,pm.qms.document.revision,concrete,quality_supervisor,read,role-and-scope-specific,static,Source inventory only; requires model-specific runtime fixture,REVIEW_REQUIRED,addons/pm_qms_documents/models/document_revision.py,5
pm_qms_documents,pm.qms.document.revision,concrete,quality_supervisor,create,role-and-scope-specific,static,Source inventory only; requires model-specific runtime fixture,REVIEW_REQUIRED,addons/pm_qms_documents/models/document_revision.py,5
pm_qms_documents,pm.qms.document.revision,concrete,quality_supervisor,write,role-and-scope-specific,static,Source inventory only; requires model-specific runtime fixture,REVIEW_REQUIRED,addons/pm_qms_documents/models/document_revision.py,5
pm_qms_documents,pm.qms.document.revision,concrete,quality_supervisor,unlink,role-and-scope-specific,static,Source inventory only; requires model-specific runtime fixture,REVIEW_REQUIRED,addons/pm_qms_documents/models/document_revision.py,5
pm_qms_documents,pm.qms.document.revision,concrete,quality_manager,read,role-and-scope-specific,static,Source inventory only; requires model-specific runtime fixture,REVIEW_REQUIRED,addons/pm_qms_documents/models/document_revision.py,5
pm_qms_documents,pm.qms.document.revision,concrete,quality_manager,create,role-and-scope-specific,static,Source inventory only; requires model-specific runtime fixture,REVIEW_REQUIRED,addons/pm_qms_documents/models/document_revision.py,5
pm_qms_documents,pm.qms.document.revision,concrete,quality_manager,write,role-and-scope-specific,static,Source inventory only; requires model-specific runtime fixture,REVIEW_REQUIRED,addons/pm_qms_documents/models/document_revision.py,5
pm_qms_documents,pm.qms.document.revision,concrete,quality_manager,unlink,role-and-scope-specific,static,Source inventory only; requires model-specific runtime fixture,REVIEW_REQUIRED,addons/pm_qms_documents/models/document_revision.py,5
pm_qms_documents,pm.qms.document.revision,concrete,qms_administrator,read,role-and-scope-specific,static,Source inventory only; requires model-specific runtime fixture,REVIEW_REQUIRED,addons/pm_qms_documents/models/document_revision.py,5
pm_qms_documents,pm.qms.document.revision,concrete,qms_administrator,create,role-and-scope-specific,static,Source inventory only; requires model-specific runtime fixture,REVIEW_REQUIRED,addons/pm_qms_documents/models/document_revision.py,5
pm_qms_documents,pm.qms.document.revision,concrete,qms_administrator,write,role-and-scope-specific,static,Source inventory only; requires model-specific runtime fixture,REVIEW_REQUIRED,addons/pm_qms_documents/models/document_revision.py,5
pm_qms_documents,pm.qms.document.revision,concrete,qms_administrator,unlink,role-and-scope-specific,static,Source inventory only; requires model-specific runtime fixture,REVIEW_REQUIRED,addons/pm_qms_documents/models/document_revision.py,5
pm_qms_documents,pm.qms.document.revision,concrete,qms_licensing_administrator,read,role-and-scope-specific,static,Source inventory only; requires model-specific runtime fixture,REVIEW_REQUIRED,addons/pm_qms_documents/models/document_revision.py,5
pm_qms_documents,pm.qms.document.revision,concrete,qms_licensing_administrator,create,role-and-scope-specific,static,Source inventory only; requires model-specific runtime fixture,REVIEW_REQUIRED,addons/pm_qms_documents/models/document_revision.py,5
pm_qms_documents,pm.qms.document.revision,concrete,qms_licensing_administrator,write,role-and-scope-specific,static,Source inventory only; requires model-specific runtime fixture,REVIEW_REQUIRED,addons/pm_qms_documents/models/document_revision.py,5
pm_qms_documents,pm.qms.document.revision,concrete,qms_licensing_administrator,unlink,role-and-scope-specific,static,Source inventory only; requires model-specific runtime fixture,REVIEW_REQUIRED,addons/pm_qms_documents/models/document_revision.py,5
pm_qms_documents,pm.qms.document.revision,concrete,odoo_system_administrator,read,role-and-scope-specific,static,Source inventory only; requires model-specific runtime fixture,REVIEW_REQUIRED,addons/pm_qms_documents/models/document_revision.py,5
pm_qms_documents,pm.qms.document.revision,concrete,odoo_system_administrator,create,role-and-scope-specific,static,Source inventory only; requires model-specific runtime fixture,REVIEW_REQUIRED,addons/pm_qms_documents/models/document_revision.py,5
pm_qms_documents,pm.qms.document.revision,concrete,odoo_system_administrator,write,role-and-scope-specific,static,Source inventory only; requires model-specific runtime fixture,REVIEW_REQUIRED,addons/pm_qms_documents/models/document_revision.py,5
pm_qms_documents,pm.qms.document.revision,concrete,odoo_system_administrator,unlink,role-and-scope-specific,static,Source inventory only; requires model-specific runtime fixture,REVIEW_REQUIRED,addons/pm_qms_documents/models/document_revision.py,5
pm_qms_customer_quality,pm.qms.eight.d,concrete,public,read,deny,runtime,TestM27Security.test_public_and_portal_have_no_qms_model_or_side_channel_access,PASS,addons/pm_qms_customer_quality/models/eight_d.py,5
pm_qms_customer_quality,pm.qms.eight.d,concrete,public,create,deny,runtime,TestM27Security.test_public_and_portal_have_no_qms_model_or_side_channel_access,PASS,addons/pm_qms_customer_quality/models/eight_d.py,5
pm_qms_customer_quality,pm.qms.eight.d,concrete,public,write,deny,runtime,TestM27Security.test_public_and_portal_have_no_qms_model_or_side_channel_access,PASS,addons/pm_qms_customer_quality/models/eight_d.py,5
pm_qms_customer_quality,pm.qms.eight.d,concrete,public,unlink,deny,runtime,TestM27Security.test_public_and_portal_have_no_qms_model_or_side_channel_access,PASS,addons/pm_qms_customer_quality/models/eight_d.py,5
pm_qms_customer_quality,pm.qms.eight.d,concrete,portal,read,deny,runtime,TestM27Security.test_public_and_portal_have_no_qms_model_or_side_channel_access,PASS,addons/pm_qms_customer_quality/models/eight_d.py,5
pm_qms_customer_quality,pm.qms.eight.d,concrete,portal,create,deny,runtime,TestM27Security.test_public_and_portal_have_no_qms_model_or_side_channel_access,PASS,addons/pm_qms_customer_quality/models/eight_d.py,5
pm_qms_customer_quality,pm.qms.eight.d,concrete,portal,write,deny,runtime,TestM27Security.test_public_and_portal_have_no_qms_model_or_side_channel_access,PASS,addons/pm_qms_customer_quality/models/eight_d.py,5
pm_qms_customer_quality,pm.qms.eight.d,concrete,portal,unlink,deny,runtime,TestM27Security.test_public_and_portal_have_no_qms_model_or_side_channel_access,PASS,addons/pm_qms_customer_quality/models/eight_d.py,5
pm_qms_customer_quality,pm.qms.eight.d,concrete,qms_user,read,role-and-scope-specific,static,Source inventory only; requires model-specific runtime fixture,REVIEW_REQUIRED,addons/pm_qms_customer_quality/models/eight_d.py,5
pm_qms_customer_quality,pm.qms.eight.d,concrete,qms_user,create,role-and-scope-specific,static,Source inventory only; requires model-specific runtime fixture,REVIEW_REQUIRED,addons/pm_qms_customer_quality/models/eight_d.py,5
pm_qms_customer_quality,pm.qms.eight.d,concrete,qms_user,write,role-and-scope-specific,static,Source inventory only; requires model-specific runtime fixture,REVIEW_REQUIRED,addons/pm_qms_customer_quality/models/eight_d.py,5
pm_qms_customer_quality,pm.qms.eight.d,concrete,qms_user,unlink,role-and-scope-specific,static,Source inventory only; requires model-specific runtime fixture,REVIEW_REQUIRED,addons/pm_qms_customer_quality/models/eight_d.py,5
pm_qms_customer_quality,pm.qms.eight.d,concrete,qms_viewer,read,role-and-scope-specific,static,Source inventory only; requires model-specific runtime fixture,REVIEW_REQUIRED,addons/pm_qms_customer_quality/models/eight_d.py,5
pm_qms_customer_quality,pm.qms.eight.d,concrete,qms_viewer,create,role-and-scope-specific,static,Source inventory only; requires model-specific runtime fixture,REVIEW_REQUIRED,addons/pm_qms_customer_quality/models/eight_d.py,5
pm_qms_customer_quality,pm.qms.eight.d,concrete,qms_viewer,write,role-and-scope-specific,static,Source inventory only; requires model-specific runtime fixture,REVIEW_REQUIRED,addons/pm_qms_customer_quality/models/eight_d.py,5
pm_qms_customer_quality,pm.qms.eight.d,concrete,qms_viewer,unlink,role-and-scope-specific,static,Source inventory only; requires model-specific runtime fixture,REVIEW_REQUIRED,addons/pm_qms_customer_quality/models/eight_d.py,5
pm_qms_customer_quality,pm.qms.eight.d,concrete,quality_supervisor,read,role-and-scope-specific,static,Source inventory only; requires model-specific runtime fixture,REVIEW_REQUIRED,addons/pm_qms_customer_quality/models/eight_d.py,5
pm_qms_customer_quality,pm.qms.eight.d,concrete,quality_supervisor,create,role-and-scope-specific,static,Source inventory only; requires model-specific runtime fixture,REVIEW_REQUIRED,addons/pm_qms_customer_quality/models/eight_d.py,5
pm_qms_customer_quality,pm.qms.eight.d,concrete,quality_supervisor,write,role-and-scope-specific,static,Source inventory only; requires model-specific runtime fixture,REVIEW_REQUIRED,addons/pm_qms_customer_quality/models/eight_d.py,5
pm_qms_customer_quality,pm.qms.eight.d,concrete,quality_supervisor,unlink,role-and-scope-specific,static,Source inventory only; requires model-specific runtime fixture,REVIEW_REQUIRED,addons/pm_qms_customer_quality/models/eight_d.py,5
pm_qms_customer_quality,pm.qms.eight.d,concrete,quality_manager,read,role-and-scope-specific,static,Source inventory only; requires model-specific runtime fixture,REVIEW_REQUIRED,addons/pm_qms_customer_quality/models/eight_d.py,5
pm_qms_customer_quality,pm.qms.eight.d,concrete,quality_manager,create,role-and-scope-specific,static,Source inventory only; requires model-specific runtime fixture,REVIEW_REQUIRED,addons/pm_qms_customer_quality/models/eight_d.py,5
pm_qms_customer_quality,pm.qms.eight.d,concrete,quality_manager,write,role-and-scope-specific,static,Source inventory only; requires model-specific runtime fixture,REVIEW_REQUIRED,addons/pm_qms_customer_quality/models/eight_d.py,5
pm_qms_customer_quality,pm.qms.eight.d,concrete,quality_manager,unlink,role-and-scope-specific,static,Source inventory only; requires model-specific runtime fixture,REVIEW_REQUIRED,addons/pm_qms_customer_quality/models/eight_d.py,5
pm_qms_customer_quality,pm.qms.eight.d,concrete,qms_administrator,read,role-and-scope-specific,static,Source inventory only; requires model-specific runtime fixture,REVIEW_REQUIRED,addons/pm_qms_customer_quality/models/eight_d.py,5
pm_qms_customer_quality,pm.qms.eight.d,concrete,qms_administrator,create,role-and-scope-specific,static,Source inventory only; requires model-specific runtime fixture,REVIEW_REQUIRED,addons/pm_qms_customer_quality/models/eight_d.py,5
pm_qms_customer_quality,pm.qms.eight.d,concrete,qms_administrator,write,role-and-scope-specific,static,Source inventory only; requires model-specific runtime fixture,REVIEW_REQUIRED,addons/pm_qms_customer_quality/models/eight_d.py,5
pm_qms_customer_quality,pm.qms.eight.d,concrete,qms_administrator,unlink,role-and-scope-specific,static,Source inventory only; requires model-specific runtime fixture,REVIEW_REQUIRED,addons/pm_qms_customer_quality/models/eight_d.py,5
pm_qms_customer_quality,pm.qms.eight.d,concrete,qms_licensing_administrator,read,role-and-scope-specific,static,Source inventory only; requires model-specific runtime fixture,REVIEW_REQUIRED,addons/pm_qms_customer_quality/models/eight_d.py,5
pm_qms_customer_quality,pm.qms.eight.d,concrete,qms_licensing_administrator,create,role-and-scope-specific,static,Source inventory only; requires model-specific runtime fixture,REVIEW_REQUIRED,addons/pm_qms_customer_quality/models/eight_d.py,5
pm_qms_customer_quality,pm.qms.eight.d,concrete,qms_licensing_administrator,write,role-and-scope-specific,static,Source inventory only; requires model-specific runtime fixture,REVIEW_REQUIRED,addons/pm_qms_customer_quality/models/eight_d.py,5
pm_qms_customer_quality,pm.qms.eight.d,concrete,qms_licensing_administrator,unlink,role-and-scope-specific,static,Source inventory only; requires model-specific runtime fixture,REVIEW_REQUIRED,addons/pm_qms_customer_quality/models/eight_d.py,5
pm_qms_customer_quality,pm.qms.eight.d,concrete,odoo_system_administrator,read,role-and-scope-specific,static,Source inventory only; requires model-specific runtime fixture,REVIEW_REQUIRED,addons/pm_qms_customer_quality/models/eight_d.py,5
pm_qms_customer_quality,pm.qms.eight.d,concrete,odoo_system_administrator,create,role-and-scope-specific,static,Source inventory only; requires model-specific runtime fixture,REVIEW_REQUIRED,addons/pm_qms_customer_quality/models/eight_d.py,5
pm_qms_customer_quality,pm.qms.eight.d,concrete,odoo_system_administrator,write,role-and-scope-specific,static,Source inventory only; requires model-specific runtime fixture,REVIEW_REQUIRED,addons/pm_qms_customer_quality/models/eight_d.py,5
pm_qms_customer_quality,pm.qms.eight.d,concrete,odoo_system_administrator,unlink,role-and-scope-specific,static,Source inventory only; requires model-specific runtime fixture,REVIEW_REQUIRED,addons/pm_qms_customer_quality/models/eight_d.py,5
pm_qms_license,pm.qms.entitlement.service,abstract,public,read,deny,runtime,TestM27Security.test_public_and_portal_have_no_qms_model_or_side_channel_access,PASS,addons/pm_qms_license/services/entitlement_service.py,20
pm_qms_license,pm.qms.entitlement.service,abstract,public,create,deny,runtime,TestM27Security.test_public_and_portal_have_no_qms_model_or_side_channel_access,PASS,addons/pm_qms_license/services/entitlement_service.py,20
pm_qms_license,pm.qms.entitlement.service,abstract,public,write,deny,runtime,TestM27Security.test_public_and_portal_have_no_qms_model_or_side_channel_access,PASS,addons/pm_qms_license/services/entitlement_service.py,20
pm_qms_license,pm.qms.entitlement.service,abstract,public,unlink,deny,runtime,TestM27Security.test_public_and_portal_have_no_qms_model_or_side_channel_access,PASS,addons/pm_qms_license/services/entitlement_service.py,20
pm_qms_license,pm.qms.entitlement.service,abstract,portal,read,deny,runtime,TestM27Security.test_public_and_portal_have_no_qms_model_or_side_channel_access,PASS,addons/pm_qms_license/services/entitlement_service.py,20
pm_qms_license,pm.qms.entitlement.service,abstract,portal,create,deny,runtime,TestM27Security.test_public_and_portal_have_no_qms_model_or_side_channel_access,PASS,addons/pm_qms_license/services/entitlement_service.py,20
pm_qms_license,pm.qms.entitlement.service,abstract,portal,write,deny,runtime,TestM27Security.test_public_and_portal_have_no_qms_model_or_side_channel_access,PASS,addons/pm_qms_license/services/entitlement_service.py,20
pm_qms_license,pm.qms.entitlement.service,abstract,portal,unlink,deny,runtime,TestM27Security.test_public_and_portal_have_no_qms_model_or_side_channel_access,PASS,addons/pm_qms_license/services/entitlement_service.py,20
pm_qms_license,pm.qms.entitlement.service,abstract,qms_user,read,not applicable,static,Abstract service/mixin; no database CRUD surface,NOT_APPLICABLE,addons/pm_qms_license/services/entitlement_service.py,20
pm_qms_license,pm.qms.entitlement.service,abstract,qms_user,create,not applicable,static,Abstract service/mixin; no database CRUD surface,NOT_APPLICABLE,addons/pm_qms_license/services/entitlement_service.py,20
pm_qms_license,pm.qms.entitlement.service,abstract,qms_user,write,not applicable,static,Abstract service/mixin; no database CRUD surface,NOT_APPLICABLE,addons/pm_qms_license/services/entitlement_service.py,20
pm_qms_license,pm.qms.entitlement.service,abstract,qms_user,unlink,not applicable,static,Abstract service/mixin; no database CRUD surface,NOT_APPLICABLE,addons/pm_qms_license/services/entitlement_service.py,20
pm_qms_license,pm.qms.entitlement.service,abstract,qms_viewer,read,not applicable,static,Abstract service/mixin; no database CRUD surface,NOT_APPLICABLE,addons/pm_qms_license/services/entitlement_service.py,20
pm_qms_license,pm.qms.entitlement.service,abstract,qms_viewer,create,not applicable,static,Abstract service/mixin; no database CRUD surface,NOT_APPLICABLE,addons/pm_qms_license/services/entitlement_service.py,20
pm_qms_license,pm.qms.entitlement.service,abstract,qms_viewer,write,not applicable,static,Abstract service/mixin; no database CRUD surface,NOT_APPLICABLE,addons/pm_qms_license/services/entitlement_service.py,20
pm_qms_license,pm.qms.entitlement.service,abstract,qms_viewer,unlink,not applicable,static,Abstract service/mixin; no database CRUD surface,NOT_APPLICABLE,addons/pm_qms_license/services/entitlement_service.py,20
pm_qms_license,pm.qms.entitlement.service,abstract,quality_supervisor,read,not applicable,static,Abstract service/mixin; no database CRUD surface,NOT_APPLICABLE,addons/pm_qms_license/services/entitlement_service.py,20
pm_qms_license,pm.qms.entitlement.service,abstract,quality_supervisor,create,not applicable,static,Abstract service/mixin; no database CRUD surface,NOT_APPLICABLE,addons/pm_qms_license/services/entitlement_service.py,20
pm_qms_license,pm.qms.entitlement.service,abstract,quality_supervisor,write,not applicable,static,Abstract service/mixin; no database CRUD surface,NOT_APPLICABLE,addons/pm_qms_license/services/entitlement_service.py,20
pm_qms_license,pm.qms.entitlement.service,abstract,quality_supervisor,unlink,not applicable,static,Abstract service/mixin; no database CRUD surface,NOT_APPLICABLE,addons/pm_qms_license/services/entitlement_service.py,20
pm_qms_license,pm.qms.entitlement.service,abstract,quality_manager,read,not applicable,static,Abstract service/mixin; no database CRUD surface,NOT_APPLICABLE,addons/pm_qms_license/services/entitlement_service.py,20
pm_qms_license,pm.qms.entitlement.service,abstract,quality_manager,create,not applicable,static,Abstract service/mixin; no database CRUD surface,NOT_APPLICABLE,addons/pm_qms_license/services/entitlement_service.py,20
pm_qms_license,pm.qms.entitlement.service,abstract,quality_manager,write,not applicable,static,Abstract service/mixin; no database CRUD surface,NOT_APPLICABLE,addons/pm_qms_license/services/entitlement_service.py,20
pm_qms_license,pm.qms.entitlement.service,abstract,quality_manager,unlink,not applicable,static,Abstract service/mixin; no database CRUD surface,NOT_APPLICABLE,addons/pm_qms_license/services/entitlement_service.py,20
pm_qms_license,pm.qms.entitlement.service,abstract,qms_administrator,read,not applicable,static,Abstract service/mixin; no database CRUD surface,NOT_APPLICABLE,addons/pm_qms_license/services/entitlement_service.py,20
pm_qms_license,pm.qms.entitlement.service,abstract,qms_administrator,create,not applicable,static,Abstract service/mixin; no database CRUD surface,NOT_APPLICABLE,addons/pm_qms_license/services/entitlement_service.py,20
pm_qms_license,pm.qms.entitlement.service,abstract,qms_administrator,write,not applicable,static,Abstract service/mixin; no database CRUD surface,NOT_APPLICABLE,addons/pm_qms_license/services/entitlement_service.py,20
pm_qms_license,pm.qms.entitlement.service,abstract,qms_administrator,unlink,not applicable,static,Abstract service/mixin; no database CRUD surface,NOT_APPLICABLE,addons/pm_qms_license/services/entitlement_service.py,20
pm_qms_license,pm.qms.entitlement.service,abstract,qms_licensing_administrator,read,not applicable,static,Abstract service/mixin; no database CRUD surface,NOT_APPLICABLE,addons/pm_qms_license/services/entitlement_service.py,20
pm_qms_license,pm.qms.entitlement.service,abstract,qms_licensing_administrator,create,not applicable,static,Abstract service/mixin; no database CRUD surface,NOT_APPLICABLE,addons/pm_qms_license/services/entitlement_service.py,20
pm_qms_license,pm.qms.entitlement.service,abstract,qms_licensing_administrator,write,not applicable,static,Abstract service/mixin; no database CRUD surface,NOT_APPLICABLE,addons/pm_qms_license/services/entitlement_service.py,20
pm_qms_license,pm.qms.entitlement.service,abstract,qms_licensing_administrator,unlink,not applicable,static,Abstract service/mixin; no database CRUD surface,NOT_APPLICABLE,addons/pm_qms_license/services/entitlement_service.py,20
pm_qms_license,pm.qms.entitlement.service,abstract,odoo_system_administrator,read,not applicable,static,Abstract service/mixin; no database CRUD surface,NOT_APPLICABLE,addons/pm_qms_license/services/entitlement_service.py,20
pm_qms_license,pm.qms.entitlement.service,abstract,odoo_system_administrator,create,not applicable,static,Abstract service/mixin; no database CRUD surface,NOT_APPLICABLE,addons/pm_qms_license/services/entitlement_service.py,20
pm_qms_license,pm.qms.entitlement.service,abstract,odoo_system_administrator,write,not applicable,static,Abstract service/mixin; no database CRUD surface,NOT_APPLICABLE,addons/pm_qms_license/services/entitlement_service.py,20
pm_qms_license,pm.qms.entitlement.service,abstract,odoo_system_administrator,unlink,not applicable,static,Abstract service/mixin; no database CRUD surface,NOT_APPLICABLE,addons/pm_qms_license/services/entitlement_service.py,20
pm_qms_calibration,pm.qms.equipment,concrete,public,read,deny,runtime,TestM27Security.test_public_and_portal_have_no_qms_model_or_side_channel_access,PASS,addons/pm_qms_calibration/models/equipment.py,44
pm_qms_calibration,pm.qms.equipment,concrete,public,create,deny,runtime,TestM27Security.test_public_and_portal_have_no_qms_model_or_side_channel_access,PASS,addons/pm_qms_calibration/models/equipment.py,44
pm_qms_calibration,pm.qms.equipment,concrete,public,write,deny,runtime,TestM27Security.test_public_and_portal_have_no_qms_model_or_side_channel_access,PASS,addons/pm_qms_calibration/models/equipment.py,44
pm_qms_calibration,pm.qms.equipment,concrete,public,unlink,deny,runtime,TestM27Security.test_public_and_portal_have_no_qms_model_or_side_channel_access,PASS,addons/pm_qms_calibration/models/equipment.py,44
pm_qms_calibration,pm.qms.equipment,concrete,portal,read,deny,runtime,TestM27Security.test_public_and_portal_have_no_qms_model_or_side_channel_access,PASS,addons/pm_qms_calibration/models/equipment.py,44
pm_qms_calibration,pm.qms.equipment,concrete,portal,create,deny,runtime,TestM27Security.test_public_and_portal_have_no_qms_model_or_side_channel_access,PASS,addons/pm_qms_calibration/models/equipment.py,44
pm_qms_calibration,pm.qms.equipment,concrete,portal,write,deny,runtime,TestM27Security.test_public_and_portal_have_no_qms_model_or_side_channel_access,PASS,addons/pm_qms_calibration/models/equipment.py,44
pm_qms_calibration,pm.qms.equipment,concrete,portal,unlink,deny,runtime,TestM27Security.test_public_and_portal_have_no_qms_model_or_side_channel_access,PASS,addons/pm_qms_calibration/models/equipment.py,44
pm_qms_calibration,pm.qms.equipment,concrete,qms_user,read,role-and-scope-specific,static,Source inventory only; requires model-specific runtime fixture,REVIEW_REQUIRED,addons/pm_qms_calibration/models/equipment.py,44
pm_qms_calibration,pm.qms.equipment,concrete,qms_user,create,role-and-scope-specific,static,Source inventory only; requires model-specific runtime fixture,REVIEW_REQUIRED,addons/pm_qms_calibration/models/equipment.py,44
pm_qms_calibration,pm.qms.equipment,concrete,qms_user,write,role-and-scope-specific,static,Source inventory only; requires model-specific runtime fixture,REVIEW_REQUIRED,addons/pm_qms_calibration/models/equipment.py,44
pm_qms_calibration,pm.qms.equipment,concrete,qms_user,unlink,role-and-scope-specific,static,Source inventory only; requires model-specific runtime fixture,REVIEW_REQUIRED,addons/pm_qms_calibration/models/equipment.py,44
pm_qms_calibration,pm.qms.equipment,concrete,qms_viewer,read,role-and-scope-specific,static,Source inventory only; requires model-specific runtime fixture,REVIEW_REQUIRED,addons/pm_qms_calibration/models/equipment.py,44
pm_qms_calibration,pm.qms.equipment,concrete,qms_viewer,create,role-and-scope-specific,static,Source inventory only; requires model-specific runtime fixture,REVIEW_REQUIRED,addons/pm_qms_calibration/models/equipment.py,44
pm_qms_calibration,pm.qms.equipment,concrete,qms_viewer,write,role-and-scope-specific,static,Source inventory only; requires model-specific runtime fixture,REVIEW_REQUIRED,addons/pm_qms_calibration/models/equipment.py,44
pm_qms_calibration,pm.qms.equipment,concrete,qms_viewer,unlink,role-and-scope-specific,static,Source inventory only; requires model-specific runtime fixture,REVIEW_REQUIRED,addons/pm_qms_calibration/models/equipment.py,44
pm_qms_calibration,pm.qms.equipment,concrete,quality_supervisor,read,role-and-scope-specific,static,Source inventory only; requires model-specific runtime fixture,REVIEW_REQUIRED,addons/pm_qms_calibration/models/equipment.py,44
pm_qms_calibration,pm.qms.equipment,concrete,quality_supervisor,create,role-and-scope-specific,static,Source inventory only; requires model-specific runtime fixture,REVIEW_REQUIRED,addons/pm_qms_calibration/models/equipment.py,44
pm_qms_calibration,pm.qms.equipment,concrete,quality_supervisor,write,role-and-scope-specific,static,Source inventory only; requires model-specific runtime fixture,REVIEW_REQUIRED,addons/pm_qms_calibration/models/equipment.py,44
pm_qms_calibration,pm.qms.equipment,concrete,quality_supervisor,unlink,role-and-scope-specific,static,Source inventory only; requires model-specific runtime fixture,REVIEW_REQUIRED,addons/pm_qms_calibration/models/equipment.py,44
pm_qms_calibration,pm.qms.equipment,concrete,quality_manager,read,role-and-scope-specific,static,Source inventory only; requires model-specific runtime fixture,REVIEW_REQUIRED,addons/pm_qms_calibration/models/equipment.py,44
pm_qms_calibration,pm.qms.equipment,concrete,quality_manager,create,role-and-scope-specific,static,Source inventory only; requires model-specific runtime fixture,REVIEW_REQUIRED,addons/pm_qms_calibration/models/equipment.py,44
pm_qms_calibration,pm.qms.equipment,concrete,quality_manager,write,role-and-scope-specific,static,Source inventory only; requires model-specific runtime fixture,REVIEW_REQUIRED,addons/pm_qms_calibration/models/equipment.py,44
pm_qms_calibration,pm.qms.equipment,concrete,quality_manager,unlink,role-and-scope-specific,static,Source inventory only; requires model-specific runtime fixture,REVIEW_REQUIRED,addons/pm_qms_calibration/models/equipment.py,44
pm_qms_calibration,pm.qms.equipment,concrete,qms_administrator,read,role-and-scope-specific,static,Source inventory only; requires model-specific runtime fixture,REVIEW_REQUIRED,addons/pm_qms_calibration/models/equipment.py,44
pm_qms_calibration,pm.qms.equipment,concrete,qms_administrator,create,role-and-scope-specific,static,Source inventory only; requires model-specific runtime fixture,REVIEW_REQUIRED,addons/pm_qms_calibration/models/equipment.py,44
pm_qms_calibration,pm.qms.equipment,concrete,qms_administrator,write,role-and-scope-specific,static,Source inventory only; requires model-specific runtime fixture,REVIEW_REQUIRED,addons/pm_qms_calibration/models/equipment.py,44
pm_qms_calibration,pm.qms.equipment,concrete,qms_administrator,unlink,role-and-scope-specific,static,Source inventory only; requires model-specific runtime fixture,REVIEW_REQUIRED,addons/pm_qms_calibration/models/equipment.py,44
pm_qms_calibration,pm.qms.equipment,concrete,qms_licensing_administrator,read,role-and-scope-specific,static,Source inventory only; requires model-specific runtime fixture,REVIEW_REQUIRED,addons/pm_qms_calibration/models/equipment.py,44
pm_qms_calibration,pm.qms.equipment,concrete,qms_licensing_administrator,create,role-and-scope-specific,static,Source inventory only; requires model-specific runtime fixture,REVIEW_REQUIRED,addons/pm_qms_calibration/models/equipment.py,44
pm_qms_calibration,pm.qms.equipment,concrete,qms_licensing_administrator,write,role-and-scope-specific,static,Source inventory only; requires model-specific runtime fixture,REVIEW_REQUIRED,addons/pm_qms_calibration/models/equipment.py,44
pm_qms_calibration,pm.qms.equipment,concrete,qms_licensing_administrator,unlink,role-and-scope-specific,static,Source inventory only; requires model-specific runtime fixture,REVIEW_REQUIRED,addons/pm_qms_calibration/models/equipment.py,44
pm_qms_calibration,pm.qms.equipment,concrete,odoo_system_administrator,read,role-and-scope-specific,static,Source inventory only; requires model-specific runtime fixture,REVIEW_REQUIRED,addons/pm_qms_calibration/models/equipment.py,44
pm_qms_calibration,pm.qms.equipment,concrete,odoo_system_administrator,create,role-and-scope-specific,static,Source inventory only; requires model-specific runtime fixture,REVIEW_REQUIRED,addons/pm_qms_calibration/models/equipment.py,44
pm_qms_calibration,pm.qms.equipment,concrete,odoo_system_administrator,write,role-and-scope-specific,static,Source inventory only; requires model-specific runtime fixture,REVIEW_REQUIRED,addons/pm_qms_calibration/models/equipment.py,44
pm_qms_calibration,pm.qms.equipment,concrete,odoo_system_administrator,unlink,role-and-scope-specific,static,Source inventory only; requires model-specific runtime fixture,REVIEW_REQUIRED,addons/pm_qms_calibration/models/equipment.py,44
pm_qms_calibration,pm.qms.equipment.type,concrete,public,read,deny,runtime,TestM27Security.test_public_and_portal_have_no_qms_model_or_side_channel_access,PASS,addons/pm_qms_calibration/models/equipment.py,7
pm_qms_calibration,pm.qms.equipment.type,concrete,public,create,deny,runtime,TestM27Security.test_public_and_portal_have_no_qms_model_or_side_channel_access,PASS,addons/pm_qms_calibration/models/equipment.py,7
pm_qms_calibration,pm.qms.equipment.type,concrete,public,write,deny,runtime,TestM27Security.test_public_and_portal_have_no_qms_model_or_side_channel_access,PASS,addons/pm_qms_calibration/models/equipment.py,7
pm_qms_calibration,pm.qms.equipment.type,concrete,public,unlink,deny,runtime,TestM27Security.test_public_and_portal_have_no_qms_model_or_side_channel_access,PASS,addons/pm_qms_calibration/models/equipment.py,7
pm_qms_calibration,pm.qms.equipment.type,concrete,portal,read,deny,runtime,TestM27Security.test_public_and_portal_have_no_qms_model_or_side_channel_access,PASS,addons/pm_qms_calibration/models/equipment.py,7
pm_qms_calibration,pm.qms.equipment.type,concrete,portal,create,deny,runtime,TestM27Security.test_public_and_portal_have_no_qms_model_or_side_channel_access,PASS,addons/pm_qms_calibration/models/equipment.py,7
pm_qms_calibration,pm.qms.equipment.type,concrete,portal,write,deny,runtime,TestM27Security.test_public_and_portal_have_no_qms_model_or_side_channel_access,PASS,addons/pm_qms_calibration/models/equipment.py,7
pm_qms_calibration,pm.qms.equipment.type,concrete,portal,unlink,deny,runtime,TestM27Security.test_public_and_portal_have_no_qms_model_or_side_channel_access,PASS,addons/pm_qms_calibration/models/equipment.py,7
pm_qms_calibration,pm.qms.equipment.type,concrete,qms_user,read,role-and-scope-specific,static,Source inventory only; requires model-specific runtime fixture,REVIEW_REQUIRED,addons/pm_qms_calibration/models/equipment.py,7
pm_qms_calibration,pm.qms.equipment.type,concrete,qms_user,create,role-and-scope-specific,static,Source inventory only; requires model-specific runtime fixture,REVIEW_REQUIRED,addons/pm_qms_calibration/models/equipment.py,7
pm_qms_calibration,pm.qms.equipment.type,concrete,qms_user,write,role-and-scope-specific,static,Source inventory only; requires model-specific runtime fixture,REVIEW_REQUIRED,addons/pm_qms_calibration/models/equipment.py,7
pm_qms_calibration,pm.qms.equipment.type,concrete,qms_user,unlink,role-and-scope-specific,static,Source inventory only; requires model-specific runtime fixture,REVIEW_REQUIRED,addons/pm_qms_calibration/models/equipment.py,7
pm_qms_calibration,pm.qms.equipment.type,concrete,qms_viewer,read,role-and-scope-specific,static,Source inventory only; requires model-specific runtime fixture,REVIEW_REQUIRED,addons/pm_qms_calibration/models/equipment.py,7
pm_qms_calibration,pm.qms.equipment.type,concrete,qms_viewer,create,role-and-scope-specific,static,Source inventory only; requires model-specific runtime fixture,REVIEW_REQUIRED,addons/pm_qms_calibration/models/equipment.py,7
pm_qms_calibration,pm.qms.equipment.type,concrete,qms_viewer,write,role-and-scope-specific,static,Source inventory only; requires model-specific runtime fixture,REVIEW_REQUIRED,addons/pm_qms_calibration/models/equipment.py,7
pm_qms_calibration,pm.qms.equipment.type,concrete,qms_viewer,unlink,role-and-scope-specific,static,Source inventory only; requires model-specific runtime fixture,REVIEW_REQUIRED,addons/pm_qms_calibration/models/equipment.py,7
pm_qms_calibration,pm.qms.equipment.type,concrete,quality_supervisor,read,role-and-scope-specific,static,Source inventory only; requires model-specific runtime fixture,REVIEW_REQUIRED,addons/pm_qms_calibration/models/equipment.py,7
pm_qms_calibration,pm.qms.equipment.type,concrete,quality_supervisor,create,role-and-scope-specific,static,Source inventory only; requires model-specific runtime fixture,REVIEW_REQUIRED,addons/pm_qms_calibration/models/equipment.py,7
pm_qms_calibration,pm.qms.equipment.type,concrete,quality_supervisor,write,role-and-scope-specific,static,Source inventory only; requires model-specific runtime fixture,REVIEW_REQUIRED,addons/pm_qms_calibration/models/equipment.py,7
pm_qms_calibration,pm.qms.equipment.type,concrete,quality_supervisor,unlink,role-and-scope-specific,static,Source inventory only; requires model-specific runtime fixture,REVIEW_REQUIRED,addons/pm_qms_calibration/models/equipment.py,7
pm_qms_calibration,pm.qms.equipment.type,concrete,quality_manager,read,role-and-scope-specific,static,Source inventory only; requires model-specific runtime fixture,REVIEW_REQUIRED,addons/pm_qms_calibration/models/equipment.py,7
pm_qms_calibration,pm.qms.equipment.type,concrete,quality_manager,create,role-and-scope-specific,static,Source inventory only; requires model-specific runtime fixture,REVIEW_REQUIRED,addons/pm_qms_calibration/models/equipment.py,7
pm_qms_calibration,pm.qms.equipment.type,concrete,quality_manager,write,role-and-scope-specific,static,Source inventory only; requires model-specific runtime fixture,REVIEW_REQUIRED,addons/pm_qms_calibration/models/equipment.py,7
pm_qms_calibration,pm.qms.equipment.type,concrete,quality_manager,unlink,role-and-scope-specific,static,Source inventory only; requires model-specific runtime fixture,REVIEW_REQUIRED,addons/pm_qms_calibration/models/equipment.py,7
pm_qms_calibration,pm.qms.equipment.type,concrete,qms_administrator,read,role-and-scope-specific,static,Source inventory only; requires model-specific runtime fixture,REVIEW_REQUIRED,addons/pm_qms_calibration/models/equipment.py,7
pm_qms_calibration,pm.qms.equipment.type,concrete,qms_administrator,create,role-and-scope-specific,static,Source inventory only; requires model-specific runtime fixture,REVIEW_REQUIRED,addons/pm_qms_calibration/models/equipment.py,7
pm_qms_calibration,pm.qms.equipment.type,concrete,qms_administrator,write,role-and-scope-specific,static,Source inventory only; requires model-specific runtime fixture,REVIEW_REQUIRED,addons/pm_qms_calibration/models/equipment.py,7
pm_qms_calibration,pm.qms.equipment.type,concrete,qms_administrator,unlink,role-and-scope-specific,static,Source inventory only; requires model-specific runtime fixture,REVIEW_REQUIRED,addons/pm_qms_calibration/models/equipment.py,7
pm_qms_calibration,pm.qms.equipment.type,concrete,qms_licensing_administrator,read,role-and-scope-specific,static,Source inventory only; requires model-specific runtime fixture,REVIEW_REQUIRED,addons/pm_qms_calibration/models/equipment.py,7
pm_qms_calibration,pm.qms.equipment.type,concrete,qms_licensing_administrator,create,role-and-scope-specific,static,Source inventory only; requires model-specific runtime fixture,REVIEW_REQUIRED,addons/pm_qms_calibration/models/equipment.py,7
pm_qms_calibration,pm.qms.equipment.type,concrete,qms_licensing_administrator,write,role-and-scope-specific,static,Source inventory only; requires model-specific runtime fixture,REVIEW_REQUIRED,addons/pm_qms_calibration/models/equipment.py,7
pm_qms_calibration,pm.qms.equipment.type,concrete,qms_licensing_administrator,unlink,role-and-scope-specific,static,Source inventory only; requires model-specific runtime fixture,REVIEW_REQUIRED,addons/pm_qms_calibration/models/equipment.py,7
pm_qms_calibration,pm.qms.equipment.type,concrete,odoo_system_administrator,read,role-and-scope-specific,static,Source inventory only; requires model-specific runtime fixture,REVIEW_REQUIRED,addons/pm_qms_calibration/models/equipment.py,7
pm_qms_calibration,pm.qms.equipment.type,concrete,odoo_system_administrator,create,role-and-scope-specific,static,Source inventory only; requires model-specific runtime fixture,REVIEW_REQUIRED,addons/pm_qms_calibration/models/equipment.py,7
pm_qms_calibration,pm.qms.equipment.type,concrete,odoo_system_administrator,write,role-and-scope-specific,static,Source inventory only; requires model-specific runtime fixture,REVIEW_REQUIRED,addons/pm_qms_calibration/models/equipment.py,7
pm_qms_calibration,pm.qms.equipment.type,concrete,odoo_system_administrator,unlink,role-and-scope-specific,static,Source inventory only; requires model-specific runtime fixture,REVIEW_REQUIRED,addons/pm_qms_calibration/models/equipment.py,7
pm_qms_core,pm.qms.event,concrete,public,read,deny,runtime,TestM27Security.test_public_and_portal_have_no_qms_model_or_side_channel_access,PASS,addons/pm_qms_core/models/event.py,5
pm_qms_core,pm.qms.event,concrete,public,create,deny,runtime,TestM27Security.test_public_and_portal_have_no_qms_model_or_side_channel_access,PASS,addons/pm_qms_core/models/event.py,5
pm_qms_core,pm.qms.event,concrete,public,write,deny,runtime,TestM27Security.test_public_and_portal_have_no_qms_model_or_side_channel_access,PASS,addons/pm_qms_core/models/event.py,5
pm_qms_core,pm.qms.event,concrete,public,unlink,deny,runtime,TestM27Security.test_public_and_portal_have_no_qms_model_or_side_channel_access,PASS,addons/pm_qms_core/models/event.py,5
pm_qms_core,pm.qms.event,concrete,portal,read,deny,runtime,TestM27Security.test_public_and_portal_have_no_qms_model_or_side_channel_access,PASS,addons/pm_qms_core/models/event.py,5
pm_qms_core,pm.qms.event,concrete,portal,create,deny,runtime,TestM27Security.test_public_and_portal_have_no_qms_model_or_side_channel_access,PASS,addons/pm_qms_core/models/event.py,5
pm_qms_core,pm.qms.event,concrete,portal,write,deny,runtime,TestM27Security.test_public_and_portal_have_no_qms_model_or_side_channel_access,PASS,addons/pm_qms_core/models/event.py,5
pm_qms_core,pm.qms.event,concrete,portal,unlink,deny,runtime,TestM27Security.test_public_and_portal_have_no_qms_model_or_side_channel_access,PASS,addons/pm_qms_core/models/event.py,5
pm_qms_core,pm.qms.event,concrete,qms_user,read,role-and-scope-specific,static,Source inventory only; requires model-specific runtime fixture,REVIEW_REQUIRED,addons/pm_qms_core/models/event.py,5
pm_qms_core,pm.qms.event,concrete,qms_user,create,role-and-scope-specific,static,Source inventory only; requires model-specific runtime fixture,REVIEW_REQUIRED,addons/pm_qms_core/models/event.py,5
pm_qms_core,pm.qms.event,concrete,qms_user,write,role-and-scope-specific,static,Source inventory only; requires model-specific runtime fixture,REVIEW_REQUIRED,addons/pm_qms_core/models/event.py,5
pm_qms_core,pm.qms.event,concrete,qms_user,unlink,role-and-scope-specific,static,Source inventory only; requires model-specific runtime fixture,REVIEW_REQUIRED,addons/pm_qms_core/models/event.py,5
pm_qms_core,pm.qms.event,concrete,qms_viewer,read,role-and-scope-specific,static,Source inventory only; requires model-specific runtime fixture,REVIEW_REQUIRED,addons/pm_qms_core/models/event.py,5
pm_qms_core,pm.qms.event,concrete,qms_viewer,create,role-and-scope-specific,static,Source inventory only; requires model-specific runtime fixture,REVIEW_REQUIRED,addons/pm_qms_core/models/event.py,5
pm_qms_core,pm.qms.event,concrete,qms_viewer,write,role-and-scope-specific,static,Source inventory only; requires model-specific runtime fixture,REVIEW_REQUIRED,addons/pm_qms_core/models/event.py,5
pm_qms_core,pm.qms.event,concrete,qms_viewer,unlink,role-and-scope-specific,static,Source inventory only; requires model-specific runtime fixture,REVIEW_REQUIRED,addons/pm_qms_core/models/event.py,5
pm_qms_core,pm.qms.event,concrete,quality_supervisor,read,role-and-scope-specific,static,Source inventory only; requires model-specific runtime fixture,REVIEW_REQUIRED,addons/pm_qms_core/models/event.py,5
pm_qms_core,pm.qms.event,concrete,quality_supervisor,create,role-and-scope-specific,static,Source inventory only; requires model-specific runtime fixture,REVIEW_REQUIRED,addons/pm_qms_core/models/event.py,5
pm_qms_core,pm.qms.event,concrete,quality_supervisor,write,role-and-scope-specific,static,Source inventory only; requires model-specific runtime fixture,REVIEW_REQUIRED,addons/pm_qms_core/models/event.py,5
pm_qms_core,pm.qms.event,concrete,quality_supervisor,unlink,role-and-scope-specific,static,Source inventory only; requires model-specific runtime fixture,REVIEW_REQUIRED,addons/pm_qms_core/models/event.py,5
pm_qms_core,pm.qms.event,concrete,quality_manager,read,role-and-scope-specific,static,Source inventory only; requires model-specific runtime fixture,REVIEW_REQUIRED,addons/pm_qms_core/models/event.py,5
pm_qms_core,pm.qms.event,concrete,quality_manager,create,role-and-scope-specific,static,Source inventory only; requires model-specific runtime fixture,REVIEW_REQUIRED,addons/pm_qms_core/models/event.py,5
pm_qms_core,pm.qms.event,concrete,quality_manager,write,role-and-scope-specific,static,Source inventory only; requires model-specific runtime fixture,REVIEW_REQUIRED,addons/pm_qms_core/models/event.py,5
pm_qms_core,pm.qms.event,concrete,quality_manager,unlink,role-and-scope-specific,static,Source inventory only; requires model-specific runtime fixture,REVIEW_REQUIRED,addons/pm_qms_core/models/event.py,5
pm_qms_core,pm.qms.event,concrete,qms_administrator,read,role-and-scope-specific,static,Source inventory only; requires model-specific runtime fixture,REVIEW_REQUIRED,addons/pm_qms_core/models/event.py,5
pm_qms_core,pm.qms.event,concrete,qms_administrator,create,role-and-scope-specific,static,Source inventory only; requires model-specific runtime fixture,REVIEW_REQUIRED,addons/pm_qms_core/models/event.py,5
pm_qms_core,pm.qms.event,concrete,qms_administrator,write,role-and-scope-specific,static,Source inventory only; requires model-specific runtime fixture,REVIEW_REQUIRED,addons/pm_qms_core/models/event.py,5
pm_qms_core,pm.qms.event,concrete,qms_administrator,unlink,role-and-scope-specific,static,Source inventory only; requires model-specific runtime fixture,REVIEW_REQUIRED,addons/pm_qms_core/models/event.py,5
pm_qms_core,pm.qms.event,concrete,qms_licensing_administrator,read,role-and-scope-specific,static,Source inventory only; requires model-specific runtime fixture,REVIEW_REQUIRED,addons/pm_qms_core/models/event.py,5
pm_qms_core,pm.qms.event,concrete,qms_licensing_administrator,create,role-and-scope-specific,static,Source inventory only; requires model-specific runtime fixture,REVIEW_REQUIRED,addons/pm_qms_core/models/event.py,5
pm_qms_core,pm.qms.event,concrete,qms_licensing_administrator,write,role-and-scope-specific,static,Source inventory only; requires model-specific runtime fixture,REVIEW_REQUIRED,addons/pm_qms_core/models/event.py,5
pm_qms_core,pm.qms.event,concrete,qms_licensing_administrator,unlink,role-and-scope-specific,static,Source inventory only; requires model-specific runtime fixture,REVIEW_REQUIRED,addons/pm_qms_core/models/event.py,5
pm_qms_core,pm.qms.event,concrete,odoo_system_administrator,read,role-and-scope-specific,static,Source inventory only; requires model-specific runtime fixture,REVIEW_REQUIRED,addons/pm_qms_core/models/event.py,5
pm_qms_core,pm.qms.event,concrete,odoo_system_administrator,create,role-and-scope-specific,static,Source inventory only; requires model-specific runtime fixture,REVIEW_REQUIRED,addons/pm_qms_core/models/event.py,5
pm_qms_core,pm.qms.event,concrete,odoo_system_administrator,write,role-and-scope-specific,static,Source inventory only; requires model-specific runtime fixture,REVIEW_REQUIRED,addons/pm_qms_core/models/event.py,5
pm_qms_core,pm.qms.event,concrete,odoo_system_administrator,unlink,role-and-scope-specific,static,Source inventory only; requires model-specific runtime fixture,REVIEW_REQUIRED,addons/pm_qms_core/models/event.py,5
pm_qms_core,pm.qms.event.mixin,abstract,public,read,deny,runtime,TestM27Security.test_public_and_portal_have_no_qms_model_or_side_channel_access,PASS,addons/pm_qms_core/models/event.py,47
pm_qms_core,pm.qms.event.mixin,abstract,public,create,deny,runtime,TestM27Security.test_public_and_portal_have_no_qms_model_or_side_channel_access,PASS,addons/pm_qms_core/models/event.py,47
pm_qms_core,pm.qms.event.mixin,abstract,public,write,deny,runtime,TestM27Security.test_public_and_portal_have_no_qms_model_or_side_channel_access,PASS,addons/pm_qms_core/models/event.py,47
pm_qms_core,pm.qms.event.mixin,abstract,public,unlink,deny,runtime,TestM27Security.test_public_and_portal_have_no_qms_model_or_side_channel_access,PASS,addons/pm_qms_core/models/event.py,47
pm_qms_core,pm.qms.event.mixin,abstract,portal,read,deny,runtime,TestM27Security.test_public_and_portal_have_no_qms_model_or_side_channel_access,PASS,addons/pm_qms_core/models/event.py,47
pm_qms_core,pm.qms.event.mixin,abstract,portal,create,deny,runtime,TestM27Security.test_public_and_portal_have_no_qms_model_or_side_channel_access,PASS,addons/pm_qms_core/models/event.py,47
pm_qms_core,pm.qms.event.mixin,abstract,portal,write,deny,runtime,TestM27Security.test_public_and_portal_have_no_qms_model_or_side_channel_access,PASS,addons/pm_qms_core/models/event.py,47
pm_qms_core,pm.qms.event.mixin,abstract,portal,unlink,deny,runtime,TestM27Security.test_public_and_portal_have_no_qms_model_or_side_channel_access,PASS,addons/pm_qms_core/models/event.py,47
pm_qms_core,pm.qms.event.mixin,abstract,qms_user,read,not applicable,static,Abstract service/mixin; no database CRUD surface,NOT_APPLICABLE,addons/pm_qms_core/models/event.py,47
pm_qms_core,pm.qms.event.mixin,abstract,qms_user,create,not applicable,static,Abstract service/mixin; no database CRUD surface,NOT_APPLICABLE,addons/pm_qms_core/models/event.py,47
pm_qms_core,pm.qms.event.mixin,abstract,qms_user,write,not applicable,static,Abstract service/mixin; no database CRUD surface,NOT_APPLICABLE,addons/pm_qms_core/models/event.py,47
pm_qms_core,pm.qms.event.mixin,abstract,qms_user,unlink,not applicable,static,Abstract service/mixin; no database CRUD surface,NOT_APPLICABLE,addons/pm_qms_core/models/event.py,47
pm_qms_core,pm.qms.event.mixin,abstract,qms_viewer,read,not applicable,static,Abstract service/mixin; no database CRUD surface,NOT_APPLICABLE,addons/pm_qms_core/models/event.py,47
pm_qms_core,pm.qms.event.mixin,abstract,qms_viewer,create,not applicable,static,Abstract service/mixin; no database CRUD surface,NOT_APPLICABLE,addons/pm_qms_core/models/event.py,47
pm_qms_core,pm.qms.event.mixin,abstract,qms_viewer,write,not applicable,static,Abstract service/mixin; no database CRUD surface,NOT_APPLICABLE,addons/pm_qms_core/models/event.py,47
pm_qms_core,pm.qms.event.mixin,abstract,qms_viewer,unlink,not applicable,static,Abstract service/mixin; no database CRUD surface,NOT_APPLICABLE,addons/pm_qms_core/models/event.py,47
pm_qms_core,pm.qms.event.mixin,abstract,quality_supervisor,read,not applicable,static,Abstract service/mixin; no database CRUD surface,NOT_APPLICABLE,addons/pm_qms_core/models/event.py,47
pm_qms_core,pm.qms.event.mixin,abstract,quality_supervisor,create,not applicable,static,Abstract service/mixin; no database CRUD surface,NOT_APPLICABLE,addons/pm_qms_core/models/event.py,47
pm_qms_core,pm.qms.event.mixin,abstract,quality_supervisor,write,not applicable,static,Abstract service/mixin; no database CRUD surface,NOT_APPLICABLE,addons/pm_qms_core/models/event.py,47
pm_qms_core,pm.qms.event.mixin,abstract,quality_supervisor,unlink,not applicable,static,Abstract service/mixin; no database CRUD surface,NOT_APPLICABLE,addons/pm_qms_core/models/event.py,47
pm_qms_core,pm.qms.event.mixin,abstract,quality_manager,read,not applicable,static,Abstract service/mixin; no database CRUD surface,NOT_APPLICABLE,addons/pm_qms_core/models/event.py,47
pm_qms_core,pm.qms.event.mixin,abstract,quality_manager,create,not applicable,static,Abstract service/mixin; no database CRUD surface,NOT_APPLICABLE,addons/pm_qms_core/models/event.py,47
pm_qms_core,pm.qms.event.mixin,abstract,quality_manager,write,not applicable,static,Abstract service/mixin; no database CRUD surface,NOT_APPLICABLE,addons/pm_qms_core/models/event.py,47
pm_qms_core,pm.qms.event.mixin,abstract,quality_manager,unlink,not applicable,static,Abstract service/mixin; no database CRUD surface,NOT_APPLICABLE,addons/pm_qms_core/models/event.py,47
pm_qms_core,pm.qms.event.mixin,abstract,qms_administrator,read,not applicable,static,Abstract service/mixin; no database CRUD surface,NOT_APPLICABLE,addons/pm_qms_core/models/event.py,47
pm_qms_core,pm.qms.event.mixin,abstract,qms_administrator,create,not applicable,static,Abstract service/mixin; no database CRUD surface,NOT_APPLICABLE,addons/pm_qms_core/models/event.py,47
pm_qms_core,pm.qms.event.mixin,abstract,qms_administrator,write,not applicable,static,Abstract service/mixin; no database CRUD surface,NOT_APPLICABLE,addons/pm_qms_core/models/event.py,47
pm_qms_core,pm.qms.event.mixin,abstract,qms_administrator,unlink,not applicable,static,Abstract service/mixin; no database CRUD surface,NOT_APPLICABLE,addons/pm_qms_core/models/event.py,47
pm_qms_core,pm.qms.event.mixin,abstract,qms_licensing_administrator,read,not applicable,static,Abstract service/mixin; no database CRUD surface,NOT_APPLICABLE,addons/pm_qms_core/models/event.py,47
pm_qms_core,pm.qms.event.mixin,abstract,qms_licensing_administrator,create,not applicable,static,Abstract service/mixin; no database CRUD surface,NOT_APPLICABLE,addons/pm_qms_core/models/event.py,47
pm_qms_core,pm.qms.event.mixin,abstract,qms_licensing_administrator,write,not applicable,static,Abstract service/mixin; no database CRUD surface,NOT_APPLICABLE,addons/pm_qms_core/models/event.py,47
pm_qms_core,pm.qms.event.mixin,abstract,qms_licensing_administrator,unlink,not applicable,static,Abstract service/mixin; no database CRUD surface,NOT_APPLICABLE,addons/pm_qms_core/models/event.py,47
pm_qms_core,pm.qms.event.mixin,abstract,odoo_system_administrator,read,not applicable,static,Abstract service/mixin; no database CRUD surface,NOT_APPLICABLE,addons/pm_qms_core/models/event.py,47
pm_qms_core,pm.qms.event.mixin,abstract,odoo_system_administrator,create,not applicable,static,Abstract service/mixin; no database CRUD surface,NOT_APPLICABLE,addons/pm_qms_core/models/event.py,47
pm_qms_core,pm.qms.event.mixin,abstract,odoo_system_administrator,write,not applicable,static,Abstract service/mixin; no database CRUD surface,NOT_APPLICABLE,addons/pm_qms_core/models/event.py,47
pm_qms_core,pm.qms.event.mixin,abstract,odoo_system_administrator,unlink,not applicable,static,Abstract service/mixin; no database CRUD surface,NOT_APPLICABLE,addons/pm_qms_core/models/event.py,47
pm_qms_evidence,pm.qms.evidence,concrete,public,read,deny,runtime,TestM27Security.test_public_and_portal_have_no_qms_model_or_side_channel_access,PASS,addons/pm_qms_evidence/models/evidence.py,5
pm_qms_evidence,pm.qms.evidence,concrete,public,create,deny,runtime,TestM27Security.test_public_and_portal_have_no_qms_model_or_side_channel_access,PASS,addons/pm_qms_evidence/models/evidence.py,5
pm_qms_evidence,pm.qms.evidence,concrete,public,write,deny,runtime,TestM27Security.test_public_and_portal_have_no_qms_model_or_side_channel_access,PASS,addons/pm_qms_evidence/models/evidence.py,5
pm_qms_evidence,pm.qms.evidence,concrete,public,unlink,deny,runtime,TestM27Security.test_public_and_portal_have_no_qms_model_or_side_channel_access,PASS,addons/pm_qms_evidence/models/evidence.py,5
pm_qms_evidence,pm.qms.evidence,concrete,portal,read,deny,runtime,TestM27Security.test_public_and_portal_have_no_qms_model_or_side_channel_access,PASS,addons/pm_qms_evidence/models/evidence.py,5
pm_qms_evidence,pm.qms.evidence,concrete,portal,create,deny,runtime,TestM27Security.test_public_and_portal_have_no_qms_model_or_side_channel_access,PASS,addons/pm_qms_evidence/models/evidence.py,5
pm_qms_evidence,pm.qms.evidence,concrete,portal,write,deny,runtime,TestM27Security.test_public_and_portal_have_no_qms_model_or_side_channel_access,PASS,addons/pm_qms_evidence/models/evidence.py,5
pm_qms_evidence,pm.qms.evidence,concrete,portal,unlink,deny,runtime,TestM27Security.test_public_and_portal_have_no_qms_model_or_side_channel_access,PASS,addons/pm_qms_evidence/models/evidence.py,5
pm_qms_evidence,pm.qms.evidence,concrete,qms_user,read,role-and-scope-specific,runtime,TestM27Security focused fixture,PASS,addons/pm_qms_evidence/models/evidence.py,5
pm_qms_evidence,pm.qms.evidence,concrete,qms_user,create,role-and-scope-specific,runtime,TestM27Security focused fixture,PASS,addons/pm_qms_evidence/models/evidence.py,5
pm_qms_evidence,pm.qms.evidence,concrete,qms_user,write,role-and-scope-specific,runtime,TestM27Security focused fixture,PASS,addons/pm_qms_evidence/models/evidence.py,5
pm_qms_evidence,pm.qms.evidence,concrete,qms_user,unlink,role-and-scope-specific,runtime,TestM27Security focused fixture,PASS,addons/pm_qms_evidence/models/evidence.py,5
pm_qms_evidence,pm.qms.evidence,concrete,qms_viewer,read,role-and-scope-specific,runtime,TestM27Security focused fixture,PASS,addons/pm_qms_evidence/models/evidence.py,5
pm_qms_evidence,pm.qms.evidence,concrete,qms_viewer,create,role-and-scope-specific,runtime,TestM27Security focused fixture,PASS,addons/pm_qms_evidence/models/evidence.py,5
pm_qms_evidence,pm.qms.evidence,concrete,qms_viewer,write,role-and-scope-specific,runtime,TestM27Security focused fixture,PASS,addons/pm_qms_evidence/models/evidence.py,5
pm_qms_evidence,pm.qms.evidence,concrete,qms_viewer,unlink,role-and-scope-specific,runtime,TestM27Security focused fixture,PASS,addons/pm_qms_evidence/models/evidence.py,5
pm_qms_evidence,pm.qms.evidence,concrete,quality_supervisor,read,role-and-scope-specific,runtime,TestM27Security focused fixture,PASS,addons/pm_qms_evidence/models/evidence.py,5
pm_qms_evidence,pm.qms.evidence,concrete,quality_supervisor,create,role-and-scope-specific,runtime,TestM27Security focused fixture,PASS,addons/pm_qms_evidence/models/evidence.py,5
pm_qms_evidence,pm.qms.evidence,concrete,quality_supervisor,write,role-and-scope-specific,runtime,TestM27Security focused fixture,PASS,addons/pm_qms_evidence/models/evidence.py,5
pm_qms_evidence,pm.qms.evidence,concrete,quality_supervisor,unlink,role-and-scope-specific,runtime,TestM27Security focused fixture,PASS,addons/pm_qms_evidence/models/evidence.py,5
pm_qms_evidence,pm.qms.evidence,concrete,quality_manager,read,role-and-scope-specific,runtime,TestM27Security focused fixture,PASS,addons/pm_qms_evidence/models/evidence.py,5
pm_qms_evidence,pm.qms.evidence,concrete,quality_manager,create,role-and-scope-specific,runtime,TestM27Security focused fixture,PASS,addons/pm_qms_evidence/models/evidence.py,5
pm_qms_evidence,pm.qms.evidence,concrete,quality_manager,write,role-and-scope-specific,runtime,TestM27Security focused fixture,PASS,addons/pm_qms_evidence/models/evidence.py,5
pm_qms_evidence,pm.qms.evidence,concrete,quality_manager,unlink,role-and-scope-specific,runtime,TestM27Security focused fixture,PASS,addons/pm_qms_evidence/models/evidence.py,5
pm_qms_evidence,pm.qms.evidence,concrete,qms_administrator,read,role-and-scope-specific,runtime,TestM27Security focused fixture,PASS,addons/pm_qms_evidence/models/evidence.py,5
pm_qms_evidence,pm.qms.evidence,concrete,qms_administrator,create,role-and-scope-specific,runtime,TestM27Security focused fixture,PASS,addons/pm_qms_evidence/models/evidence.py,5
pm_qms_evidence,pm.qms.evidence,concrete,qms_administrator,write,role-and-scope-specific,runtime,TestM27Security focused fixture,PASS,addons/pm_qms_evidence/models/evidence.py,5
pm_qms_evidence,pm.qms.evidence,concrete,qms_administrator,unlink,role-and-scope-specific,runtime,TestM27Security focused fixture,PASS,addons/pm_qms_evidence/models/evidence.py,5
pm_qms_evidence,pm.qms.evidence,concrete,qms_licensing_administrator,read,role-and-scope-specific,runtime,TestM27Security focused fixture,PASS,addons/pm_qms_evidence/models/evidence.py,5
pm_qms_evidence,pm.qms.evidence,concrete,qms_licensing_administrator,create,role-and-scope-specific,runtime,TestM27Security focused fixture,PASS,addons/pm_qms_evidence/models/evidence.py,5
pm_qms_evidence,pm.qms.evidence,concrete,qms_licensing_administrator,write,role-and-scope-specific,runtime,TestM27Security focused fixture,PASS,addons/pm_qms_evidence/models/evidence.py,5
pm_qms_evidence,pm.qms.evidence,concrete,qms_licensing_administrator,unlink,role-and-scope-specific,runtime,TestM27Security focused fixture,PASS,addons/pm_qms_evidence/models/evidence.py,5
pm_qms_evidence,pm.qms.evidence,concrete,odoo_system_administrator,read,role-and-scope-specific,runtime,TestM27Security focused fixture,PASS,addons/pm_qms_evidence/models/evidence.py,5
pm_qms_evidence,pm.qms.evidence,concrete,odoo_system_administrator,create,role-and-scope-specific,runtime,TestM27Security focused fixture,PASS,addons/pm_qms_evidence/models/evidence.py,5
pm_qms_evidence,pm.qms.evidence,concrete,odoo_system_administrator,write,role-and-scope-specific,runtime,TestM27Security focused fixture,PASS,addons/pm_qms_evidence/models/evidence.py,5
pm_qms_evidence,pm.qms.evidence,concrete,odoo_system_administrator,unlink,role-and-scope-specific,runtime,TestM27Security focused fixture,PASS,addons/pm_qms_evidence/models/evidence.py,5
pm_qms_migration,pm.qms.evidence.import.wizard,transient,public,read,deny,runtime,TestM27Security.test_public_and_portal_have_no_qms_model_or_side_channel_access,PASS,addons/pm_qms_migration/wizard/evidence_import_wizard.py,9
pm_qms_migration,pm.qms.evidence.import.wizard,transient,public,create,deny,runtime,TestM27Security.test_public_and_portal_have_no_qms_model_or_side_channel_access,PASS,addons/pm_qms_migration/wizard/evidence_import_wizard.py,9
pm_qms_migration,pm.qms.evidence.import.wizard,transient,public,write,deny,runtime,TestM27Security.test_public_and_portal_have_no_qms_model_or_side_channel_access,PASS,addons/pm_qms_migration/wizard/evidence_import_wizard.py,9
pm_qms_migration,pm.qms.evidence.import.wizard,transient,public,unlink,deny,runtime,TestM27Security.test_public_and_portal_have_no_qms_model_or_side_channel_access,PASS,addons/pm_qms_migration/wizard/evidence_import_wizard.py,9
pm_qms_migration,pm.qms.evidence.import.wizard,transient,portal,read,deny,runtime,TestM27Security.test_public_and_portal_have_no_qms_model_or_side_channel_access,PASS,addons/pm_qms_migration/wizard/evidence_import_wizard.py,9
pm_qms_migration,pm.qms.evidence.import.wizard,transient,portal,create,deny,runtime,TestM27Security.test_public_and_portal_have_no_qms_model_or_side_channel_access,PASS,addons/pm_qms_migration/wizard/evidence_import_wizard.py,9
pm_qms_migration,pm.qms.evidence.import.wizard,transient,portal,write,deny,runtime,TestM27Security.test_public_and_portal_have_no_qms_model_or_side_channel_access,PASS,addons/pm_qms_migration/wizard/evidence_import_wizard.py,9
pm_qms_migration,pm.qms.evidence.import.wizard,transient,portal,unlink,deny,runtime,TestM27Security.test_public_and_portal_have_no_qms_model_or_side_channel_access,PASS,addons/pm_qms_migration/wizard/evidence_import_wizard.py,9
pm_qms_migration,pm.qms.evidence.import.wizard,transient,qms_user,read,role-and-scope-specific,static,Source inventory only; requires model-specific runtime fixture,REVIEW_REQUIRED,addons/pm_qms_migration/wizard/evidence_import_wizard.py,9
pm_qms_migration,pm.qms.evidence.import.wizard,transient,qms_user,create,role-and-scope-specific,static,Source inventory only; requires model-specific runtime fixture,REVIEW_REQUIRED,addons/pm_qms_migration/wizard/evidence_import_wizard.py,9
pm_qms_migration,pm.qms.evidence.import.wizard,transient,qms_user,write,role-and-scope-specific,static,Source inventory only; requires model-specific runtime fixture,REVIEW_REQUIRED,addons/pm_qms_migration/wizard/evidence_import_wizard.py,9
pm_qms_migration,pm.qms.evidence.import.wizard,transient,qms_user,unlink,role-and-scope-specific,static,Source inventory only; requires model-specific runtime fixture,REVIEW_REQUIRED,addons/pm_qms_migration/wizard/evidence_import_wizard.py,9
pm_qms_migration,pm.qms.evidence.import.wizard,transient,qms_viewer,read,role-and-scope-specific,static,Source inventory only; requires model-specific runtime fixture,REVIEW_REQUIRED,addons/pm_qms_migration/wizard/evidence_import_wizard.py,9
pm_qms_migration,pm.qms.evidence.import.wizard,transient,qms_viewer,create,role-and-scope-specific,static,Source inventory only; requires model-specific runtime fixture,REVIEW_REQUIRED,addons/pm_qms_migration/wizard/evidence_import_wizard.py,9
pm_qms_migration,pm.qms.evidence.import.wizard,transient,qms_viewer,write,role-and-scope-specific,static,Source inventory only; requires model-specific runtime fixture,REVIEW_REQUIRED,addons/pm_qms_migration/wizard/evidence_import_wizard.py,9
pm_qms_migration,pm.qms.evidence.import.wizard,transient,qms_viewer,unlink,role-and-scope-specific,static,Source inventory only; requires model-specific runtime fixture,REVIEW_REQUIRED,addons/pm_qms_migration/wizard/evidence_import_wizard.py,9
pm_qms_migration,pm.qms.evidence.import.wizard,transient,quality_supervisor,read,role-and-scope-specific,static,Source inventory only; requires model-specific runtime fixture,REVIEW_REQUIRED,addons/pm_qms_migration/wizard/evidence_import_wizard.py,9
pm_qms_migration,pm.qms.evidence.import.wizard,transient,quality_supervisor,create,role-and-scope-specific,static,Source inventory only; requires model-specific runtime fixture,REVIEW_REQUIRED,addons/pm_qms_migration/wizard/evidence_import_wizard.py,9
pm_qms_migration,pm.qms.evidence.import.wizard,transient,quality_supervisor,write,role-and-scope-specific,static,Source inventory only; requires model-specific runtime fixture,REVIEW_REQUIRED,addons/pm_qms_migration/wizard/evidence_import_wizard.py,9
pm_qms_migration,pm.qms.evidence.import.wizard,transient,quality_supervisor,unlink,role-and-scope-specific,static,Source inventory only; requires model-specific runtime fixture,REVIEW_REQUIRED,addons/pm_qms_migration/wizard/evidence_import_wizard.py,9
pm_qms_migration,pm.qms.evidence.import.wizard,transient,quality_manager,read,role-and-scope-specific,static,Source inventory only; requires model-specific runtime fixture,REVIEW_REQUIRED,addons/pm_qms_migration/wizard/evidence_import_wizard.py,9
pm_qms_migration,pm.qms.evidence.import.wizard,transient,quality_manager,create,role-and-scope-specific,static,Source inventory only; requires model-specific runtime fixture,REVIEW_REQUIRED,addons/pm_qms_migration/wizard/evidence_import_wizard.py,9
pm_qms_migration,pm.qms.evidence.import.wizard,transient,quality_manager,write,role-and-scope-specific,static,Source inventory only; requires model-specific runtime fixture,REVIEW_REQUIRED,addons/pm_qms_migration/wizard/evidence_import_wizard.py,9
pm_qms_migration,pm.qms.evidence.import.wizard,transient,quality_manager,unlink,role-and-scope-specific,static,Source inventory only; requires model-specific runtime fixture,REVIEW_REQUIRED,addons/pm_qms_migration/wizard/evidence_import_wizard.py,9
pm_qms_migration,pm.qms.evidence.import.wizard,transient,qms_administrator,read,role-and-scope-specific,static,Source inventory only; requires model-specific runtime fixture,REVIEW_REQUIRED,addons/pm_qms_migration/wizard/evidence_import_wizard.py,9
pm_qms_migration,pm.qms.evidence.import.wizard,transient,qms_administrator,create,role-and-scope-specific,static,Source inventory only; requires model-specific runtime fixture,REVIEW_REQUIRED,addons/pm_qms_migration/wizard/evidence_import_wizard.py,9
pm_qms_migration,pm.qms.evidence.import.wizard,transient,qms_administrator,write,role-and-scope-specific,static,Source inventory only; requires model-specific runtime fixture,REVIEW_REQUIRED,addons/pm_qms_migration/wizard/evidence_import_wizard.py,9
pm_qms_migration,pm.qms.evidence.import.wizard,transient,qms_administrator,unlink,role-and-scope-specific,static,Source inventory only; requires model-specific runtime fixture,REVIEW_REQUIRED,addons/pm_qms_migration/wizard/evidence_import_wizard.py,9
pm_qms_migration,pm.qms.evidence.import.wizard,transient,qms_licensing_administrator,read,role-and-scope-specific,static,Source inventory only; requires model-specific runtime fixture,REVIEW_REQUIRED,addons/pm_qms_migration/wizard/evidence_import_wizard.py,9
pm_qms_migration,pm.qms.evidence.import.wizard,transient,qms_licensing_administrator,create,role-and-scope-specific,static,Source inventory only; requires model-specific runtime fixture,REVIEW_REQUIRED,addons/pm_qms_migration/wizard/evidence_import_wizard.py,9
pm_qms_migration,pm.qms.evidence.import.wizard,transient,qms_licensing_administrator,write,role-and-scope-specific,static,Source inventory only; requires model-specific runtime fixture,REVIEW_REQUIRED,addons/pm_qms_migration/wizard/evidence_import_wizard.py,9
pm_qms_migration,pm.qms.evidence.import.wizard,transient,qms_licensing_administrator,unlink,role-and-scope-specific,static,Source inventory only; requires model-specific runtime fixture,REVIEW_REQUIRED,addons/pm_qms_migration/wizard/evidence_import_wizard.py,9
pm_qms_migration,pm.qms.evidence.import.wizard,transient,odoo_system_administrator,read,role-and-scope-specific,static,Source inventory only; requires model-specific runtime fixture,REVIEW_REQUIRED,addons/pm_qms_migration/wizard/evidence_import_wizard.py,9
pm_qms_migration,pm.qms.evidence.import.wizard,transient,odoo_system_administrator,create,role-and-scope-specific,static,Source inventory only; requires model-specific runtime fixture,REVIEW_REQUIRED,addons/pm_qms_migration/wizard/evidence_import_wizard.py,9
pm_qms_migration,pm.qms.evidence.import.wizard,transient,odoo_system_administrator,write,role-and-scope-specific,static,Source inventory only; requires model-specific runtime fixture,REVIEW_REQUIRED,addons/pm_qms_migration/wizard/evidence_import_wizard.py,9
pm_qms_migration,pm.qms.evidence.import.wizard,transient,odoo_system_administrator,unlink,role-and-scope-specific,static,Source inventory only; requires model-specific runtime fixture,REVIEW_REQUIRED,addons/pm_qms_migration/wizard/evidence_import_wizard.py,9
pm_qms_core,pm.qms.evidence.requirement,concrete,public,read,deny,runtime,TestM27Security.test_public_and_portal_have_no_qms_model_or_side_channel_access,PASS,addons/pm_qms_core/models/evidence_requirement.py,5
pm_qms_core,pm.qms.evidence.requirement,concrete,public,create,deny,runtime,TestM27Security.test_public_and_portal_have_no_qms_model_or_side_channel_access,PASS,addons/pm_qms_core/models/evidence_requirement.py,5
pm_qms_core,pm.qms.evidence.requirement,concrete,public,write,deny,runtime,TestM27Security.test_public_and_portal_have_no_qms_model_or_side_channel_access,PASS,addons/pm_qms_core/models/evidence_requirement.py,5
pm_qms_core,pm.qms.evidence.requirement,concrete,public,unlink,deny,runtime,TestM27Security.test_public_and_portal_have_no_qms_model_or_side_channel_access,PASS,addons/pm_qms_core/models/evidence_requirement.py,5
pm_qms_core,pm.qms.evidence.requirement,concrete,portal,read,deny,runtime,TestM27Security.test_public_and_portal_have_no_qms_model_or_side_channel_access,PASS,addons/pm_qms_core/models/evidence_requirement.py,5
pm_qms_core,pm.qms.evidence.requirement,concrete,portal,create,deny,runtime,TestM27Security.test_public_and_portal_have_no_qms_model_or_side_channel_access,PASS,addons/pm_qms_core/models/evidence_requirement.py,5
pm_qms_core,pm.qms.evidence.requirement,concrete,portal,write,deny,runtime,TestM27Security.test_public_and_portal_have_no_qms_model_or_side_channel_access,PASS,addons/pm_qms_core/models/evidence_requirement.py,5
pm_qms_core,pm.qms.evidence.requirement,concrete,portal,unlink,deny,runtime,TestM27Security.test_public_and_portal_have_no_qms_model_or_side_channel_access,PASS,addons/pm_qms_core/models/evidence_requirement.py,5
pm_qms_core,pm.qms.evidence.requirement,concrete,qms_user,read,role-and-scope-specific,static,Source inventory only; requires model-specific runtime fixture,REVIEW_REQUIRED,addons/pm_qms_core/models/evidence_requirement.py,5
pm_qms_core,pm.qms.evidence.requirement,concrete,qms_user,create,role-and-scope-specific,static,Source inventory only; requires model-specific runtime fixture,REVIEW_REQUIRED,addons/pm_qms_core/models/evidence_requirement.py,5
pm_qms_core,pm.qms.evidence.requirement,concrete,qms_user,write,role-and-scope-specific,static,Source inventory only; requires model-specific runtime fixture,REVIEW_REQUIRED,addons/pm_qms_core/models/evidence_requirement.py,5
pm_qms_core,pm.qms.evidence.requirement,concrete,qms_user,unlink,role-and-scope-specific,static,Source inventory only; requires model-specific runtime fixture,REVIEW_REQUIRED,addons/pm_qms_core/models/evidence_requirement.py,5
pm_qms_core,pm.qms.evidence.requirement,concrete,qms_viewer,read,role-and-scope-specific,static,Source inventory only; requires model-specific runtime fixture,REVIEW_REQUIRED,addons/pm_qms_core/models/evidence_requirement.py,5
pm_qms_core,pm.qms.evidence.requirement,concrete,qms_viewer,create,role-and-scope-specific,static,Source inventory only; requires model-specific runtime fixture,REVIEW_REQUIRED,addons/pm_qms_core/models/evidence_requirement.py,5
pm_qms_core,pm.qms.evidence.requirement,concrete,qms_viewer,write,role-and-scope-specific,static,Source inventory only; requires model-specific runtime fixture,REVIEW_REQUIRED,addons/pm_qms_core/models/evidence_requirement.py,5
pm_qms_core,pm.qms.evidence.requirement,concrete,qms_viewer,unlink,role-and-scope-specific,static,Source inventory only; requires model-specific runtime fixture,REVIEW_REQUIRED,addons/pm_qms_core/models/evidence_requirement.py,5
pm_qms_core,pm.qms.evidence.requirement,concrete,quality_supervisor,read,role-and-scope-specific,static,Source inventory only; requires model-specific runtime fixture,REVIEW_REQUIRED,addons/pm_qms_core/models/evidence_requirement.py,5
pm_qms_core,pm.qms.evidence.requirement,concrete,quality_supervisor,create,role-and-scope-specific,static,Source inventory only; requires model-specific runtime fixture,REVIEW_REQUIRED,addons/pm_qms_core/models/evidence_requirement.py,5
pm_qms_core,pm.qms.evidence.requirement,concrete,quality_supervisor,write,role-and-scope-specific,static,Source inventory only; requires model-specific runtime fixture,REVIEW_REQUIRED,addons/pm_qms_core/models/evidence_requirement.py,5
pm_qms_core,pm.qms.evidence.requirement,concrete,quality_supervisor,unlink,role-and-scope-specific,static,Source inventory only; requires model-specific runtime fixture,REVIEW_REQUIRED,addons/pm_qms_core/models/evidence_requirement.py,5
pm_qms_core,pm.qms.evidence.requirement,concrete,quality_manager,read,role-and-scope-specific,static,Source inventory only; requires model-specific runtime fixture,REVIEW_REQUIRED,addons/pm_qms_core/models/evidence_requirement.py,5
pm_qms_core,pm.qms.evidence.requirement,concrete,quality_manager,create,role-and-scope-specific,static,Source inventory only; requires model-specific runtime fixture,REVIEW_REQUIRED,addons/pm_qms_core/models/evidence_requirement.py,5
pm_qms_core,pm.qms.evidence.requirement,concrete,quality_manager,write,role-and-scope-specific,static,Source inventory only; requires model-specific runtime fixture,REVIEW_REQUIRED,addons/pm_qms_core/models/evidence_requirement.py,5
pm_qms_core,pm.qms.evidence.requirement,concrete,quality_manager,unlink,role-and-scope-specific,static,Source inventory only; requires model-specific runtime fixture,REVIEW_REQUIRED,addons/pm_qms_core/models/evidence_requirement.py,5
pm_qms_core,pm.qms.evidence.requirement,concrete,qms_administrator,read,role-and-scope-specific,static,Source inventory only; requires model-specific runtime fixture,REVIEW_REQUIRED,addons/pm_qms_core/models/evidence_requirement.py,5
pm_qms_core,pm.qms.evidence.requirement,concrete,qms_administrator,create,role-and-scope-specific,static,Source inventory only; requires model-specific runtime fixture,REVIEW_REQUIRED,addons/pm_qms_core/models/evidence_requirement.py,5
pm_qms_core,pm.qms.evidence.requirement,concrete,qms_administrator,write,role-and-scope-specific,static,Source inventory only; requires model-specific runtime fixture,REVIEW_REQUIRED,addons/pm_qms_core/models/evidence_requirement.py,5
pm_qms_core,pm.qms.evidence.requirement,concrete,qms_administrator,unlink,role-and-scope-specific,static,Source inventory only; requires model-specific runtime fixture,REVIEW_REQUIRED,addons/pm_qms_core/models/evidence_requirement.py,5
pm_qms_core,pm.qms.evidence.requirement,concrete,qms_licensing_administrator,read,role-and-scope-specific,static,Source inventory only; requires model-specific runtime fixture,REVIEW_REQUIRED,addons/pm_qms_core/models/evidence_requirement.py,5
pm_qms_core,pm.qms.evidence.requirement,concrete,qms_licensing_administrator,create,role-and-scope-specific,static,Source inventory only; requires model-specific runtime fixture,REVIEW_REQUIRED,addons/pm_qms_core/models/evidence_requirement.py,5
pm_qms_core,pm.qms.evidence.requirement,concrete,qms_licensing_administrator,write,role-and-scope-specific,static,Source inventory only; requires model-specific runtime fixture,REVIEW_REQUIRED,addons/pm_qms_core/models/evidence_requirement.py,5
pm_qms_core,pm.qms.evidence.requirement,concrete,qms_licensing_administrator,unlink,role-and-scope-specific,static,Source inventory only; requires model-specific runtime fixture,REVIEW_REQUIRED,addons/pm_qms_core/models/evidence_requirement.py,5
pm_qms_core,pm.qms.evidence.requirement,concrete,odoo_system_administrator,read,role-and-scope-specific,static,Source inventory only; requires model-specific runtime fixture,REVIEW_REQUIRED,addons/pm_qms_core/models/evidence_requirement.py,5
pm_qms_core,pm.qms.evidence.requirement,concrete,odoo_system_administrator,create,role-and-scope-specific,static,Source inventory only; requires model-specific runtime fixture,REVIEW_REQUIRED,addons/pm_qms_core/models/evidence_requirement.py,5
pm_qms_core,pm.qms.evidence.requirement,concrete,odoo_system_administrator,write,role-and-scope-specific,static,Source inventory only; requires model-specific runtime fixture,REVIEW_REQUIRED,addons/pm_qms_core/models/evidence_requirement.py,5
pm_qms_core,pm.qms.evidence.requirement,concrete,odoo_system_administrator,unlink,role-and-scope-specific,static,Source inventory only; requires model-specific runtime fixture,REVIEW_REQUIRED,addons/pm_qms_core/models/evidence_requirement.py,5
pm_qms_core,pm.qms.external.mapping,concrete,public,read,deny,runtime,TestM27Security.test_public_and_portal_have_no_qms_model_or_side_channel_access,PASS,addons/pm_qms_core/models/external_mapping.py,4
pm_qms_core,pm.qms.external.mapping,concrete,public,create,deny,runtime,TestM27Security.test_public_and_portal_have_no_qms_model_or_side_channel_access,PASS,addons/pm_qms_core/models/external_mapping.py,4
pm_qms_core,pm.qms.external.mapping,concrete,public,write,deny,runtime,TestM27Security.test_public_and_portal_have_no_qms_model_or_side_channel_access,PASS,addons/pm_qms_core/models/external_mapping.py,4
pm_qms_core,pm.qms.external.mapping,concrete,public,unlink,deny,runtime,TestM27Security.test_public_and_portal_have_no_qms_model_or_side_channel_access,PASS,addons/pm_qms_core/models/external_mapping.py,4
pm_qms_core,pm.qms.external.mapping,concrete,portal,read,deny,runtime,TestM27Security.test_public_and_portal_have_no_qms_model_or_side_channel_access,PASS,addons/pm_qms_core/models/external_mapping.py,4
pm_qms_core,pm.qms.external.mapping,concrete,portal,create,deny,runtime,TestM27Security.test_public_and_portal_have_no_qms_model_or_side_channel_access,PASS,addons/pm_qms_core/models/external_mapping.py,4
pm_qms_core,pm.qms.external.mapping,concrete,portal,write,deny,runtime,TestM27Security.test_public_and_portal_have_no_qms_model_or_side_channel_access,PASS,addons/pm_qms_core/models/external_mapping.py,4
pm_qms_core,pm.qms.external.mapping,concrete,portal,unlink,deny,runtime,TestM27Security.test_public_and_portal_have_no_qms_model_or_side_channel_access,PASS,addons/pm_qms_core/models/external_mapping.py,4
pm_qms_core,pm.qms.external.mapping,concrete,qms_user,read,role-and-scope-specific,static,Source inventory only; requires model-specific runtime fixture,REVIEW_REQUIRED,addons/pm_qms_core/models/external_mapping.py,4
pm_qms_core,pm.qms.external.mapping,concrete,qms_user,create,role-and-scope-specific,static,Source inventory only; requires model-specific runtime fixture,REVIEW_REQUIRED,addons/pm_qms_core/models/external_mapping.py,4
pm_qms_core,pm.qms.external.mapping,concrete,qms_user,write,role-and-scope-specific,static,Source inventory only; requires model-specific runtime fixture,REVIEW_REQUIRED,addons/pm_qms_core/models/external_mapping.py,4
pm_qms_core,pm.qms.external.mapping,concrete,qms_user,unlink,role-and-scope-specific,static,Source inventory only; requires model-specific runtime fixture,REVIEW_REQUIRED,addons/pm_qms_core/models/external_mapping.py,4
pm_qms_core,pm.qms.external.mapping,concrete,qms_viewer,read,role-and-scope-specific,static,Source inventory only; requires model-specific runtime fixture,REVIEW_REQUIRED,addons/pm_qms_core/models/external_mapping.py,4
pm_qms_core,pm.qms.external.mapping,concrete,qms_viewer,create,role-and-scope-specific,static,Source inventory only; requires model-specific runtime fixture,REVIEW_REQUIRED,addons/pm_qms_core/models/external_mapping.py,4
pm_qms_core,pm.qms.external.mapping,concrete,qms_viewer,write,role-and-scope-specific,static,Source inventory only; requires model-specific runtime fixture,REVIEW_REQUIRED,addons/pm_qms_core/models/external_mapping.py,4
pm_qms_core,pm.qms.external.mapping,concrete,qms_viewer,unlink,role-and-scope-specific,static,Source inventory only; requires model-specific runtime fixture,REVIEW_REQUIRED,addons/pm_qms_core/models/external_mapping.py,4
pm_qms_core,pm.qms.external.mapping,concrete,quality_supervisor,read,role-and-scope-specific,static,Source inventory only; requires model-specific runtime fixture,REVIEW_REQUIRED,addons/pm_qms_core/models/external_mapping.py,4
pm_qms_core,pm.qms.external.mapping,concrete,quality_supervisor,create,role-and-scope-specific,static,Source inventory only; requires model-specific runtime fixture,REVIEW_REQUIRED,addons/pm_qms_core/models/external_mapping.py,4
pm_qms_core,pm.qms.external.mapping,concrete,quality_supervisor,write,role-and-scope-specific,static,Source inventory only; requires model-specific runtime fixture,REVIEW_REQUIRED,addons/pm_qms_core/models/external_mapping.py,4
pm_qms_core,pm.qms.external.mapping,concrete,quality_supervisor,unlink,role-and-scope-specific,static,Source inventory only; requires model-specific runtime fixture,REVIEW_REQUIRED,addons/pm_qms_core/models/external_mapping.py,4
pm_qms_core,pm.qms.external.mapping,concrete,quality_manager,read,role-and-scope-specific,static,Source inventory only; requires model-specific runtime fixture,REVIEW_REQUIRED,addons/pm_qms_core/models/external_mapping.py,4
pm_qms_core,pm.qms.external.mapping,concrete,quality_manager,create,role-and-scope-specific,static,Source inventory only; requires model-specific runtime fixture,REVIEW_REQUIRED,addons/pm_qms_core/models/external_mapping.py,4
pm_qms_core,pm.qms.external.mapping,concrete,quality_manager,write,role-and-scope-specific,static,Source inventory only; requires model-specific runtime fixture,REVIEW_REQUIRED,addons/pm_qms_core/models/external_mapping.py,4
pm_qms_core,pm.qms.external.mapping,concrete,quality_manager,unlink,role-and-scope-specific,static,Source inventory only; requires model-specific runtime fixture,REVIEW_REQUIRED,addons/pm_qms_core/models/external_mapping.py,4
pm_qms_core,pm.qms.external.mapping,concrete,qms_administrator,read,role-and-scope-specific,static,Source inventory only; requires model-specific runtime fixture,REVIEW_REQUIRED,addons/pm_qms_core/models/external_mapping.py,4
pm_qms_core,pm.qms.external.mapping,concrete,qms_administrator,create,role-and-scope-specific,static,Source inventory only; requires model-specific runtime fixture,REVIEW_REQUIRED,addons/pm_qms_core/models/external_mapping.py,4
pm_qms_core,pm.qms.external.mapping,concrete,qms_administrator,write,role-and-scope-specific,static,Source inventory only; requires model-specific runtime fixture,REVIEW_REQUIRED,addons/pm_qms_core/models/external_mapping.py,4
pm_qms_core,pm.qms.external.mapping,concrete,qms_administrator,unlink,role-and-scope-specific,static,Source inventory only; requires model-specific runtime fixture,REVIEW_REQUIRED,addons/pm_qms_core/models/external_mapping.py,4
pm_qms_core,pm.qms.external.mapping,concrete,qms_licensing_administrator,read,role-and-scope-specific,static,Source inventory only; requires model-specific runtime fixture,REVIEW_REQUIRED,addons/pm_qms_core/models/external_mapping.py,4
pm_qms_core,pm.qms.external.mapping,concrete,qms_licensing_administrator,create,role-and-scope-specific,static,Source inventory only; requires model-specific runtime fixture,REVIEW_REQUIRED,addons/pm_qms_core/models/external_mapping.py,4
pm_qms_core,pm.qms.external.mapping,concrete,qms_licensing_administrator,write,role-and-scope-specific,static,Source inventory only; requires model-specific runtime fixture,REVIEW_REQUIRED,addons/pm_qms_core/models/external_mapping.py,4
pm_qms_core,pm.qms.external.mapping,concrete,qms_licensing_administrator,unlink,role-and-scope-specific,static,Source inventory only; requires model-specific runtime fixture,REVIEW_REQUIRED,addons/pm_qms_core/models/external_mapping.py,4
pm_qms_core,pm.qms.external.mapping,concrete,odoo_system_administrator,read,role-and-scope-specific,static,Source inventory only; requires model-specific runtime fixture,REVIEW_REQUIRED,addons/pm_qms_core/models/external_mapping.py,4
pm_qms_core,pm.qms.external.mapping,concrete,odoo_system_administrator,create,role-and-scope-specific,static,Source inventory only; requires model-specific runtime fixture,REVIEW_REQUIRED,addons/pm_qms_core/models/external_mapping.py,4
pm_qms_core,pm.qms.external.mapping,concrete,odoo_system_administrator,write,role-and-scope-specific,static,Source inventory only; requires model-specific runtime fixture,REVIEW_REQUIRED,addons/pm_qms_core/models/external_mapping.py,4
pm_qms_core,pm.qms.external.mapping,concrete,odoo_system_administrator,unlink,role-and-scope-specific,static,Source inventory only; requires model-specific runtime fixture,REVIEW_REQUIRED,addons/pm_qms_core/models/external_mapping.py,4
pm_qms_implementation,pm.qms.framework.area,concrete,public,read,deny,runtime,TestM27Security.test_public_and_portal_have_no_qms_model_or_side_channel_access,PASS,addons/pm_qms_implementation/models/framework_pack.py,166
pm_qms_implementation,pm.qms.framework.area,concrete,public,create,deny,runtime,TestM27Security.test_public_and_portal_have_no_qms_model_or_side_channel_access,PASS,addons/pm_qms_implementation/models/framework_pack.py,166
pm_qms_implementation,pm.qms.framework.area,concrete,public,write,deny,runtime,TestM27Security.test_public_and_portal_have_no_qms_model_or_side_channel_access,PASS,addons/pm_qms_implementation/models/framework_pack.py,166
pm_qms_implementation,pm.qms.framework.area,concrete,public,unlink,deny,runtime,TestM27Security.test_public_and_portal_have_no_qms_model_or_side_channel_access,PASS,addons/pm_qms_implementation/models/framework_pack.py,166
pm_qms_implementation,pm.qms.framework.area,concrete,portal,read,deny,runtime,TestM27Security.test_public_and_portal_have_no_qms_model_or_side_channel_access,PASS,addons/pm_qms_implementation/models/framework_pack.py,166
pm_qms_implementation,pm.qms.framework.area,concrete,portal,create,deny,runtime,TestM27Security.test_public_and_portal_have_no_qms_model_or_side_channel_access,PASS,addons/pm_qms_implementation/models/framework_pack.py,166
pm_qms_implementation,pm.qms.framework.area,concrete,portal,write,deny,runtime,TestM27Security.test_public_and_portal_have_no_qms_model_or_side_channel_access,PASS,addons/pm_qms_implementation/models/framework_pack.py,166
pm_qms_implementation,pm.qms.framework.area,concrete,portal,unlink,deny,runtime,TestM27Security.test_public_and_portal_have_no_qms_model_or_side_channel_access,PASS,addons/pm_qms_implementation/models/framework_pack.py,166
pm_qms_implementation,pm.qms.framework.area,concrete,qms_user,read,role-and-scope-specific,static,Source inventory only; requires model-specific runtime fixture,REVIEW_REQUIRED,addons/pm_qms_implementation/models/framework_pack.py,166
pm_qms_implementation,pm.qms.framework.area,concrete,qms_user,create,role-and-scope-specific,static,Source inventory only; requires model-specific runtime fixture,REVIEW_REQUIRED,addons/pm_qms_implementation/models/framework_pack.py,166
pm_qms_implementation,pm.qms.framework.area,concrete,qms_user,write,role-and-scope-specific,static,Source inventory only; requires model-specific runtime fixture,REVIEW_REQUIRED,addons/pm_qms_implementation/models/framework_pack.py,166
pm_qms_implementation,pm.qms.framework.area,concrete,qms_user,unlink,role-and-scope-specific,static,Source inventory only; requires model-specific runtime fixture,REVIEW_REQUIRED,addons/pm_qms_implementation/models/framework_pack.py,166
pm_qms_implementation,pm.qms.framework.area,concrete,qms_viewer,read,role-and-scope-specific,static,Source inventory only; requires model-specific runtime fixture,REVIEW_REQUIRED,addons/pm_qms_implementation/models/framework_pack.py,166
pm_qms_implementation,pm.qms.framework.area,concrete,qms_viewer,create,role-and-scope-specific,static,Source inventory only; requires model-specific runtime fixture,REVIEW_REQUIRED,addons/pm_qms_implementation/models/framework_pack.py,166
pm_qms_implementation,pm.qms.framework.area,concrete,qms_viewer,write,role-and-scope-specific,static,Source inventory only; requires model-specific runtime fixture,REVIEW_REQUIRED,addons/pm_qms_implementation/models/framework_pack.py,166
pm_qms_implementation,pm.qms.framework.area,concrete,qms_viewer,unlink,role-and-scope-specific,static,Source inventory only; requires model-specific runtime fixture,REVIEW_REQUIRED,addons/pm_qms_implementation/models/framework_pack.py,166
pm_qms_implementation,pm.qms.framework.area,concrete,quality_supervisor,read,role-and-scope-specific,static,Source inventory only; requires model-specific runtime fixture,REVIEW_REQUIRED,addons/pm_qms_implementation/models/framework_pack.py,166
pm_qms_implementation,pm.qms.framework.area,concrete,quality_supervisor,create,role-and-scope-specific,static,Source inventory only; requires model-specific runtime fixture,REVIEW_REQUIRED,addons/pm_qms_implementation/models/framework_pack.py,166
pm_qms_implementation,pm.qms.framework.area,concrete,quality_supervisor,write,role-and-scope-specific,static,Source inventory only; requires model-specific runtime fixture,REVIEW_REQUIRED,addons/pm_qms_implementation/models/framework_pack.py,166
pm_qms_implementation,pm.qms.framework.area,concrete,quality_supervisor,unlink,role-and-scope-specific,static,Source inventory only; requires model-specific runtime fixture,REVIEW_REQUIRED,addons/pm_qms_implementation/models/framework_pack.py,166
pm_qms_implementation,pm.qms.framework.area,concrete,quality_manager,read,role-and-scope-specific,static,Source inventory only; requires model-specific runtime fixture,REVIEW_REQUIRED,addons/pm_qms_implementation/models/framework_pack.py,166
pm_qms_implementation,pm.qms.framework.area,concrete,quality_manager,create,role-and-scope-specific,static,Source inventory only; requires model-specific runtime fixture,REVIEW_REQUIRED,addons/pm_qms_implementation/models/framework_pack.py,166
pm_qms_implementation,pm.qms.framework.area,concrete,quality_manager,write,role-and-scope-specific,static,Source inventory only; requires model-specific runtime fixture,REVIEW_REQUIRED,addons/pm_qms_implementation/models/framework_pack.py,166
pm_qms_implementation,pm.qms.framework.area,concrete,quality_manager,unlink,role-and-scope-specific,static,Source inventory only; requires model-specific runtime fixture,REVIEW_REQUIRED,addons/pm_qms_implementation/models/framework_pack.py,166
pm_qms_implementation,pm.qms.framework.area,concrete,qms_administrator,read,role-and-scope-specific,static,Source inventory only; requires model-specific runtime fixture,REVIEW_REQUIRED,addons/pm_qms_implementation/models/framework_pack.py,166
pm_qms_implementation,pm.qms.framework.area,concrete,qms_administrator,create,role-and-scope-specific,static,Source inventory only; requires model-specific runtime fixture,REVIEW_REQUIRED,addons/pm_qms_implementation/models/framework_pack.py,166
pm_qms_implementation,pm.qms.framework.area,concrete,qms_administrator,write,role-and-scope-specific,static,Source inventory only; requires model-specific runtime fixture,REVIEW_REQUIRED,addons/pm_qms_implementation/models/framework_pack.py,166
pm_qms_implementation,pm.qms.framework.area,concrete,qms_administrator,unlink,role-and-scope-specific,static,Source inventory only; requires model-specific runtime fixture,REVIEW_REQUIRED,addons/pm_qms_implementation/models/framework_pack.py,166
pm_qms_implementation,pm.qms.framework.area,concrete,qms_licensing_administrator,read,role-and-scope-specific,static,Source inventory only; requires model-specific runtime fixture,REVIEW_REQUIRED,addons/pm_qms_implementation/models/framework_pack.py,166
pm_qms_implementation,pm.qms.framework.area,concrete,qms_licensing_administrator,create,role-and-scope-specific,static,Source inventory only; requires model-specific runtime fixture,REVIEW_REQUIRED,addons/pm_qms_implementation/models/framework_pack.py,166
pm_qms_implementation,pm.qms.framework.area,concrete,qms_licensing_administrator,write,role-and-scope-specific,static,Source inventory only; requires model-specific runtime fixture,REVIEW_REQUIRED,addons/pm_qms_implementation/models/framework_pack.py,166
pm_qms_implementation,pm.qms.framework.area,concrete,qms_licensing_administrator,unlink,role-and-scope-specific,static,Source inventory only; requires model-specific runtime fixture,REVIEW_REQUIRED,addons/pm_qms_implementation/models/framework_pack.py,166
pm_qms_implementation,pm.qms.framework.area,concrete,odoo_system_administrator,read,role-and-scope-specific,static,Source inventory only; requires model-specific runtime fixture,REVIEW_REQUIRED,addons/pm_qms_implementation/models/framework_pack.py,166
pm_qms_implementation,pm.qms.framework.area,concrete,odoo_system_administrator,create,role-and-scope-specific,static,Source inventory only; requires model-specific runtime fixture,REVIEW_REQUIRED,addons/pm_qms_implementation/models/framework_pack.py,166
pm_qms_implementation,pm.qms.framework.area,concrete,odoo_system_administrator,write,role-and-scope-specific,static,Source inventory only; requires model-specific runtime fixture,REVIEW_REQUIRED,addons/pm_qms_implementation/models/framework_pack.py,166
pm_qms_implementation,pm.qms.framework.area,concrete,odoo_system_administrator,unlink,role-and-scope-specific,static,Source inventory only; requires model-specific runtime fixture,REVIEW_REQUIRED,addons/pm_qms_implementation/models/framework_pack.py,166
pm_qms_implementation,pm.qms.framework.pack,concrete,public,read,deny,runtime,TestM27Security.test_public_and_portal_have_no_qms_model_or_side_channel_access,PASS,addons/pm_qms_implementation/models/framework_pack.py,5
pm_qms_implementation,pm.qms.framework.pack,concrete,public,create,deny,runtime,TestM27Security.test_public_and_portal_have_no_qms_model_or_side_channel_access,PASS,addons/pm_qms_implementation/models/framework_pack.py,5
pm_qms_implementation,pm.qms.framework.pack,concrete,public,write,deny,runtime,TestM27Security.test_public_and_portal_have_no_qms_model_or_side_channel_access,PASS,addons/pm_qms_implementation/models/framework_pack.py,5
pm_qms_implementation,pm.qms.framework.pack,concrete,public,unlink,deny,runtime,TestM27Security.test_public_and_portal_have_no_qms_model_or_side_channel_access,PASS,addons/pm_qms_implementation/models/framework_pack.py,5
pm_qms_implementation,pm.qms.framework.pack,concrete,portal,read,deny,runtime,TestM27Security.test_public_and_portal_have_no_qms_model_or_side_channel_access,PASS,addons/pm_qms_implementation/models/framework_pack.py,5
pm_qms_implementation,pm.qms.framework.pack,concrete,portal,create,deny,runtime,TestM27Security.test_public_and_portal_have_no_qms_model_or_side_channel_access,PASS,addons/pm_qms_implementation/models/framework_pack.py,5
pm_qms_implementation,pm.qms.framework.pack,concrete,portal,write,deny,runtime,TestM27Security.test_public_and_portal_have_no_qms_model_or_side_channel_access,PASS,addons/pm_qms_implementation/models/framework_pack.py,5
pm_qms_implementation,pm.qms.framework.pack,concrete,portal,unlink,deny,runtime,TestM27Security.test_public_and_portal_have_no_qms_model_or_side_channel_access,PASS,addons/pm_qms_implementation/models/framework_pack.py,5
pm_qms_implementation,pm.qms.framework.pack,concrete,qms_user,read,role-and-scope-specific,runtime,TestM27Security focused fixture,PASS,addons/pm_qms_implementation/models/framework_pack.py,5
pm_qms_implementation,pm.qms.framework.pack,concrete,qms_user,create,role-and-scope-specific,runtime,TestM27Security focused fixture,PASS,addons/pm_qms_implementation/models/framework_pack.py,5
pm_qms_implementation,pm.qms.framework.pack,concrete,qms_user,write,role-and-scope-specific,runtime,TestM27Security focused fixture,PASS,addons/pm_qms_implementation/models/framework_pack.py,5
pm_qms_implementation,pm.qms.framework.pack,concrete,qms_user,unlink,role-and-scope-specific,runtime,TestM27Security focused fixture,PASS,addons/pm_qms_implementation/models/framework_pack.py,5
pm_qms_implementation,pm.qms.framework.pack,concrete,qms_viewer,read,role-and-scope-specific,runtime,TestM27Security focused fixture,PASS,addons/pm_qms_implementation/models/framework_pack.py,5
pm_qms_implementation,pm.qms.framework.pack,concrete,qms_viewer,create,role-and-scope-specific,runtime,TestM27Security focused fixture,PASS,addons/pm_qms_implementation/models/framework_pack.py,5
pm_qms_implementation,pm.qms.framework.pack,concrete,qms_viewer,write,role-and-scope-specific,runtime,TestM27Security focused fixture,PASS,addons/pm_qms_implementation/models/framework_pack.py,5
pm_qms_implementation,pm.qms.framework.pack,concrete,qms_viewer,unlink,role-and-scope-specific,runtime,TestM27Security focused fixture,PASS,addons/pm_qms_implementation/models/framework_pack.py,5
pm_qms_implementation,pm.qms.framework.pack,concrete,quality_supervisor,read,role-and-scope-specific,runtime,TestM27Security focused fixture,PASS,addons/pm_qms_implementation/models/framework_pack.py,5
pm_qms_implementation,pm.qms.framework.pack,concrete,quality_supervisor,create,role-and-scope-specific,runtime,TestM27Security focused fixture,PASS,addons/pm_qms_implementation/models/framework_pack.py,5
pm_qms_implementation,pm.qms.framework.pack,concrete,quality_supervisor,write,role-and-scope-specific,runtime,TestM27Security focused fixture,PASS,addons/pm_qms_implementation/models/framework_pack.py,5
pm_qms_implementation,pm.qms.framework.pack,concrete,quality_supervisor,unlink,role-and-scope-specific,runtime,TestM27Security focused fixture,PASS,addons/pm_qms_implementation/models/framework_pack.py,5
pm_qms_implementation,pm.qms.framework.pack,concrete,quality_manager,read,role-and-scope-specific,runtime,TestM27Security focused fixture,PASS,addons/pm_qms_implementation/models/framework_pack.py,5
pm_qms_implementation,pm.qms.framework.pack,concrete,quality_manager,create,role-and-scope-specific,runtime,TestM27Security focused fixture,PASS,addons/pm_qms_implementation/models/framework_pack.py,5
pm_qms_implementation,pm.qms.framework.pack,concrete,quality_manager,write,role-and-scope-specific,runtime,TestM27Security focused fixture,PASS,addons/pm_qms_implementation/models/framework_pack.py,5
pm_qms_implementation,pm.qms.framework.pack,concrete,quality_manager,unlink,role-and-scope-specific,runtime,TestM27Security focused fixture,PASS,addons/pm_qms_implementation/models/framework_pack.py,5
pm_qms_implementation,pm.qms.framework.pack,concrete,qms_administrator,read,role-and-scope-specific,runtime,TestM27Security focused fixture,PASS,addons/pm_qms_implementation/models/framework_pack.py,5
pm_qms_implementation,pm.qms.framework.pack,concrete,qms_administrator,create,role-and-scope-specific,runtime,TestM27Security focused fixture,PASS,addons/pm_qms_implementation/models/framework_pack.py,5
pm_qms_implementation,pm.qms.framework.pack,concrete,qms_administrator,write,role-and-scope-specific,runtime,TestM27Security focused fixture,PASS,addons/pm_qms_implementation/models/framework_pack.py,5
pm_qms_implementation,pm.qms.framework.pack,concrete,qms_administrator,unlink,role-and-scope-specific,runtime,TestM27Security focused fixture,PASS,addons/pm_qms_implementation/models/framework_pack.py,5
pm_qms_implementation,pm.qms.framework.pack,concrete,qms_licensing_administrator,read,role-and-scope-specific,runtime,TestM27Security focused fixture,PASS,addons/pm_qms_implementation/models/framework_pack.py,5
pm_qms_implementation,pm.qms.framework.pack,concrete,qms_licensing_administrator,create,role-and-scope-specific,runtime,TestM27Security focused fixture,PASS,addons/pm_qms_implementation/models/framework_pack.py,5
pm_qms_implementation,pm.qms.framework.pack,concrete,qms_licensing_administrator,write,role-and-scope-specific,runtime,TestM27Security focused fixture,PASS,addons/pm_qms_implementation/models/framework_pack.py,5
pm_qms_implementation,pm.qms.framework.pack,concrete,qms_licensing_administrator,unlink,role-and-scope-specific,runtime,TestM27Security focused fixture,PASS,addons/pm_qms_implementation/models/framework_pack.py,5
pm_qms_implementation,pm.qms.framework.pack,concrete,odoo_system_administrator,read,role-and-scope-specific,runtime,TestM27Security focused fixture,PASS,addons/pm_qms_implementation/models/framework_pack.py,5
pm_qms_implementation,pm.qms.framework.pack,concrete,odoo_system_administrator,create,role-and-scope-specific,runtime,TestM27Security focused fixture,PASS,addons/pm_qms_implementation/models/framework_pack.py,5
pm_qms_implementation,pm.qms.framework.pack,concrete,odoo_system_administrator,write,role-and-scope-specific,runtime,TestM27Security focused fixture,PASS,addons/pm_qms_implementation/models/framework_pack.py,5
pm_qms_implementation,pm.qms.framework.pack,concrete,odoo_system_administrator,unlink,role-and-scope-specific,runtime,TestM27Security focused fixture,PASS,addons/pm_qms_implementation/models/framework_pack.py,5
pm_qms_implementation,pm.qms.framework.pack.control,concrete,public,read,deny,runtime,TestM27Security.test_public_and_portal_have_no_qms_model_or_side_channel_access,PASS,addons/pm_qms_implementation/models/framework_pack.py,223
pm_qms_implementation,pm.qms.framework.pack.control,concrete,public,create,deny,runtime,TestM27Security.test_public_and_portal_have_no_qms_model_or_side_channel_access,PASS,addons/pm_qms_implementation/models/framework_pack.py,223
pm_qms_implementation,pm.qms.framework.pack.control,concrete,public,write,deny,runtime,TestM27Security.test_public_and_portal_have_no_qms_model_or_side_channel_access,PASS,addons/pm_qms_implementation/models/framework_pack.py,223
pm_qms_implementation,pm.qms.framework.pack.control,concrete,public,unlink,deny,runtime,TestM27Security.test_public_and_portal_have_no_qms_model_or_side_channel_access,PASS,addons/pm_qms_implementation/models/framework_pack.py,223
pm_qms_implementation,pm.qms.framework.pack.control,concrete,portal,read,deny,runtime,TestM27Security.test_public_and_portal_have_no_qms_model_or_side_channel_access,PASS,addons/pm_qms_implementation/models/framework_pack.py,223
pm_qms_implementation,pm.qms.framework.pack.control,concrete,portal,create,deny,runtime,TestM27Security.test_public_and_portal_have_no_qms_model_or_side_channel_access,PASS,addons/pm_qms_implementation/models/framework_pack.py,223
pm_qms_implementation,pm.qms.framework.pack.control,concrete,portal,write,deny,runtime,TestM27Security.test_public_and_portal_have_no_qms_model_or_side_channel_access,PASS,addons/pm_qms_implementation/models/framework_pack.py,223
pm_qms_implementation,pm.qms.framework.pack.control,concrete,portal,unlink,deny,runtime,TestM27Security.test_public_and_portal_have_no_qms_model_or_side_channel_access,PASS,addons/pm_qms_implementation/models/framework_pack.py,223
pm_qms_implementation,pm.qms.framework.pack.control,concrete,qms_user,read,role-and-scope-specific,static,Source inventory only; requires model-specific runtime fixture,REVIEW_REQUIRED,addons/pm_qms_implementation/models/framework_pack.py,223
pm_qms_implementation,pm.qms.framework.pack.control,concrete,qms_user,create,role-and-scope-specific,static,Source inventory only; requires model-specific runtime fixture,REVIEW_REQUIRED,addons/pm_qms_implementation/models/framework_pack.py,223
pm_qms_implementation,pm.qms.framework.pack.control,concrete,qms_user,write,role-and-scope-specific,static,Source inventory only; requires model-specific runtime fixture,REVIEW_REQUIRED,addons/pm_qms_implementation/models/framework_pack.py,223
pm_qms_implementation,pm.qms.framework.pack.control,concrete,qms_user,unlink,role-and-scope-specific,static,Source inventory only; requires model-specific runtime fixture,REVIEW_REQUIRED,addons/pm_qms_implementation/models/framework_pack.py,223
pm_qms_implementation,pm.qms.framework.pack.control,concrete,qms_viewer,read,role-and-scope-specific,static,Source inventory only; requires model-specific runtime fixture,REVIEW_REQUIRED,addons/pm_qms_implementation/models/framework_pack.py,223
pm_qms_implementation,pm.qms.framework.pack.control,concrete,qms_viewer,create,role-and-scope-specific,static,Source inventory only; requires model-specific runtime fixture,REVIEW_REQUIRED,addons/pm_qms_implementation/models/framework_pack.py,223
pm_qms_implementation,pm.qms.framework.pack.control,concrete,qms_viewer,write,role-and-scope-specific,static,Source inventory only; requires model-specific runtime fixture,REVIEW_REQUIRED,addons/pm_qms_implementation/models/framework_pack.py,223
pm_qms_implementation,pm.qms.framework.pack.control,concrete,qms_viewer,unlink,role-and-scope-specific,static,Source inventory only; requires model-specific runtime fixture,REVIEW_REQUIRED,addons/pm_qms_implementation/models/framework_pack.py,223
pm_qms_implementation,pm.qms.framework.pack.control,concrete,quality_supervisor,read,role-and-scope-specific,static,Source inventory only; requires model-specific runtime fixture,REVIEW_REQUIRED,addons/pm_qms_implementation/models/framework_pack.py,223
pm_qms_implementation,pm.qms.framework.pack.control,concrete,quality_supervisor,create,role-and-scope-specific,static,Source inventory only; requires model-specific runtime fixture,REVIEW_REQUIRED,addons/pm_qms_implementation/models/framework_pack.py,223
pm_qms_implementation,pm.qms.framework.pack.control,concrete,quality_supervisor,write,role-and-scope-specific,static,Source inventory only; requires model-specific runtime fixture,REVIEW_REQUIRED,addons/pm_qms_implementation/models/framework_pack.py,223
pm_qms_implementation,pm.qms.framework.pack.control,concrete,quality_supervisor,unlink,role-and-scope-specific,static,Source inventory only; requires model-specific runtime fixture,REVIEW_REQUIRED,addons/pm_qms_implementation/models/framework_pack.py,223
pm_qms_implementation,pm.qms.framework.pack.control,concrete,quality_manager,read,role-and-scope-specific,static,Source inventory only; requires model-specific runtime fixture,REVIEW_REQUIRED,addons/pm_qms_implementation/models/framework_pack.py,223
pm_qms_implementation,pm.qms.framework.pack.control,concrete,quality_manager,create,role-and-scope-specific,static,Source inventory only; requires model-specific runtime fixture,REVIEW_REQUIRED,addons/pm_qms_implementation/models/framework_pack.py,223
pm_qms_implementation,pm.qms.framework.pack.control,concrete,quality_manager,write,role-and-scope-specific,static,Source inventory only; requires model-specific runtime fixture,REVIEW_REQUIRED,addons/pm_qms_implementation/models/framework_pack.py,223
pm_qms_implementation,pm.qms.framework.pack.control,concrete,quality_manager,unlink,role-and-scope-specific,static,Source inventory only; requires model-specific runtime fixture,REVIEW_REQUIRED,addons/pm_qms_implementation/models/framework_pack.py,223
pm_qms_implementation,pm.qms.framework.pack.control,concrete,qms_administrator,read,role-and-scope-specific,static,Source inventory only; requires model-specific runtime fixture,REVIEW_REQUIRED,addons/pm_qms_implementation/models/framework_pack.py,223
pm_qms_implementation,pm.qms.framework.pack.control,concrete,qms_administrator,create,role-and-scope-specific,static,Source inventory only; requires model-specific runtime fixture,REVIEW_REQUIRED,addons/pm_qms_implementation/models/framework_pack.py,223
pm_qms_implementation,pm.qms.framework.pack.control,concrete,qms_administrator,write,role-and-scope-specific,static,Source inventory only; requires model-specific runtime fixture,REVIEW_REQUIRED,addons/pm_qms_implementation/models/framework_pack.py,223
pm_qms_implementation,pm.qms.framework.pack.control,concrete,qms_administrator,unlink,role-and-scope-specific,static,Source inventory only; requires model-specific runtime fixture,REVIEW_REQUIRED,addons/pm_qms_implementation/models/framework_pack.py,223
pm_qms_implementation,pm.qms.framework.pack.control,concrete,qms_licensing_administrator,read,role-and-scope-specific,static,Source inventory only; requires model-specific runtime fixture,REVIEW_REQUIRED,addons/pm_qms_implementation/models/framework_pack.py,223
pm_qms_implementation,pm.qms.framework.pack.control,concrete,qms_licensing_administrator,create,role-and-scope-specific,static,Source inventory only; requires model-specific runtime fixture,REVIEW_REQUIRED,addons/pm_qms_implementation/models/framework_pack.py,223
pm_qms_implementation,pm.qms.framework.pack.control,concrete,qms_licensing_administrator,write,role-and-scope-specific,static,Source inventory only; requires model-specific runtime fixture,REVIEW_REQUIRED,addons/pm_qms_implementation/models/framework_pack.py,223
pm_qms_implementation,pm.qms.framework.pack.control,concrete,qms_licensing_administrator,unlink,role-and-scope-specific,static,Source inventory only; requires model-specific runtime fixture,REVIEW_REQUIRED,addons/pm_qms_implementation/models/framework_pack.py,223
pm_qms_implementation,pm.qms.framework.pack.control,concrete,odoo_system_administrator,read,role-and-scope-specific,static,Source inventory only; requires model-specific runtime fixture,REVIEW_REQUIRED,addons/pm_qms_implementation/models/framework_pack.py,223
pm_qms_implementation,pm.qms.framework.pack.control,concrete,odoo_system_administrator,create,role-and-scope-specific,static,Source inventory only; requires model-specific runtime fixture,REVIEW_REQUIRED,addons/pm_qms_implementation/models/framework_pack.py,223
pm_qms_implementation,pm.qms.framework.pack.control,concrete,odoo_system_administrator,write,role-and-scope-specific,static,Source inventory only; requires model-specific runtime fixture,REVIEW_REQUIRED,addons/pm_qms_implementation/models/framework_pack.py,223
pm_qms_implementation,pm.qms.framework.pack.control,concrete,odoo_system_administrator,unlink,role-and-scope-specific,static,Source inventory only; requires model-specific runtime fixture,REVIEW_REQUIRED,addons/pm_qms_implementation/models/framework_pack.py,223
pm_qms_implementation,pm.qms.implementation.control,concrete,public,read,deny,runtime,TestM27Security.test_public_and_portal_have_no_qms_model_or_side_channel_access,PASS,addons/pm_qms_implementation/models/implementation_control.py,7
pm_qms_implementation,pm.qms.implementation.control,concrete,public,create,deny,runtime,TestM27Security.test_public_and_portal_have_no_qms_model_or_side_channel_access,PASS,addons/pm_qms_implementation/models/implementation_control.py,7
pm_qms_implementation,pm.qms.implementation.control,concrete,public,write,deny,runtime,TestM27Security.test_public_and_portal_have_no_qms_model_or_side_channel_access,PASS,addons/pm_qms_implementation/models/implementation_control.py,7
pm_qms_implementation,pm.qms.implementation.control,concrete,public,unlink,deny,runtime,TestM27Security.test_public_and_portal_have_no_qms_model_or_side_channel_access,PASS,addons/pm_qms_implementation/models/implementation_control.py,7
pm_qms_implementation,pm.qms.implementation.control,concrete,portal,read,deny,runtime,TestM27Security.test_public_and_portal_have_no_qms_model_or_side_channel_access,PASS,addons/pm_qms_implementation/models/implementation_control.py,7
pm_qms_implementation,pm.qms.implementation.control,concrete,portal,create,deny,runtime,TestM27Security.test_public_and_portal_have_no_qms_model_or_side_channel_access,PASS,addons/pm_qms_implementation/models/implementation_control.py,7
pm_qms_implementation,pm.qms.implementation.control,concrete,portal,write,deny,runtime,TestM27Security.test_public_and_portal_have_no_qms_model_or_side_channel_access,PASS,addons/pm_qms_implementation/models/implementation_control.py,7
pm_qms_implementation,pm.qms.implementation.control,concrete,portal,unlink,deny,runtime,TestM27Security.test_public_and_portal_have_no_qms_model_or_side_channel_access,PASS,addons/pm_qms_implementation/models/implementation_control.py,7
pm_qms_implementation,pm.qms.implementation.control,concrete,qms_user,read,role-and-scope-specific,static,Source inventory only; requires model-specific runtime fixture,REVIEW_REQUIRED,addons/pm_qms_implementation/models/implementation_control.py,7
pm_qms_implementation,pm.qms.implementation.control,concrete,qms_user,create,role-and-scope-specific,static,Source inventory only; requires model-specific runtime fixture,REVIEW_REQUIRED,addons/pm_qms_implementation/models/implementation_control.py,7
pm_qms_implementation,pm.qms.implementation.control,concrete,qms_user,write,role-and-scope-specific,static,Source inventory only; requires model-specific runtime fixture,REVIEW_REQUIRED,addons/pm_qms_implementation/models/implementation_control.py,7
pm_qms_implementation,pm.qms.implementation.control,concrete,qms_user,unlink,role-and-scope-specific,static,Source inventory only; requires model-specific runtime fixture,REVIEW_REQUIRED,addons/pm_qms_implementation/models/implementation_control.py,7
pm_qms_implementation,pm.qms.implementation.control,concrete,qms_viewer,read,role-and-scope-specific,static,Source inventory only; requires model-specific runtime fixture,REVIEW_REQUIRED,addons/pm_qms_implementation/models/implementation_control.py,7
pm_qms_implementation,pm.qms.implementation.control,concrete,qms_viewer,create,role-and-scope-specific,static,Source inventory only; requires model-specific runtime fixture,REVIEW_REQUIRED,addons/pm_qms_implementation/models/implementation_control.py,7
pm_qms_implementation,pm.qms.implementation.control,concrete,qms_viewer,write,role-and-scope-specific,static,Source inventory only; requires model-specific runtime fixture,REVIEW_REQUIRED,addons/pm_qms_implementation/models/implementation_control.py,7
pm_qms_implementation,pm.qms.implementation.control,concrete,qms_viewer,unlink,role-and-scope-specific,static,Source inventory only; requires model-specific runtime fixture,REVIEW_REQUIRED,addons/pm_qms_implementation/models/implementation_control.py,7
pm_qms_implementation,pm.qms.implementation.control,concrete,quality_supervisor,read,role-and-scope-specific,static,Source inventory only; requires model-specific runtime fixture,REVIEW_REQUIRED,addons/pm_qms_implementation/models/implementation_control.py,7
pm_qms_implementation,pm.qms.implementation.control,concrete,quality_supervisor,create,role-and-scope-specific,static,Source inventory only; requires model-specific runtime fixture,REVIEW_REQUIRED,addons/pm_qms_implementation/models/implementation_control.py,7
pm_qms_implementation,pm.qms.implementation.control,concrete,quality_supervisor,write,role-and-scope-specific,static,Source inventory only; requires model-specific runtime fixture,REVIEW_REQUIRED,addons/pm_qms_implementation/models/implementation_control.py,7
pm_qms_implementation,pm.qms.implementation.control,concrete,quality_supervisor,unlink,role-and-scope-specific,static,Source inventory only; requires model-specific runtime fixture,REVIEW_REQUIRED,addons/pm_qms_implementation/models/implementation_control.py,7
pm_qms_implementation,pm.qms.implementation.control,concrete,quality_manager,read,role-and-scope-specific,static,Source inventory only; requires model-specific runtime fixture,REVIEW_REQUIRED,addons/pm_qms_implementation/models/implementation_control.py,7
pm_qms_implementation,pm.qms.implementation.control,concrete,quality_manager,create,role-and-scope-specific,static,Source inventory only; requires model-specific runtime fixture,REVIEW_REQUIRED,addons/pm_qms_implementation/models/implementation_control.py,7
pm_qms_implementation,pm.qms.implementation.control,concrete,quality_manager,write,role-and-scope-specific,static,Source inventory only; requires model-specific runtime fixture,REVIEW_REQUIRED,addons/pm_qms_implementation/models/implementation_control.py,7
pm_qms_implementation,pm.qms.implementation.control,concrete,quality_manager,unlink,role-and-scope-specific,static,Source inventory only; requires model-specific runtime fixture,REVIEW_REQUIRED,addons/pm_qms_implementation/models/implementation_control.py,7
pm_qms_implementation,pm.qms.implementation.control,concrete,qms_administrator,read,role-and-scope-specific,static,Source inventory only; requires model-specific runtime fixture,REVIEW_REQUIRED,addons/pm_qms_implementation/models/implementation_control.py,7
pm_qms_implementation,pm.qms.implementation.control,concrete,qms_administrator,create,role-and-scope-specific,static,Source inventory only; requires model-specific runtime fixture,REVIEW_REQUIRED,addons/pm_qms_implementation/models/implementation_control.py,7
pm_qms_implementation,pm.qms.implementation.control,concrete,qms_administrator,write,role-and-scope-specific,static,Source inventory only; requires model-specific runtime fixture,REVIEW_REQUIRED,addons/pm_qms_implementation/models/implementation_control.py,7
pm_qms_implementation,pm.qms.implementation.control,concrete,qms_administrator,unlink,role-and-scope-specific,static,Source inventory only; requires model-specific runtime fixture,REVIEW_REQUIRED,addons/pm_qms_implementation/models/implementation_control.py,7
pm_qms_implementation,pm.qms.implementation.control,concrete,qms_licensing_administrator,read,role-and-scope-specific,static,Source inventory only; requires model-specific runtime fixture,REVIEW_REQUIRED,addons/pm_qms_implementation/models/implementation_control.py,7
pm_qms_implementation,pm.qms.implementation.control,concrete,qms_licensing_administrator,create,role-and-scope-specific,static,Source inventory only; requires model-specific runtime fixture,REVIEW_REQUIRED,addons/pm_qms_implementation/models/implementation_control.py,7
pm_qms_implementation,pm.qms.implementation.control,concrete,qms_licensing_administrator,write,role-and-scope-specific,static,Source inventory only; requires model-specific runtime fixture,REVIEW_REQUIRED,addons/pm_qms_implementation/models/implementation_control.py,7
pm_qms_implementation,pm.qms.implementation.control,concrete,qms_licensing_administrator,unlink,role-and-scope-specific,static,Source inventory only; requires model-specific runtime fixture,REVIEW_REQUIRED,addons/pm_qms_implementation/models/implementation_control.py,7
pm_qms_implementation,pm.qms.implementation.control,concrete,odoo_system_administrator,read,role-and-scope-specific,static,Source inventory only; requires model-specific runtime fixture,REVIEW_REQUIRED,addons/pm_qms_implementation/models/implementation_control.py,7
pm_qms_implementation,pm.qms.implementation.control,concrete,odoo_system_administrator,create,role-and-scope-specific,static,Source inventory only; requires model-specific runtime fixture,REVIEW_REQUIRED,addons/pm_qms_implementation/models/implementation_control.py,7
pm_qms_implementation,pm.qms.implementation.control,concrete,odoo_system_administrator,write,role-and-scope-specific,static,Source inventory only; requires model-specific runtime fixture,REVIEW_REQUIRED,addons/pm_qms_implementation/models/implementation_control.py,7
pm_qms_implementation,pm.qms.implementation.control,concrete,odoo_system_administrator,unlink,role-and-scope-specific,static,Source inventory only; requires model-specific runtime fixture,REVIEW_REQUIRED,addons/pm_qms_implementation/models/implementation_control.py,7
pm_qms_implementation,pm.qms.implementation.project,concrete,public,read,deny,runtime,TestM27Security.test_public_and_portal_have_no_qms_model_or_side_channel_access,PASS,addons/pm_qms_implementation/models/implementation_project.py,7
pm_qms_implementation,pm.qms.implementation.project,concrete,public,create,deny,runtime,TestM27Security.test_public_and_portal_have_no_qms_model_or_side_channel_access,PASS,addons/pm_qms_implementation/models/implementation_project.py,7
pm_qms_implementation,pm.qms.implementation.project,concrete,public,write,deny,runtime,TestM27Security.test_public_and_portal_have_no_qms_model_or_side_channel_access,PASS,addons/pm_qms_implementation/models/implementation_project.py,7
pm_qms_implementation,pm.qms.implementation.project,concrete,public,unlink,deny,runtime,TestM27Security.test_public_and_portal_have_no_qms_model_or_side_channel_access,PASS,addons/pm_qms_implementation/models/implementation_project.py,7
pm_qms_implementation,pm.qms.implementation.project,concrete,portal,read,deny,runtime,TestM27Security.test_public_and_portal_have_no_qms_model_or_side_channel_access,PASS,addons/pm_qms_implementation/models/implementation_project.py,7
pm_qms_implementation,pm.qms.implementation.project,concrete,portal,create,deny,runtime,TestM27Security.test_public_and_portal_have_no_qms_model_or_side_channel_access,PASS,addons/pm_qms_implementation/models/implementation_project.py,7
pm_qms_implementation,pm.qms.implementation.project,concrete,portal,write,deny,runtime,TestM27Security.test_public_and_portal_have_no_qms_model_or_side_channel_access,PASS,addons/pm_qms_implementation/models/implementation_project.py,7
pm_qms_implementation,pm.qms.implementation.project,concrete,portal,unlink,deny,runtime,TestM27Security.test_public_and_portal_have_no_qms_model_or_side_channel_access,PASS,addons/pm_qms_implementation/models/implementation_project.py,7
pm_qms_implementation,pm.qms.implementation.project,concrete,qms_user,read,role-and-scope-specific,static,Source inventory only; requires model-specific runtime fixture,REVIEW_REQUIRED,addons/pm_qms_implementation/models/implementation_project.py,7
pm_qms_implementation,pm.qms.implementation.project,concrete,qms_user,create,role-and-scope-specific,static,Source inventory only; requires model-specific runtime fixture,REVIEW_REQUIRED,addons/pm_qms_implementation/models/implementation_project.py,7
pm_qms_implementation,pm.qms.implementation.project,concrete,qms_user,write,role-and-scope-specific,static,Source inventory only; requires model-specific runtime fixture,REVIEW_REQUIRED,addons/pm_qms_implementation/models/implementation_project.py,7
pm_qms_implementation,pm.qms.implementation.project,concrete,qms_user,unlink,role-and-scope-specific,static,Source inventory only; requires model-specific runtime fixture,REVIEW_REQUIRED,addons/pm_qms_implementation/models/implementation_project.py,7
pm_qms_implementation,pm.qms.implementation.project,concrete,qms_viewer,read,role-and-scope-specific,static,Source inventory only; requires model-specific runtime fixture,REVIEW_REQUIRED,addons/pm_qms_implementation/models/implementation_project.py,7
pm_qms_implementation,pm.qms.implementation.project,concrete,qms_viewer,create,role-and-scope-specific,static,Source inventory only; requires model-specific runtime fixture,REVIEW_REQUIRED,addons/pm_qms_implementation/models/implementation_project.py,7
pm_qms_implementation,pm.qms.implementation.project,concrete,qms_viewer,write,role-and-scope-specific,static,Source inventory only; requires model-specific runtime fixture,REVIEW_REQUIRED,addons/pm_qms_implementation/models/implementation_project.py,7
pm_qms_implementation,pm.qms.implementation.project,concrete,qms_viewer,unlink,role-and-scope-specific,static,Source inventory only; requires model-specific runtime fixture,REVIEW_REQUIRED,addons/pm_qms_implementation/models/implementation_project.py,7
pm_qms_implementation,pm.qms.implementation.project,concrete,quality_supervisor,read,role-and-scope-specific,static,Source inventory only; requires model-specific runtime fixture,REVIEW_REQUIRED,addons/pm_qms_implementation/models/implementation_project.py,7
pm_qms_implementation,pm.qms.implementation.project,concrete,quality_supervisor,create,role-and-scope-specific,static,Source inventory only; requires model-specific runtime fixture,REVIEW_REQUIRED,addons/pm_qms_implementation/models/implementation_project.py,7
pm_qms_implementation,pm.qms.implementation.project,concrete,quality_supervisor,write,role-and-scope-specific,static,Source inventory only; requires model-specific runtime fixture,REVIEW_REQUIRED,addons/pm_qms_implementation/models/implementation_project.py,7
pm_qms_implementation,pm.qms.implementation.project,concrete,quality_supervisor,unlink,role-and-scope-specific,static,Source inventory only; requires model-specific runtime fixture,REVIEW_REQUIRED,addons/pm_qms_implementation/models/implementation_project.py,7
pm_qms_implementation,pm.qms.implementation.project,concrete,quality_manager,read,role-and-scope-specific,static,Source inventory only; requires model-specific runtime fixture,REVIEW_REQUIRED,addons/pm_qms_implementation/models/implementation_project.py,7
pm_qms_implementation,pm.qms.implementation.project,concrete,quality_manager,create,role-and-scope-specific,static,Source inventory only; requires model-specific runtime fixture,REVIEW_REQUIRED,addons/pm_qms_implementation/models/implementation_project.py,7
pm_qms_implementation,pm.qms.implementation.project,concrete,quality_manager,write,role-and-scope-specific,static,Source inventory only; requires model-specific runtime fixture,REVIEW_REQUIRED,addons/pm_qms_implementation/models/implementation_project.py,7
pm_qms_implementation,pm.qms.implementation.project,concrete,quality_manager,unlink,role-and-scope-specific,static,Source inventory only; requires model-specific runtime fixture,REVIEW_REQUIRED,addons/pm_qms_implementation/models/implementation_project.py,7
pm_qms_implementation,pm.qms.implementation.project,concrete,qms_administrator,read,role-and-scope-specific,static,Source inventory only; requires model-specific runtime fixture,REVIEW_REQUIRED,addons/pm_qms_implementation/models/implementation_project.py,7
pm_qms_implementation,pm.qms.implementation.project,concrete,qms_administrator,create,role-and-scope-specific,static,Source inventory only; requires model-specific runtime fixture,REVIEW_REQUIRED,addons/pm_qms_implementation/models/implementation_project.py,7
pm_qms_implementation,pm.qms.implementation.project,concrete,qms_administrator,write,role-and-scope-specific,static,Source inventory only; requires model-specific runtime fixture,REVIEW_REQUIRED,addons/pm_qms_implementation/models/implementation_project.py,7
pm_qms_implementation,pm.qms.implementation.project,concrete,qms_administrator,unlink,role-and-scope-specific,static,Source inventory only; requires model-specific runtime fixture,REVIEW_REQUIRED,addons/pm_qms_implementation/models/implementation_project.py,7
pm_qms_implementation,pm.qms.implementation.project,concrete,qms_licensing_administrator,read,role-and-scope-specific,static,Source inventory only; requires model-specific runtime fixture,REVIEW_REQUIRED,addons/pm_qms_implementation/models/implementation_project.py,7
pm_qms_implementation,pm.qms.implementation.project,concrete,qms_licensing_administrator,create,role-and-scope-specific,static,Source inventory only; requires model-specific runtime fixture,REVIEW_REQUIRED,addons/pm_qms_implementation/models/implementation_project.py,7
pm_qms_implementation,pm.qms.implementation.project,concrete,qms_licensing_administrator,write,role-and-scope-specific,static,Source inventory only; requires model-specific runtime fixture,REVIEW_REQUIRED,addons/pm_qms_implementation/models/implementation_project.py,7
pm_qms_implementation,pm.qms.implementation.project,concrete,qms_licensing_administrator,unlink,role-and-scope-specific,static,Source inventory only; requires model-specific runtime fixture,REVIEW_REQUIRED,addons/pm_qms_implementation/models/implementation_project.py,7
pm_qms_implementation,pm.qms.implementation.project,concrete,odoo_system_administrator,read,role-and-scope-specific,static,Source inventory only; requires model-specific runtime fixture,REVIEW_REQUIRED,addons/pm_qms_implementation/models/implementation_project.py,7
pm_qms_implementation,pm.qms.implementation.project,concrete,odoo_system_administrator,create,role-and-scope-specific,static,Source inventory only; requires model-specific runtime fixture,REVIEW_REQUIRED,addons/pm_qms_implementation/models/implementation_project.py,7
pm_qms_implementation,pm.qms.implementation.project,concrete,odoo_system_administrator,write,role-and-scope-specific,static,Source inventory only; requires model-specific runtime fixture,REVIEW_REQUIRED,addons/pm_qms_implementation/models/implementation_project.py,7
pm_qms_implementation,pm.qms.implementation.project,concrete,odoo_system_administrator,unlink,role-and-scope-specific,static,Source inventory only; requires model-specific runtime fixture,REVIEW_REQUIRED,addons/pm_qms_implementation/models/implementation_project.py,7
pm_qms_kpi,pm.qms.kpi,concrete,public,read,deny,runtime,TestM27Security.test_public_and_portal_have_no_qms_model_or_side_channel_access,PASS,addons/pm_qms_kpi/models/kpi.py,7
pm_qms_kpi,pm.qms.kpi,concrete,public,create,deny,runtime,TestM27Security.test_public_and_portal_have_no_qms_model_or_side_channel_access,PASS,addons/pm_qms_kpi/models/kpi.py,7
pm_qms_kpi,pm.qms.kpi,concrete,public,write,deny,runtime,TestM27Security.test_public_and_portal_have_no_qms_model_or_side_channel_access,PASS,addons/pm_qms_kpi/models/kpi.py,7
pm_qms_kpi,pm.qms.kpi,concrete,public,unlink,deny,runtime,TestM27Security.test_public_and_portal_have_no_qms_model_or_side_channel_access,PASS,addons/pm_qms_kpi/models/kpi.py,7
pm_qms_kpi,pm.qms.kpi,concrete,portal,read,deny,runtime,TestM27Security.test_public_and_portal_have_no_qms_model_or_side_channel_access,PASS,addons/pm_qms_kpi/models/kpi.py,7
pm_qms_kpi,pm.qms.kpi,concrete,portal,create,deny,runtime,TestM27Security.test_public_and_portal_have_no_qms_model_or_side_channel_access,PASS,addons/pm_qms_kpi/models/kpi.py,7
pm_qms_kpi,pm.qms.kpi,concrete,portal,write,deny,runtime,TestM27Security.test_public_and_portal_have_no_qms_model_or_side_channel_access,PASS,addons/pm_qms_kpi/models/kpi.py,7
pm_qms_kpi,pm.qms.kpi,concrete,portal,unlink,deny,runtime,TestM27Security.test_public_and_portal_have_no_qms_model_or_side_channel_access,PASS,addons/pm_qms_kpi/models/kpi.py,7
pm_qms_kpi,pm.qms.kpi,concrete,qms_user,read,role-and-scope-specific,static,Source inventory only; requires model-specific runtime fixture,REVIEW_REQUIRED,addons/pm_qms_kpi/models/kpi.py,7
pm_qms_kpi,pm.qms.kpi,concrete,qms_user,create,role-and-scope-specific,static,Source inventory only; requires model-specific runtime fixture,REVIEW_REQUIRED,addons/pm_qms_kpi/models/kpi.py,7
pm_qms_kpi,pm.qms.kpi,concrete,qms_user,write,role-and-scope-specific,static,Source inventory only; requires model-specific runtime fixture,REVIEW_REQUIRED,addons/pm_qms_kpi/models/kpi.py,7
pm_qms_kpi,pm.qms.kpi,concrete,qms_user,unlink,role-and-scope-specific,static,Source inventory only; requires model-specific runtime fixture,REVIEW_REQUIRED,addons/pm_qms_kpi/models/kpi.py,7
pm_qms_kpi,pm.qms.kpi,concrete,qms_viewer,read,role-and-scope-specific,static,Source inventory only; requires model-specific runtime fixture,REVIEW_REQUIRED,addons/pm_qms_kpi/models/kpi.py,7
pm_qms_kpi,pm.qms.kpi,concrete,qms_viewer,create,role-and-scope-specific,static,Source inventory only; requires model-specific runtime fixture,REVIEW_REQUIRED,addons/pm_qms_kpi/models/kpi.py,7
pm_qms_kpi,pm.qms.kpi,concrete,qms_viewer,write,role-and-scope-specific,static,Source inventory only; requires model-specific runtime fixture,REVIEW_REQUIRED,addons/pm_qms_kpi/models/kpi.py,7
pm_qms_kpi,pm.qms.kpi,concrete,qms_viewer,unlink,role-and-scope-specific,static,Source inventory only; requires model-specific runtime fixture,REVIEW_REQUIRED,addons/pm_qms_kpi/models/kpi.py,7
pm_qms_kpi,pm.qms.kpi,concrete,quality_supervisor,read,role-and-scope-specific,static,Source inventory only; requires model-specific runtime fixture,REVIEW_REQUIRED,addons/pm_qms_kpi/models/kpi.py,7
pm_qms_kpi,pm.qms.kpi,concrete,quality_supervisor,create,role-and-scope-specific,static,Source inventory only; requires model-specific runtime fixture,REVIEW_REQUIRED,addons/pm_qms_kpi/models/kpi.py,7
pm_qms_kpi,pm.qms.kpi,concrete,quality_supervisor,write,role-and-scope-specific,static,Source inventory only; requires model-specific runtime fixture,REVIEW_REQUIRED,addons/pm_qms_kpi/models/kpi.py,7
pm_qms_kpi,pm.qms.kpi,concrete,quality_supervisor,unlink,role-and-scope-specific,static,Source inventory only; requires model-specific runtime fixture,REVIEW_REQUIRED,addons/pm_qms_kpi/models/kpi.py,7
pm_qms_kpi,pm.qms.kpi,concrete,quality_manager,read,role-and-scope-specific,static,Source inventory only; requires model-specific runtime fixture,REVIEW_REQUIRED,addons/pm_qms_kpi/models/kpi.py,7
pm_qms_kpi,pm.qms.kpi,concrete,quality_manager,create,role-and-scope-specific,static,Source inventory only; requires model-specific runtime fixture,REVIEW_REQUIRED,addons/pm_qms_kpi/models/kpi.py,7
pm_qms_kpi,pm.qms.kpi,concrete,quality_manager,write,role-and-scope-specific,static,Source inventory only; requires model-specific runtime fixture,REVIEW_REQUIRED,addons/pm_qms_kpi/models/kpi.py,7
pm_qms_kpi,pm.qms.kpi,concrete,quality_manager,unlink,role-and-scope-specific,static,Source inventory only; requires model-specific runtime fixture,REVIEW_REQUIRED,addons/pm_qms_kpi/models/kpi.py,7
pm_qms_kpi,pm.qms.kpi,concrete,qms_administrator,read,role-and-scope-specific,static,Source inventory only; requires model-specific runtime fixture,REVIEW_REQUIRED,addons/pm_qms_kpi/models/kpi.py,7
pm_qms_kpi,pm.qms.kpi,concrete,qms_administrator,create,role-and-scope-specific,static,Source inventory only; requires model-specific runtime fixture,REVIEW_REQUIRED,addons/pm_qms_kpi/models/kpi.py,7
pm_qms_kpi,pm.qms.kpi,concrete,qms_administrator,write,role-and-scope-specific,static,Source inventory only; requires model-specific runtime fixture,REVIEW_REQUIRED,addons/pm_qms_kpi/models/kpi.py,7
pm_qms_kpi,pm.qms.kpi,concrete,qms_administrator,unlink,role-and-scope-specific,static,Source inventory only; requires model-specific runtime fixture,REVIEW_REQUIRED,addons/pm_qms_kpi/models/kpi.py,7
pm_qms_kpi,pm.qms.kpi,concrete,qms_licensing_administrator,read,role-and-scope-specific,static,Source inventory only; requires model-specific runtime fixture,REVIEW_REQUIRED,addons/pm_qms_kpi/models/kpi.py,7
pm_qms_kpi,pm.qms.kpi,concrete,qms_licensing_administrator,create,role-and-scope-specific,static,Source inventory only; requires model-specific runtime fixture,REVIEW_REQUIRED,addons/pm_qms_kpi/models/kpi.py,7
pm_qms_kpi,pm.qms.kpi,concrete,qms_licensing_administrator,write,role-and-scope-specific,static,Source inventory only; requires model-specific runtime fixture,REVIEW_REQUIRED,addons/pm_qms_kpi/models/kpi.py,7
pm_qms_kpi,pm.qms.kpi,concrete,qms_licensing_administrator,unlink,role-and-scope-specific,static,Source inventory only; requires model-specific runtime fixture,REVIEW_REQUIRED,addons/pm_qms_kpi/models/kpi.py,7
pm_qms_kpi,pm.qms.kpi,concrete,odoo_system_administrator,read,role-and-scope-specific,static,Source inventory only; requires model-specific runtime fixture,REVIEW_REQUIRED,addons/pm_qms_kpi/models/kpi.py,7
pm_qms_kpi,pm.qms.kpi,concrete,odoo_system_administrator,create,role-and-scope-specific,static,Source inventory only; requires model-specific runtime fixture,REVIEW_REQUIRED,addons/pm_qms_kpi/models/kpi.py,7
pm_qms_kpi,pm.qms.kpi,concrete,odoo_system_administrator,write,role-and-scope-specific,static,Source inventory only; requires model-specific runtime fixture,REVIEW_REQUIRED,addons/pm_qms_kpi/models/kpi.py,7
pm_qms_kpi,pm.qms.kpi,concrete,odoo_system_administrator,unlink,role-and-scope-specific,static,Source inventory only; requires model-specific runtime fixture,REVIEW_REQUIRED,addons/pm_qms_kpi/models/kpi.py,7
pm_qms_kpi,pm.qms.kpi.measurement,concrete,public,read,deny,runtime,TestM27Security.test_public_and_portal_have_no_qms_model_or_side_channel_access,PASS,addons/pm_qms_kpi/models/kpi_measurement.py,5
pm_qms_kpi,pm.qms.kpi.measurement,concrete,public,create,deny,runtime,TestM27Security.test_public_and_portal_have_no_qms_model_or_side_channel_access,PASS,addons/pm_qms_kpi/models/kpi_measurement.py,5
pm_qms_kpi,pm.qms.kpi.measurement,concrete,public,write,deny,runtime,TestM27Security.test_public_and_portal_have_no_qms_model_or_side_channel_access,PASS,addons/pm_qms_kpi/models/kpi_measurement.py,5
pm_qms_kpi,pm.qms.kpi.measurement,concrete,public,unlink,deny,runtime,TestM27Security.test_public_and_portal_have_no_qms_model_or_side_channel_access,PASS,addons/pm_qms_kpi/models/kpi_measurement.py,5
pm_qms_kpi,pm.qms.kpi.measurement,concrete,portal,read,deny,runtime,TestM27Security.test_public_and_portal_have_no_qms_model_or_side_channel_access,PASS,addons/pm_qms_kpi/models/kpi_measurement.py,5
pm_qms_kpi,pm.qms.kpi.measurement,concrete,portal,create,deny,runtime,TestM27Security.test_public_and_portal_have_no_qms_model_or_side_channel_access,PASS,addons/pm_qms_kpi/models/kpi_measurement.py,5
pm_qms_kpi,pm.qms.kpi.measurement,concrete,portal,write,deny,runtime,TestM27Security.test_public_and_portal_have_no_qms_model_or_side_channel_access,PASS,addons/pm_qms_kpi/models/kpi_measurement.py,5
pm_qms_kpi,pm.qms.kpi.measurement,concrete,portal,unlink,deny,runtime,TestM27Security.test_public_and_portal_have_no_qms_model_or_side_channel_access,PASS,addons/pm_qms_kpi/models/kpi_measurement.py,5
pm_qms_kpi,pm.qms.kpi.measurement,concrete,qms_user,read,role-and-scope-specific,static,Source inventory only; requires model-specific runtime fixture,REVIEW_REQUIRED,addons/pm_qms_kpi/models/kpi_measurement.py,5
pm_qms_kpi,pm.qms.kpi.measurement,concrete,qms_user,create,role-and-scope-specific,static,Source inventory only; requires model-specific runtime fixture,REVIEW_REQUIRED,addons/pm_qms_kpi/models/kpi_measurement.py,5
pm_qms_kpi,pm.qms.kpi.measurement,concrete,qms_user,write,role-and-scope-specific,static,Source inventory only; requires model-specific runtime fixture,REVIEW_REQUIRED,addons/pm_qms_kpi/models/kpi_measurement.py,5
pm_qms_kpi,pm.qms.kpi.measurement,concrete,qms_user,unlink,role-and-scope-specific,static,Source inventory only; requires model-specific runtime fixture,REVIEW_REQUIRED,addons/pm_qms_kpi/models/kpi_measurement.py,5
pm_qms_kpi,pm.qms.kpi.measurement,concrete,qms_viewer,read,role-and-scope-specific,static,Source inventory only; requires model-specific runtime fixture,REVIEW_REQUIRED,addons/pm_qms_kpi/models/kpi_measurement.py,5
pm_qms_kpi,pm.qms.kpi.measurement,concrete,qms_viewer,create,role-and-scope-specific,static,Source inventory only; requires model-specific runtime fixture,REVIEW_REQUIRED,addons/pm_qms_kpi/models/kpi_measurement.py,5
pm_qms_kpi,pm.qms.kpi.measurement,concrete,qms_viewer,write,role-and-scope-specific,static,Source inventory only; requires model-specific runtime fixture,REVIEW_REQUIRED,addons/pm_qms_kpi/models/kpi_measurement.py,5
pm_qms_kpi,pm.qms.kpi.measurement,concrete,qms_viewer,unlink,role-and-scope-specific,static,Source inventory only; requires model-specific runtime fixture,REVIEW_REQUIRED,addons/pm_qms_kpi/models/kpi_measurement.py,5
pm_qms_kpi,pm.qms.kpi.measurement,concrete,quality_supervisor,read,role-and-scope-specific,static,Source inventory only; requires model-specific runtime fixture,REVIEW_REQUIRED,addons/pm_qms_kpi/models/kpi_measurement.py,5
pm_qms_kpi,pm.qms.kpi.measurement,concrete,quality_supervisor,create,role-and-scope-specific,static,Source inventory only; requires model-specific runtime fixture,REVIEW_REQUIRED,addons/pm_qms_kpi/models/kpi_measurement.py,5
pm_qms_kpi,pm.qms.kpi.measurement,concrete,quality_supervisor,write,role-and-scope-specific,static,Source inventory only; requires model-specific runtime fixture,REVIEW_REQUIRED,addons/pm_qms_kpi/models/kpi_measurement.py,5
pm_qms_kpi,pm.qms.kpi.measurement,concrete,quality_supervisor,unlink,role-and-scope-specific,static,Source inventory only; requires model-specific runtime fixture,REVIEW_REQUIRED,addons/pm_qms_kpi/models/kpi_measurement.py,5
pm_qms_kpi,pm.qms.kpi.measurement,concrete,quality_manager,read,role-and-scope-specific,static,Source inventory only; requires model-specific runtime fixture,REVIEW_REQUIRED,addons/pm_qms_kpi/models/kpi_measurement.py,5
pm_qms_kpi,pm.qms.kpi.measurement,concrete,quality_manager,create,role-and-scope-specific,static,Source inventory only; requires model-specific runtime fixture,REVIEW_REQUIRED,addons/pm_qms_kpi/models/kpi_measurement.py,5
pm_qms_kpi,pm.qms.kpi.measurement,concrete,quality_manager,write,role-and-scope-specific,static,Source inventory only; requires model-specific runtime fixture,REVIEW_REQUIRED,addons/pm_qms_kpi/models/kpi_measurement.py,5
pm_qms_kpi,pm.qms.kpi.measurement,concrete,quality_manager,unlink,role-and-scope-specific,static,Source inventory only; requires model-specific runtime fixture,REVIEW_REQUIRED,addons/pm_qms_kpi/models/kpi_measurement.py,5
pm_qms_kpi,pm.qms.kpi.measurement,concrete,qms_administrator,read,role-and-scope-specific,static,Source inventory only; requires model-specific runtime fixture,REVIEW_REQUIRED,addons/pm_qms_kpi/models/kpi_measurement.py,5
pm_qms_kpi,pm.qms.kpi.measurement,concrete,qms_administrator,create,role-and-scope-specific,static,Source inventory only; requires model-specific runtime fixture,REVIEW_REQUIRED,addons/pm_qms_kpi/models/kpi_measurement.py,5
pm_qms_kpi,pm.qms.kpi.measurement,concrete,qms_administrator,write,role-and-scope-specific,static,Source inventory only; requires model-specific runtime fixture,REVIEW_REQUIRED,addons/pm_qms_kpi/models/kpi_measurement.py,5
pm_qms_kpi,pm.qms.kpi.measurement,concrete,qms_administrator,unlink,role-and-scope-specific,static,Source inventory only; requires model-specific runtime fixture,REVIEW_REQUIRED,addons/pm_qms_kpi/models/kpi_measurement.py,5
pm_qms_kpi,pm.qms.kpi.measurement,concrete,qms_licensing_administrator,read,role-and-scope-specific,static,Source inventory only; requires model-specific runtime fixture,REVIEW_REQUIRED,addons/pm_qms_kpi/models/kpi_measurement.py,5
pm_qms_kpi,pm.qms.kpi.measurement,concrete,qms_licensing_administrator,create,role-and-scope-specific,static,Source inventory only; requires model-specific runtime fixture,REVIEW_REQUIRED,addons/pm_qms_kpi/models/kpi_measurement.py,5
pm_qms_kpi,pm.qms.kpi.measurement,concrete,qms_licensing_administrator,write,role-and-scope-specific,static,Source inventory only; requires model-specific runtime fixture,REVIEW_REQUIRED,addons/pm_qms_kpi/models/kpi_measurement.py,5
pm_qms_kpi,pm.qms.kpi.measurement,concrete,qms_licensing_administrator,unlink,role-and-scope-specific,static,Source inventory only; requires model-specific runtime fixture,REVIEW_REQUIRED,addons/pm_qms_kpi/models/kpi_measurement.py,5
pm_qms_kpi,pm.qms.kpi.measurement,concrete,odoo_system_administrator,read,role-and-scope-specific,static,Source inventory only; requires model-specific runtime fixture,REVIEW_REQUIRED,addons/pm_qms_kpi/models/kpi_measurement.py,5
pm_qms_kpi,pm.qms.kpi.measurement,concrete,odoo_system_administrator,create,role-and-scope-specific,static,Source inventory only; requires model-specific runtime fixture,REVIEW_REQUIRED,addons/pm_qms_kpi/models/kpi_measurement.py,5
pm_qms_kpi,pm.qms.kpi.measurement,concrete,odoo_system_administrator,write,role-and-scope-specific,static,Source inventory only; requires model-specific runtime fixture,REVIEW_REQUIRED,addons/pm_qms_kpi/models/kpi_measurement.py,5
pm_qms_kpi,pm.qms.kpi.measurement,concrete,odoo_system_administrator,unlink,role-and-scope-specific,static,Source inventory only; requires model-specific runtime fixture,REVIEW_REQUIRED,addons/pm_qms_kpi/models/kpi_measurement.py,5
pm_qms_license,pm.qms.license,concrete,public,read,deny,runtime,TestM27Security.test_public_and_portal_have_no_qms_model_or_side_channel_access,PASS,addons/pm_qms_license/models/license.py,10
pm_qms_license,pm.qms.license,concrete,public,create,deny,runtime,TestM27Security.test_public_and_portal_have_no_qms_model_or_side_channel_access,PASS,addons/pm_qms_license/models/license.py,10
pm_qms_license,pm.qms.license,concrete,public,write,deny,runtime,TestM27Security.test_public_and_portal_have_no_qms_model_or_side_channel_access,PASS,addons/pm_qms_license/models/license.py,10
pm_qms_license,pm.qms.license,concrete,public,unlink,deny,runtime,TestM27Security.test_public_and_portal_have_no_qms_model_or_side_channel_access,PASS,addons/pm_qms_license/models/license.py,10
pm_qms_license,pm.qms.license,concrete,portal,read,deny,runtime,TestM27Security.test_public_and_portal_have_no_qms_model_or_side_channel_access,PASS,addons/pm_qms_license/models/license.py,10
pm_qms_license,pm.qms.license,concrete,portal,create,deny,runtime,TestM27Security.test_public_and_portal_have_no_qms_model_or_side_channel_access,PASS,addons/pm_qms_license/models/license.py,10
pm_qms_license,pm.qms.license,concrete,portal,write,deny,runtime,TestM27Security.test_public_and_portal_have_no_qms_model_or_side_channel_access,PASS,addons/pm_qms_license/models/license.py,10
pm_qms_license,pm.qms.license,concrete,portal,unlink,deny,runtime,TestM27Security.test_public_and_portal_have_no_qms_model_or_side_channel_access,PASS,addons/pm_qms_license/models/license.py,10
pm_qms_license,pm.qms.license,concrete,qms_user,read,role-and-scope-specific,runtime,TestM27Security focused fixture,PASS,addons/pm_qms_license/models/license.py,10
pm_qms_license,pm.qms.license,concrete,qms_user,create,role-and-scope-specific,runtime,TestM27Security focused fixture,PASS,addons/pm_qms_license/models/license.py,10
pm_qms_license,pm.qms.license,concrete,qms_user,write,role-and-scope-specific,runtime,TestM27Security focused fixture,PASS,addons/pm_qms_license/models/license.py,10
pm_qms_license,pm.qms.license,concrete,qms_user,unlink,role-and-scope-specific,runtime,TestM27Security focused fixture,PASS,addons/pm_qms_license/models/license.py,10
pm_qms_license,pm.qms.license,concrete,qms_viewer,read,role-and-scope-specific,runtime,TestM27Security focused fixture,PASS,addons/pm_qms_license/models/license.py,10
pm_qms_license,pm.qms.license,concrete,qms_viewer,create,role-and-scope-specific,runtime,TestM27Security focused fixture,PASS,addons/pm_qms_license/models/license.py,10
pm_qms_license,pm.qms.license,concrete,qms_viewer,write,role-and-scope-specific,runtime,TestM27Security focused fixture,PASS,addons/pm_qms_license/models/license.py,10
pm_qms_license,pm.qms.license,concrete,qms_viewer,unlink,role-and-scope-specific,runtime,TestM27Security focused fixture,PASS,addons/pm_qms_license/models/license.py,10
pm_qms_license,pm.qms.license,concrete,quality_supervisor,read,role-and-scope-specific,runtime,TestM27Security focused fixture,PASS,addons/pm_qms_license/models/license.py,10
pm_qms_license,pm.qms.license,concrete,quality_supervisor,create,role-and-scope-specific,runtime,TestM27Security focused fixture,PASS,addons/pm_qms_license/models/license.py,10
pm_qms_license,pm.qms.license,concrete,quality_supervisor,write,role-and-scope-specific,runtime,TestM27Security focused fixture,PASS,addons/pm_qms_license/models/license.py,10
pm_qms_license,pm.qms.license,concrete,quality_supervisor,unlink,role-and-scope-specific,runtime,TestM27Security focused fixture,PASS,addons/pm_qms_license/models/license.py,10
pm_qms_license,pm.qms.license,concrete,quality_manager,read,role-and-scope-specific,runtime,TestM27Security focused fixture,PASS,addons/pm_qms_license/models/license.py,10
pm_qms_license,pm.qms.license,concrete,quality_manager,create,role-and-scope-specific,runtime,TestM27Security focused fixture,PASS,addons/pm_qms_license/models/license.py,10
pm_qms_license,pm.qms.license,concrete,quality_manager,write,role-and-scope-specific,runtime,TestM27Security focused fixture,PASS,addons/pm_qms_license/models/license.py,10
pm_qms_license,pm.qms.license,concrete,quality_manager,unlink,role-and-scope-specific,runtime,TestM27Security focused fixture,PASS,addons/pm_qms_license/models/license.py,10
pm_qms_license,pm.qms.license,concrete,qms_administrator,read,role-and-scope-specific,runtime,TestM27Security focused fixture,PASS,addons/pm_qms_license/models/license.py,10
pm_qms_license,pm.qms.license,concrete,qms_administrator,create,role-and-scope-specific,runtime,TestM27Security focused fixture,PASS,addons/pm_qms_license/models/license.py,10
pm_qms_license,pm.qms.license,concrete,qms_administrator,write,role-and-scope-specific,runtime,TestM27Security focused fixture,PASS,addons/pm_qms_license/models/license.py,10
pm_qms_license,pm.qms.license,concrete,qms_administrator,unlink,role-and-scope-specific,runtime,TestM27Security focused fixture,PASS,addons/pm_qms_license/models/license.py,10
pm_qms_license,pm.qms.license,concrete,qms_licensing_administrator,read,role-and-scope-specific,runtime,TestM27Security focused fixture,PASS,addons/pm_qms_license/models/license.py,10
pm_qms_license,pm.qms.license,concrete,qms_licensing_administrator,create,role-and-scope-specific,runtime,TestM27Security focused fixture,PASS,addons/pm_qms_license/models/license.py,10
pm_qms_license,pm.qms.license,concrete,qms_licensing_administrator,write,role-and-scope-specific,runtime,TestM27Security focused fixture,PASS,addons/pm_qms_license/models/license.py,10
pm_qms_license,pm.qms.license,concrete,qms_licensing_administrator,unlink,role-and-scope-specific,runtime,TestM27Security focused fixture,PASS,addons/pm_qms_license/models/license.py,10
pm_qms_license,pm.qms.license,concrete,odoo_system_administrator,read,role-and-scope-specific,runtime,TestM27Security focused fixture,PASS,addons/pm_qms_license/models/license.py,10
pm_qms_license,pm.qms.license,concrete,odoo_system_administrator,create,role-and-scope-specific,runtime,TestM27Security focused fixture,PASS,addons/pm_qms_license/models/license.py,10
pm_qms_license,pm.qms.license,concrete,odoo_system_administrator,write,role-and-scope-specific,runtime,TestM27Security focused fixture,PASS,addons/pm_qms_license/models/license.py,10
pm_qms_license,pm.qms.license,concrete,odoo_system_administrator,unlink,role-and-scope-specific,runtime,TestM27Security focused fixture,PASS,addons/pm_qms_license/models/license.py,10
pm_qms_license,pm.qms.license.import.wizard,transient,public,read,deny,runtime,TestM27Security.test_public_and_portal_have_no_qms_model_or_side_channel_access,PASS,addons/pm_qms_license/wizard/license_import.py,6
pm_qms_license,pm.qms.license.import.wizard,transient,public,create,deny,runtime,TestM27Security.test_public_and_portal_have_no_qms_model_or_side_channel_access,PASS,addons/pm_qms_license/wizard/license_import.py,6
pm_qms_license,pm.qms.license.import.wizard,transient,public,write,deny,runtime,TestM27Security.test_public_and_portal_have_no_qms_model_or_side_channel_access,PASS,addons/pm_qms_license/wizard/license_import.py,6
pm_qms_license,pm.qms.license.import.wizard,transient,public,unlink,deny,runtime,TestM27Security.test_public_and_portal_have_no_qms_model_or_side_channel_access,PASS,addons/pm_qms_license/wizard/license_import.py,6
pm_qms_license,pm.qms.license.import.wizard,transient,portal,read,deny,runtime,TestM27Security.test_public_and_portal_have_no_qms_model_or_side_channel_access,PASS,addons/pm_qms_license/wizard/license_import.py,6
pm_qms_license,pm.qms.license.import.wizard,transient,portal,create,deny,runtime,TestM27Security.test_public_and_portal_have_no_qms_model_or_side_channel_access,PASS,addons/pm_qms_license/wizard/license_import.py,6
pm_qms_license,pm.qms.license.import.wizard,transient,portal,write,deny,runtime,TestM27Security.test_public_and_portal_have_no_qms_model_or_side_channel_access,PASS,addons/pm_qms_license/wizard/license_import.py,6
pm_qms_license,pm.qms.license.import.wizard,transient,portal,unlink,deny,runtime,TestM27Security.test_public_and_portal_have_no_qms_model_or_side_channel_access,PASS,addons/pm_qms_license/wizard/license_import.py,6
pm_qms_license,pm.qms.license.import.wizard,transient,qms_user,read,role-and-scope-specific,static,Source inventory only; requires model-specific runtime fixture,REVIEW_REQUIRED,addons/pm_qms_license/wizard/license_import.py,6
pm_qms_license,pm.qms.license.import.wizard,transient,qms_user,create,role-and-scope-specific,static,Source inventory only; requires model-specific runtime fixture,REVIEW_REQUIRED,addons/pm_qms_license/wizard/license_import.py,6
pm_qms_license,pm.qms.license.import.wizard,transient,qms_user,write,role-and-scope-specific,static,Source inventory only; requires model-specific runtime fixture,REVIEW_REQUIRED,addons/pm_qms_license/wizard/license_import.py,6
pm_qms_license,pm.qms.license.import.wizard,transient,qms_user,unlink,role-and-scope-specific,static,Source inventory only; requires model-specific runtime fixture,REVIEW_REQUIRED,addons/pm_qms_license/wizard/license_import.py,6
pm_qms_license,pm.qms.license.import.wizard,transient,qms_viewer,read,role-and-scope-specific,static,Source inventory only; requires model-specific runtime fixture,REVIEW_REQUIRED,addons/pm_qms_license/wizard/license_import.py,6
pm_qms_license,pm.qms.license.import.wizard,transient,qms_viewer,create,role-and-scope-specific,static,Source inventory only; requires model-specific runtime fixture,REVIEW_REQUIRED,addons/pm_qms_license/wizard/license_import.py,6
pm_qms_license,pm.qms.license.import.wizard,transient,qms_viewer,write,role-and-scope-specific,static,Source inventory only; requires model-specific runtime fixture,REVIEW_REQUIRED,addons/pm_qms_license/wizard/license_import.py,6
pm_qms_license,pm.qms.license.import.wizard,transient,qms_viewer,unlink,role-and-scope-specific,static,Source inventory only; requires model-specific runtime fixture,REVIEW_REQUIRED,addons/pm_qms_license/wizard/license_import.py,6
pm_qms_license,pm.qms.license.import.wizard,transient,quality_supervisor,read,role-and-scope-specific,static,Source inventory only; requires model-specific runtime fixture,REVIEW_REQUIRED,addons/pm_qms_license/wizard/license_import.py,6
pm_qms_license,pm.qms.license.import.wizard,transient,quality_supervisor,create,role-and-scope-specific,static,Source inventory only; requires model-specific runtime fixture,REVIEW_REQUIRED,addons/pm_qms_license/wizard/license_import.py,6
pm_qms_license,pm.qms.license.import.wizard,transient,quality_supervisor,write,role-and-scope-specific,static,Source inventory only; requires model-specific runtime fixture,REVIEW_REQUIRED,addons/pm_qms_license/wizard/license_import.py,6
pm_qms_license,pm.qms.license.import.wizard,transient,quality_supervisor,unlink,role-and-scope-specific,static,Source inventory only; requires model-specific runtime fixture,REVIEW_REQUIRED,addons/pm_qms_license/wizard/license_import.py,6
pm_qms_license,pm.qms.license.import.wizard,transient,quality_manager,read,role-and-scope-specific,static,Source inventory only; requires model-specific runtime fixture,REVIEW_REQUIRED,addons/pm_qms_license/wizard/license_import.py,6
pm_qms_license,pm.qms.license.import.wizard,transient,quality_manager,create,role-and-scope-specific,static,Source inventory only; requires model-specific runtime fixture,REVIEW_REQUIRED,addons/pm_qms_license/wizard/license_import.py,6
pm_qms_license,pm.qms.license.import.wizard,transient,quality_manager,write,role-and-scope-specific,static,Source inventory only; requires model-specific runtime fixture,REVIEW_REQUIRED,addons/pm_qms_license/wizard/license_import.py,6
pm_qms_license,pm.qms.license.import.wizard,transient,quality_manager,unlink,role-and-scope-specific,static,Source inventory only; requires model-specific runtime fixture,REVIEW_REQUIRED,addons/pm_qms_license/wizard/license_import.py,6
pm_qms_license,pm.qms.license.import.wizard,transient,qms_administrator,read,role-and-scope-specific,static,Source inventory only; requires model-specific runtime fixture,REVIEW_REQUIRED,addons/pm_qms_license/wizard/license_import.py,6
pm_qms_license,pm.qms.license.import.wizard,transient,qms_administrator,create,role-and-scope-specific,static,Source inventory only; requires model-specific runtime fixture,REVIEW_REQUIRED,addons/pm_qms_license/wizard/license_import.py,6
pm_qms_license,pm.qms.license.import.wizard,transient,qms_administrator,write,role-and-scope-specific,static,Source inventory only; requires model-specific runtime fixture,REVIEW_REQUIRED,addons/pm_qms_license/wizard/license_import.py,6
pm_qms_license,pm.qms.license.import.wizard,transient,qms_administrator,unlink,role-and-scope-specific,static,Source inventory only; requires model-specific runtime fixture,REVIEW_REQUIRED,addons/pm_qms_license/wizard/license_import.py,6
pm_qms_license,pm.qms.license.import.wizard,transient,qms_licensing_administrator,read,role-and-scope-specific,static,Source inventory only; requires model-specific runtime fixture,REVIEW_REQUIRED,addons/pm_qms_license/wizard/license_import.py,6
pm_qms_license,pm.qms.license.import.wizard,transient,qms_licensing_administrator,create,role-and-scope-specific,static,Source inventory only; requires model-specific runtime fixture,REVIEW_REQUIRED,addons/pm_qms_license/wizard/license_import.py,6
pm_qms_license,pm.qms.license.import.wizard,transient,qms_licensing_administrator,write,role-and-scope-specific,static,Source inventory only; requires model-specific runtime fixture,REVIEW_REQUIRED,addons/pm_qms_license/wizard/license_import.py,6
pm_qms_license,pm.qms.license.import.wizard,transient,qms_licensing_administrator,unlink,role-and-scope-specific,static,Source inventory only; requires model-specific runtime fixture,REVIEW_REQUIRED,addons/pm_qms_license/wizard/license_import.py,6
pm_qms_license,pm.qms.license.import.wizard,transient,odoo_system_administrator,read,role-and-scope-specific,static,Source inventory only; requires model-specific runtime fixture,REVIEW_REQUIRED,addons/pm_qms_license/wizard/license_import.py,6
pm_qms_license,pm.qms.license.import.wizard,transient,odoo_system_administrator,create,role-and-scope-specific,static,Source inventory only; requires model-specific runtime fixture,REVIEW_REQUIRED,addons/pm_qms_license/wizard/license_import.py,6
pm_qms_license,pm.qms.license.import.wizard,transient,odoo_system_administrator,write,role-and-scope-specific,static,Source inventory only; requires model-specific runtime fixture,REVIEW_REQUIRED,addons/pm_qms_license/wizard/license_import.py,6
pm_qms_license,pm.qms.license.import.wizard,transient,odoo_system_administrator,unlink,role-and-scope-specific,static,Source inventory only; requires model-specific runtime fixture,REVIEW_REQUIRED,addons/pm_qms_license/wizard/license_import.py,6
pm_qms_management_review,pm.qms.management.review,concrete,public,read,deny,runtime,TestM27Security.test_public_and_portal_have_no_qms_model_or_side_channel_access,PASS,addons/pm_qms_management_review/models/management_review.py,5
pm_qms_management_review,pm.qms.management.review,concrete,public,create,deny,runtime,TestM27Security.test_public_and_portal_have_no_qms_model_or_side_channel_access,PASS,addons/pm_qms_management_review/models/management_review.py,5
pm_qms_management_review,pm.qms.management.review,concrete,public,write,deny,runtime,TestM27Security.test_public_and_portal_have_no_qms_model_or_side_channel_access,PASS,addons/pm_qms_management_review/models/management_review.py,5
pm_qms_management_review,pm.qms.management.review,concrete,public,unlink,deny,runtime,TestM27Security.test_public_and_portal_have_no_qms_model_or_side_channel_access,PASS,addons/pm_qms_management_review/models/management_review.py,5
pm_qms_management_review,pm.qms.management.review,concrete,portal,read,deny,runtime,TestM27Security.test_public_and_portal_have_no_qms_model_or_side_channel_access,PASS,addons/pm_qms_management_review/models/management_review.py,5
pm_qms_management_review,pm.qms.management.review,concrete,portal,create,deny,runtime,TestM27Security.test_public_and_portal_have_no_qms_model_or_side_channel_access,PASS,addons/pm_qms_management_review/models/management_review.py,5
pm_qms_management_review,pm.qms.management.review,concrete,portal,write,deny,runtime,TestM27Security.test_public_and_portal_have_no_qms_model_or_side_channel_access,PASS,addons/pm_qms_management_review/models/management_review.py,5
pm_qms_management_review,pm.qms.management.review,concrete,portal,unlink,deny,runtime,TestM27Security.test_public_and_portal_have_no_qms_model_or_side_channel_access,PASS,addons/pm_qms_management_review/models/management_review.py,5
pm_qms_management_review,pm.qms.management.review,concrete,qms_user,read,role-and-scope-specific,static,Source inventory only; requires model-specific runtime fixture,REVIEW_REQUIRED,addons/pm_qms_management_review/models/management_review.py,5
pm_qms_management_review,pm.qms.management.review,concrete,qms_user,create,role-and-scope-specific,static,Source inventory only; requires model-specific runtime fixture,REVIEW_REQUIRED,addons/pm_qms_management_review/models/management_review.py,5
pm_qms_management_review,pm.qms.management.review,concrete,qms_user,write,role-and-scope-specific,static,Source inventory only; requires model-specific runtime fixture,REVIEW_REQUIRED,addons/pm_qms_management_review/models/management_review.py,5
pm_qms_management_review,pm.qms.management.review,concrete,qms_user,unlink,role-and-scope-specific,static,Source inventory only; requires model-specific runtime fixture,REVIEW_REQUIRED,addons/pm_qms_management_review/models/management_review.py,5
pm_qms_management_review,pm.qms.management.review,concrete,qms_viewer,read,role-and-scope-specific,static,Source inventory only; requires model-specific runtime fixture,REVIEW_REQUIRED,addons/pm_qms_management_review/models/management_review.py,5
pm_qms_management_review,pm.qms.management.review,concrete,qms_viewer,create,role-and-scope-specific,static,Source inventory only; requires model-specific runtime fixture,REVIEW_REQUIRED,addons/pm_qms_management_review/models/management_review.py,5
pm_qms_management_review,pm.qms.management.review,concrete,qms_viewer,write,role-and-scope-specific,static,Source inventory only; requires model-specific runtime fixture,REVIEW_REQUIRED,addons/pm_qms_management_review/models/management_review.py,5
pm_qms_management_review,pm.qms.management.review,concrete,qms_viewer,unlink,role-and-scope-specific,static,Source inventory only; requires model-specific runtime fixture,REVIEW_REQUIRED,addons/pm_qms_management_review/models/management_review.py,5
pm_qms_management_review,pm.qms.management.review,concrete,quality_supervisor,read,role-and-scope-specific,static,Source inventory only; requires model-specific runtime fixture,REVIEW_REQUIRED,addons/pm_qms_management_review/models/management_review.py,5
pm_qms_management_review,pm.qms.management.review,concrete,quality_supervisor,create,role-and-scope-specific,static,Source inventory only; requires model-specific runtime fixture,REVIEW_REQUIRED,addons/pm_qms_management_review/models/management_review.py,5
pm_qms_management_review,pm.qms.management.review,concrete,quality_supervisor,write,role-and-scope-specific,static,Source inventory only; requires model-specific runtime fixture,REVIEW_REQUIRED,addons/pm_qms_management_review/models/management_review.py,5
pm_qms_management_review,pm.qms.management.review,concrete,quality_supervisor,unlink,role-and-scope-specific,static,Source inventory only; requires model-specific runtime fixture,REVIEW_REQUIRED,addons/pm_qms_management_review/models/management_review.py,5
pm_qms_management_review,pm.qms.management.review,concrete,quality_manager,read,role-and-scope-specific,static,Source inventory only; requires model-specific runtime fixture,REVIEW_REQUIRED,addons/pm_qms_management_review/models/management_review.py,5
pm_qms_management_review,pm.qms.management.review,concrete,quality_manager,create,role-and-scope-specific,static,Source inventory only; requires model-specific runtime fixture,REVIEW_REQUIRED,addons/pm_qms_management_review/models/management_review.py,5
pm_qms_management_review,pm.qms.management.review,concrete,quality_manager,write,role-and-scope-specific,static,Source inventory only; requires model-specific runtime fixture,REVIEW_REQUIRED,addons/pm_qms_management_review/models/management_review.py,5
pm_qms_management_review,pm.qms.management.review,concrete,quality_manager,unlink,role-and-scope-specific,static,Source inventory only; requires model-specific runtime fixture,REVIEW_REQUIRED,addons/pm_qms_management_review/models/management_review.py,5
pm_qms_management_review,pm.qms.management.review,concrete,qms_administrator,read,role-and-scope-specific,static,Source inventory only; requires model-specific runtime fixture,REVIEW_REQUIRED,addons/pm_qms_management_review/models/management_review.py,5
pm_qms_management_review,pm.qms.management.review,concrete,qms_administrator,create,role-and-scope-specific,static,Source inventory only; requires model-specific runtime fixture,REVIEW_REQUIRED,addons/pm_qms_management_review/models/management_review.py,5
pm_qms_management_review,pm.qms.management.review,concrete,qms_administrator,write,role-and-scope-specific,static,Source inventory only; requires model-specific runtime fixture,REVIEW_REQUIRED,addons/pm_qms_management_review/models/management_review.py,5
pm_qms_management_review,pm.qms.management.review,concrete,qms_administrator,unlink,role-and-scope-specific,static,Source inventory only; requires model-specific runtime fixture,REVIEW_REQUIRED,addons/pm_qms_management_review/models/management_review.py,5
pm_qms_management_review,pm.qms.management.review,concrete,qms_licensing_administrator,read,role-and-scope-specific,static,Source inventory only; requires model-specific runtime fixture,REVIEW_REQUIRED,addons/pm_qms_management_review/models/management_review.py,5
pm_qms_management_review,pm.qms.management.review,concrete,qms_licensing_administrator,create,role-and-scope-specific,static,Source inventory only; requires model-specific runtime fixture,REVIEW_REQUIRED,addons/pm_qms_management_review/models/management_review.py,5
pm_qms_management_review,pm.qms.management.review,concrete,qms_licensing_administrator,write,role-and-scope-specific,static,Source inventory only; requires model-specific runtime fixture,REVIEW_REQUIRED,addons/pm_qms_management_review/models/management_review.py,5
pm_qms_management_review,pm.qms.management.review,concrete,qms_licensing_administrator,unlink,role-and-scope-specific,static,Source inventory only; requires model-specific runtime fixture,REVIEW_REQUIRED,addons/pm_qms_management_review/models/management_review.py,5
pm_qms_management_review,pm.qms.management.review,concrete,odoo_system_administrator,read,role-and-scope-specific,static,Source inventory only; requires model-specific runtime fixture,REVIEW_REQUIRED,addons/pm_qms_management_review/models/management_review.py,5
pm_qms_management_review,pm.qms.management.review,concrete,odoo_system_administrator,create,role-and-scope-specific,static,Source inventory only; requires model-specific runtime fixture,REVIEW_REQUIRED,addons/pm_qms_management_review/models/management_review.py,5
pm_qms_management_review,pm.qms.management.review,concrete,odoo_system_administrator,write,role-and-scope-specific,static,Source inventory only; requires model-specific runtime fixture,REVIEW_REQUIRED,addons/pm_qms_management_review/models/management_review.py,5
pm_qms_management_review,pm.qms.management.review,concrete,odoo_system_administrator,unlink,role-and-scope-specific,static,Source inventory only; requires model-specific runtime fixture,REVIEW_REQUIRED,addons/pm_qms_management_review/models/management_review.py,5
pm_qms_management_review,pm.qms.management.review.action,concrete,public,read,deny,runtime,TestM27Security.test_public_and_portal_have_no_qms_model_or_side_channel_access,PASS,addons/pm_qms_management_review/models/management_review_action.py,5
pm_qms_management_review,pm.qms.management.review.action,concrete,public,create,deny,runtime,TestM27Security.test_public_and_portal_have_no_qms_model_or_side_channel_access,PASS,addons/pm_qms_management_review/models/management_review_action.py,5
pm_qms_management_review,pm.qms.management.review.action,concrete,public,write,deny,runtime,TestM27Security.test_public_and_portal_have_no_qms_model_or_side_channel_access,PASS,addons/pm_qms_management_review/models/management_review_action.py,5
pm_qms_management_review,pm.qms.management.review.action,concrete,public,unlink,deny,runtime,TestM27Security.test_public_and_portal_have_no_qms_model_or_side_channel_access,PASS,addons/pm_qms_management_review/models/management_review_action.py,5
pm_qms_management_review,pm.qms.management.review.action,concrete,portal,read,deny,runtime,TestM27Security.test_public_and_portal_have_no_qms_model_or_side_channel_access,PASS,addons/pm_qms_management_review/models/management_review_action.py,5
pm_qms_management_review,pm.qms.management.review.action,concrete,portal,create,deny,runtime,TestM27Security.test_public_and_portal_have_no_qms_model_or_side_channel_access,PASS,addons/pm_qms_management_review/models/management_review_action.py,5
pm_qms_management_review,pm.qms.management.review.action,concrete,portal,write,deny,runtime,TestM27Security.test_public_and_portal_have_no_qms_model_or_side_channel_access,PASS,addons/pm_qms_management_review/models/management_review_action.py,5
pm_qms_management_review,pm.qms.management.review.action,concrete,portal,unlink,deny,runtime,TestM27Security.test_public_and_portal_have_no_qms_model_or_side_channel_access,PASS,addons/pm_qms_management_review/models/management_review_action.py,5
pm_qms_management_review,pm.qms.management.review.action,concrete,qms_user,read,role-and-scope-specific,static,Source inventory only; requires model-specific runtime fixture,REVIEW_REQUIRED,addons/pm_qms_management_review/models/management_review_action.py,5
pm_qms_management_review,pm.qms.management.review.action,concrete,qms_user,create,role-and-scope-specific,static,Source inventory only; requires model-specific runtime fixture,REVIEW_REQUIRED,addons/pm_qms_management_review/models/management_review_action.py,5
pm_qms_management_review,pm.qms.management.review.action,concrete,qms_user,write,role-and-scope-specific,static,Source inventory only; requires model-specific runtime fixture,REVIEW_REQUIRED,addons/pm_qms_management_review/models/management_review_action.py,5
pm_qms_management_review,pm.qms.management.review.action,concrete,qms_user,unlink,role-and-scope-specific,static,Source inventory only; requires model-specific runtime fixture,REVIEW_REQUIRED,addons/pm_qms_management_review/models/management_review_action.py,5
pm_qms_management_review,pm.qms.management.review.action,concrete,qms_viewer,read,role-and-scope-specific,static,Source inventory only; requires model-specific runtime fixture,REVIEW_REQUIRED,addons/pm_qms_management_review/models/management_review_action.py,5
pm_qms_management_review,pm.qms.management.review.action,concrete,qms_viewer,create,role-and-scope-specific,static,Source inventory only; requires model-specific runtime fixture,REVIEW_REQUIRED,addons/pm_qms_management_review/models/management_review_action.py,5
pm_qms_management_review,pm.qms.management.review.action,concrete,qms_viewer,write,role-and-scope-specific,static,Source inventory only; requires model-specific runtime fixture,REVIEW_REQUIRED,addons/pm_qms_management_review/models/management_review_action.py,5
pm_qms_management_review,pm.qms.management.review.action,concrete,qms_viewer,unlink,role-and-scope-specific,static,Source inventory only; requires model-specific runtime fixture,REVIEW_REQUIRED,addons/pm_qms_management_review/models/management_review_action.py,5
pm_qms_management_review,pm.qms.management.review.action,concrete,quality_supervisor,read,role-and-scope-specific,static,Source inventory only; requires model-specific runtime fixture,REVIEW_REQUIRED,addons/pm_qms_management_review/models/management_review_action.py,5
pm_qms_management_review,pm.qms.management.review.action,concrete,quality_supervisor,create,role-and-scope-specific,static,Source inventory only; requires model-specific runtime fixture,REVIEW_REQUIRED,addons/pm_qms_management_review/models/management_review_action.py,5
pm_qms_management_review,pm.qms.management.review.action,concrete,quality_supervisor,write,role-and-scope-specific,static,Source inventory only; requires model-specific runtime fixture,REVIEW_REQUIRED,addons/pm_qms_management_review/models/management_review_action.py,5
pm_qms_management_review,pm.qms.management.review.action,concrete,quality_supervisor,unlink,role-and-scope-specific,static,Source inventory only; requires model-specific runtime fixture,REVIEW_REQUIRED,addons/pm_qms_management_review/models/management_review_action.py,5
pm_qms_management_review,pm.qms.management.review.action,concrete,quality_manager,read,role-and-scope-specific,static,Source inventory only; requires model-specific runtime fixture,REVIEW_REQUIRED,addons/pm_qms_management_review/models/management_review_action.py,5
pm_qms_management_review,pm.qms.management.review.action,concrete,quality_manager,create,role-and-scope-specific,static,Source inventory only; requires model-specific runtime fixture,REVIEW_REQUIRED,addons/pm_qms_management_review/models/management_review_action.py,5
pm_qms_management_review,pm.qms.management.review.action,concrete,quality_manager,write,role-and-scope-specific,static,Source inventory only; requires model-specific runtime fixture,REVIEW_REQUIRED,addons/pm_qms_management_review/models/management_review_action.py,5
pm_qms_management_review,pm.qms.management.review.action,concrete,quality_manager,unlink,role-and-scope-specific,static,Source inventory only; requires model-specific runtime fixture,REVIEW_REQUIRED,addons/pm_qms_management_review/models/management_review_action.py,5
pm_qms_management_review,pm.qms.management.review.action,concrete,qms_administrator,read,role-and-scope-specific,static,Source inventory only; requires model-specific runtime fixture,REVIEW_REQUIRED,addons/pm_qms_management_review/models/management_review_action.py,5
pm_qms_management_review,pm.qms.management.review.action,concrete,qms_administrator,create,role-and-scope-specific,static,Source inventory only; requires model-specific runtime fixture,REVIEW_REQUIRED,addons/pm_qms_management_review/models/management_review_action.py,5
pm_qms_management_review,pm.qms.management.review.action,concrete,qms_administrator,write,role-and-scope-specific,static,Source inventory only; requires model-specific runtime fixture,REVIEW_REQUIRED,addons/pm_qms_management_review/models/management_review_action.py,5
pm_qms_management_review,pm.qms.management.review.action,concrete,qms_administrator,unlink,role-and-scope-specific,static,Source inventory only; requires model-specific runtime fixture,REVIEW_REQUIRED,addons/pm_qms_management_review/models/management_review_action.py,5
pm_qms_management_review,pm.qms.management.review.action,concrete,qms_licensing_administrator,read,role-and-scope-specific,static,Source inventory only; requires model-specific runtime fixture,REVIEW_REQUIRED,addons/pm_qms_management_review/models/management_review_action.py,5
pm_qms_management_review,pm.qms.management.review.action,concrete,qms_licensing_administrator,create,role-and-scope-specific,static,Source inventory only; requires model-specific runtime fixture,REVIEW_REQUIRED,addons/pm_qms_management_review/models/management_review_action.py,5
pm_qms_management_review,pm.qms.management.review.action,concrete,qms_licensing_administrator,write,role-and-scope-specific,static,Source inventory only; requires model-specific runtime fixture,REVIEW_REQUIRED,addons/pm_qms_management_review/models/management_review_action.py,5
pm_qms_management_review,pm.qms.management.review.action,concrete,qms_licensing_administrator,unlink,role-and-scope-specific,static,Source inventory only; requires model-specific runtime fixture,REVIEW_REQUIRED,addons/pm_qms_management_review/models/management_review_action.py,5
pm_qms_management_review,pm.qms.management.review.action,concrete,odoo_system_administrator,read,role-and-scope-specific,static,Source inventory only; requires model-specific runtime fixture,REVIEW_REQUIRED,addons/pm_qms_management_review/models/management_review_action.py,5
pm_qms_management_review,pm.qms.management.review.action,concrete,odoo_system_administrator,create,role-and-scope-specific,static,Source inventory only; requires model-specific runtime fixture,REVIEW_REQUIRED,addons/pm_qms_management_review/models/management_review_action.py,5
pm_qms_management_review,pm.qms.management.review.action,concrete,odoo_system_administrator,write,role-and-scope-specific,static,Source inventory only; requires model-specific runtime fixture,REVIEW_REQUIRED,addons/pm_qms_management_review/models/management_review_action.py,5
pm_qms_management_review,pm.qms.management.review.action,concrete,odoo_system_administrator,unlink,role-and-scope-specific,static,Source inventory only; requires model-specific runtime fixture,REVIEW_REQUIRED,addons/pm_qms_management_review/models/management_review_action.py,5
pm_qms_management_review,pm.qms.management.review.decision,concrete,public,read,deny,runtime,TestM27Security.test_public_and_portal_have_no_qms_model_or_side_channel_access,PASS,addons/pm_qms_management_review/models/management_review_decision.py,5
pm_qms_management_review,pm.qms.management.review.decision,concrete,public,create,deny,runtime,TestM27Security.test_public_and_portal_have_no_qms_model_or_side_channel_access,PASS,addons/pm_qms_management_review/models/management_review_decision.py,5
pm_qms_management_review,pm.qms.management.review.decision,concrete,public,write,deny,runtime,TestM27Security.test_public_and_portal_have_no_qms_model_or_side_channel_access,PASS,addons/pm_qms_management_review/models/management_review_decision.py,5
pm_qms_management_review,pm.qms.management.review.decision,concrete,public,unlink,deny,runtime,TestM27Security.test_public_and_portal_have_no_qms_model_or_side_channel_access,PASS,addons/pm_qms_management_review/models/management_review_decision.py,5
pm_qms_management_review,pm.qms.management.review.decision,concrete,portal,read,deny,runtime,TestM27Security.test_public_and_portal_have_no_qms_model_or_side_channel_access,PASS,addons/pm_qms_management_review/models/management_review_decision.py,5
pm_qms_management_review,pm.qms.management.review.decision,concrete,portal,create,deny,runtime,TestM27Security.test_public_and_portal_have_no_qms_model_or_side_channel_access,PASS,addons/pm_qms_management_review/models/management_review_decision.py,5
pm_qms_management_review,pm.qms.management.review.decision,concrete,portal,write,deny,runtime,TestM27Security.test_public_and_portal_have_no_qms_model_or_side_channel_access,PASS,addons/pm_qms_management_review/models/management_review_decision.py,5
pm_qms_management_review,pm.qms.management.review.decision,concrete,portal,unlink,deny,runtime,TestM27Security.test_public_and_portal_have_no_qms_model_or_side_channel_access,PASS,addons/pm_qms_management_review/models/management_review_decision.py,5
pm_qms_management_review,pm.qms.management.review.decision,concrete,qms_user,read,role-and-scope-specific,static,Source inventory only; requires model-specific runtime fixture,REVIEW_REQUIRED,addons/pm_qms_management_review/models/management_review_decision.py,5
pm_qms_management_review,pm.qms.management.review.decision,concrete,qms_user,create,role-and-scope-specific,static,Source inventory only; requires model-specific runtime fixture,REVIEW_REQUIRED,addons/pm_qms_management_review/models/management_review_decision.py,5
pm_qms_management_review,pm.qms.management.review.decision,concrete,qms_user,write,role-and-scope-specific,static,Source inventory only; requires model-specific runtime fixture,REVIEW_REQUIRED,addons/pm_qms_management_review/models/management_review_decision.py,5
pm_qms_management_review,pm.qms.management.review.decision,concrete,qms_user,unlink,role-and-scope-specific,static,Source inventory only; requires model-specific runtime fixture,REVIEW_REQUIRED,addons/pm_qms_management_review/models/management_review_decision.py,5
pm_qms_management_review,pm.qms.management.review.decision,concrete,qms_viewer,read,role-and-scope-specific,static,Source inventory only; requires model-specific runtime fixture,REVIEW_REQUIRED,addons/pm_qms_management_review/models/management_review_decision.py,5
pm_qms_management_review,pm.qms.management.review.decision,concrete,qms_viewer,create,role-and-scope-specific,static,Source inventory only; requires model-specific runtime fixture,REVIEW_REQUIRED,addons/pm_qms_management_review/models/management_review_decision.py,5
pm_qms_management_review,pm.qms.management.review.decision,concrete,qms_viewer,write,role-and-scope-specific,static,Source inventory only; requires model-specific runtime fixture,REVIEW_REQUIRED,addons/pm_qms_management_review/models/management_review_decision.py,5
pm_qms_management_review,pm.qms.management.review.decision,concrete,qms_viewer,unlink,role-and-scope-specific,static,Source inventory only; requires model-specific runtime fixture,REVIEW_REQUIRED,addons/pm_qms_management_review/models/management_review_decision.py,5
pm_qms_management_review,pm.qms.management.review.decision,concrete,quality_supervisor,read,role-and-scope-specific,static,Source inventory only; requires model-specific runtime fixture,REVIEW_REQUIRED,addons/pm_qms_management_review/models/management_review_decision.py,5
pm_qms_management_review,pm.qms.management.review.decision,concrete,quality_supervisor,create,role-and-scope-specific,static,Source inventory only; requires model-specific runtime fixture,REVIEW_REQUIRED,addons/pm_qms_management_review/models/management_review_decision.py,5
pm_qms_management_review,pm.qms.management.review.decision,concrete,quality_supervisor,write,role-and-scope-specific,static,Source inventory only; requires model-specific runtime fixture,REVIEW_REQUIRED,addons/pm_qms_management_review/models/management_review_decision.py,5
pm_qms_management_review,pm.qms.management.review.decision,concrete,quality_supervisor,unlink,role-and-scope-specific,static,Source inventory only; requires model-specific runtime fixture,REVIEW_REQUIRED,addons/pm_qms_management_review/models/management_review_decision.py,5
pm_qms_management_review,pm.qms.management.review.decision,concrete,quality_manager,read,role-and-scope-specific,static,Source inventory only; requires model-specific runtime fixture,REVIEW_REQUIRED,addons/pm_qms_management_review/models/management_review_decision.py,5
pm_qms_management_review,pm.qms.management.review.decision,concrete,quality_manager,create,role-and-scope-specific,static,Source inventory only; requires model-specific runtime fixture,REVIEW_REQUIRED,addons/pm_qms_management_review/models/management_review_decision.py,5
pm_qms_management_review,pm.qms.management.review.decision,concrete,quality_manager,write,role-and-scope-specific,static,Source inventory only; requires model-specific runtime fixture,REVIEW_REQUIRED,addons/pm_qms_management_review/models/management_review_decision.py,5
pm_qms_management_review,pm.qms.management.review.decision,concrete,quality_manager,unlink,role-and-scope-specific,static,Source inventory only; requires model-specific runtime fixture,REVIEW_REQUIRED,addons/pm_qms_management_review/models/management_review_decision.py,5
pm_qms_management_review,pm.qms.management.review.decision,concrete,qms_administrator,read,role-and-scope-specific,static,Source inventory only; requires model-specific runtime fixture,REVIEW_REQUIRED,addons/pm_qms_management_review/models/management_review_decision.py,5
pm_qms_management_review,pm.qms.management.review.decision,concrete,qms_administrator,create,role-and-scope-specific,static,Source inventory only; requires model-specific runtime fixture,REVIEW_REQUIRED,addons/pm_qms_management_review/models/management_review_decision.py,5
pm_qms_management_review,pm.qms.management.review.decision,concrete,qms_administrator,write,role-and-scope-specific,static,Source inventory only; requires model-specific runtime fixture,REVIEW_REQUIRED,addons/pm_qms_management_review/models/management_review_decision.py,5
pm_qms_management_review,pm.qms.management.review.decision,concrete,qms_administrator,unlink,role-and-scope-specific,static,Source inventory only; requires model-specific runtime fixture,REVIEW_REQUIRED,addons/pm_qms_management_review/models/management_review_decision.py,5
pm_qms_management_review,pm.qms.management.review.decision,concrete,qms_licensing_administrator,read,role-and-scope-specific,static,Source inventory only; requires model-specific runtime fixture,REVIEW_REQUIRED,addons/pm_qms_management_review/models/management_review_decision.py,5
pm_qms_management_review,pm.qms.management.review.decision,concrete,qms_licensing_administrator,create,role-and-scope-specific,static,Source inventory only; requires model-specific runtime fixture,REVIEW_REQUIRED,addons/pm_qms_management_review/models/management_review_decision.py,5
pm_qms_management_review,pm.qms.management.review.decision,concrete,qms_licensing_administrator,write,role-and-scope-specific,static,Source inventory only; requires model-specific runtime fixture,REVIEW_REQUIRED,addons/pm_qms_management_review/models/management_review_decision.py,5
pm_qms_management_review,pm.qms.management.review.decision,concrete,qms_licensing_administrator,unlink,role-and-scope-specific,static,Source inventory only; requires model-specific runtime fixture,REVIEW_REQUIRED,addons/pm_qms_management_review/models/management_review_decision.py,5
pm_qms_management_review,pm.qms.management.review.decision,concrete,odoo_system_administrator,read,role-and-scope-specific,static,Source inventory only; requires model-specific runtime fixture,REVIEW_REQUIRED,addons/pm_qms_management_review/models/management_review_decision.py,5
pm_qms_management_review,pm.qms.management.review.decision,concrete,odoo_system_administrator,create,role-and-scope-specific,static,Source inventory only; requires model-specific runtime fixture,REVIEW_REQUIRED,addons/pm_qms_management_review/models/management_review_decision.py,5
pm_qms_management_review,pm.qms.management.review.decision,concrete,odoo_system_administrator,write,role-and-scope-specific,static,Source inventory only; requires model-specific runtime fixture,REVIEW_REQUIRED,addons/pm_qms_management_review/models/management_review_decision.py,5
pm_qms_management_review,pm.qms.management.review.decision,concrete,odoo_system_administrator,unlink,role-and-scope-specific,static,Source inventory only; requires model-specific runtime fixture,REVIEW_REQUIRED,addons/pm_qms_management_review/models/management_review_decision.py,5
pm_qms_management_review,pm.qms.management.review.input,concrete,public,read,deny,runtime,TestM27Security.test_public_and_portal_have_no_qms_model_or_side_channel_access,PASS,addons/pm_qms_management_review/models/management_review_input.py,5
pm_qms_management_review,pm.qms.management.review.input,concrete,public,create,deny,runtime,TestM27Security.test_public_and_portal_have_no_qms_model_or_side_channel_access,PASS,addons/pm_qms_management_review/models/management_review_input.py,5
pm_qms_management_review,pm.qms.management.review.input,concrete,public,write,deny,runtime,TestM27Security.test_public_and_portal_have_no_qms_model_or_side_channel_access,PASS,addons/pm_qms_management_review/models/management_review_input.py,5
pm_qms_management_review,pm.qms.management.review.input,concrete,public,unlink,deny,runtime,TestM27Security.test_public_and_portal_have_no_qms_model_or_side_channel_access,PASS,addons/pm_qms_management_review/models/management_review_input.py,5
pm_qms_management_review,pm.qms.management.review.input,concrete,portal,read,deny,runtime,TestM27Security.test_public_and_portal_have_no_qms_model_or_side_channel_access,PASS,addons/pm_qms_management_review/models/management_review_input.py,5
pm_qms_management_review,pm.qms.management.review.input,concrete,portal,create,deny,runtime,TestM27Security.test_public_and_portal_have_no_qms_model_or_side_channel_access,PASS,addons/pm_qms_management_review/models/management_review_input.py,5
pm_qms_management_review,pm.qms.management.review.input,concrete,portal,write,deny,runtime,TestM27Security.test_public_and_portal_have_no_qms_model_or_side_channel_access,PASS,addons/pm_qms_management_review/models/management_review_input.py,5
pm_qms_management_review,pm.qms.management.review.input,concrete,portal,unlink,deny,runtime,TestM27Security.test_public_and_portal_have_no_qms_model_or_side_channel_access,PASS,addons/pm_qms_management_review/models/management_review_input.py,5
pm_qms_management_review,pm.qms.management.review.input,concrete,qms_user,read,role-and-scope-specific,static,Source inventory only; requires model-specific runtime fixture,REVIEW_REQUIRED,addons/pm_qms_management_review/models/management_review_input.py,5
pm_qms_management_review,pm.qms.management.review.input,concrete,qms_user,create,role-and-scope-specific,static,Source inventory only; requires model-specific runtime fixture,REVIEW_REQUIRED,addons/pm_qms_management_review/models/management_review_input.py,5
pm_qms_management_review,pm.qms.management.review.input,concrete,qms_user,write,role-and-scope-specific,static,Source inventory only; requires model-specific runtime fixture,REVIEW_REQUIRED,addons/pm_qms_management_review/models/management_review_input.py,5
pm_qms_management_review,pm.qms.management.review.input,concrete,qms_user,unlink,role-and-scope-specific,static,Source inventory only; requires model-specific runtime fixture,REVIEW_REQUIRED,addons/pm_qms_management_review/models/management_review_input.py,5
pm_qms_management_review,pm.qms.management.review.input,concrete,qms_viewer,read,role-and-scope-specific,static,Source inventory only; requires model-specific runtime fixture,REVIEW_REQUIRED,addons/pm_qms_management_review/models/management_review_input.py,5
pm_qms_management_review,pm.qms.management.review.input,concrete,qms_viewer,create,role-and-scope-specific,static,Source inventory only; requires model-specific runtime fixture,REVIEW_REQUIRED,addons/pm_qms_management_review/models/management_review_input.py,5
pm_qms_management_review,pm.qms.management.review.input,concrete,qms_viewer,write,role-and-scope-specific,static,Source inventory only; requires model-specific runtime fixture,REVIEW_REQUIRED,addons/pm_qms_management_review/models/management_review_input.py,5
pm_qms_management_review,pm.qms.management.review.input,concrete,qms_viewer,unlink,role-and-scope-specific,static,Source inventory only; requires model-specific runtime fixture,REVIEW_REQUIRED,addons/pm_qms_management_review/models/management_review_input.py,5
pm_qms_management_review,pm.qms.management.review.input,concrete,quality_supervisor,read,role-and-scope-specific,static,Source inventory only; requires model-specific runtime fixture,REVIEW_REQUIRED,addons/pm_qms_management_review/models/management_review_input.py,5
pm_qms_management_review,pm.qms.management.review.input,concrete,quality_supervisor,create,role-and-scope-specific,static,Source inventory only; requires model-specific runtime fixture,REVIEW_REQUIRED,addons/pm_qms_management_review/models/management_review_input.py,5
pm_qms_management_review,pm.qms.management.review.input,concrete,quality_supervisor,write,role-and-scope-specific,static,Source inventory only; requires model-specific runtime fixture,REVIEW_REQUIRED,addons/pm_qms_management_review/models/management_review_input.py,5
pm_qms_management_review,pm.qms.management.review.input,concrete,quality_supervisor,unlink,role-and-scope-specific,static,Source inventory only; requires model-specific runtime fixture,REVIEW_REQUIRED,addons/pm_qms_management_review/models/management_review_input.py,5
pm_qms_management_review,pm.qms.management.review.input,concrete,quality_manager,read,role-and-scope-specific,static,Source inventory only; requires model-specific runtime fixture,REVIEW_REQUIRED,addons/pm_qms_management_review/models/management_review_input.py,5
pm_qms_management_review,pm.qms.management.review.input,concrete,quality_manager,create,role-and-scope-specific,static,Source inventory only; requires model-specific runtime fixture,REVIEW_REQUIRED,addons/pm_qms_management_review/models/management_review_input.py,5
pm_qms_management_review,pm.qms.management.review.input,concrete,quality_manager,write,role-and-scope-specific,static,Source inventory only; requires model-specific runtime fixture,REVIEW_REQUIRED,addons/pm_qms_management_review/models/management_review_input.py,5
pm_qms_management_review,pm.qms.management.review.input,concrete,quality_manager,unlink,role-and-scope-specific,static,Source inventory only; requires model-specific runtime fixture,REVIEW_REQUIRED,addons/pm_qms_management_review/models/management_review_input.py,5
pm_qms_management_review,pm.qms.management.review.input,concrete,qms_administrator,read,role-and-scope-specific,static,Source inventory only; requires model-specific runtime fixture,REVIEW_REQUIRED,addons/pm_qms_management_review/models/management_review_input.py,5
pm_qms_management_review,pm.qms.management.review.input,concrete,qms_administrator,create,role-and-scope-specific,static,Source inventory only; requires model-specific runtime fixture,REVIEW_REQUIRED,addons/pm_qms_management_review/models/management_review_input.py,5
pm_qms_management_review,pm.qms.management.review.input,concrete,qms_administrator,write,role-and-scope-specific,static,Source inventory only; requires model-specific runtime fixture,REVIEW_REQUIRED,addons/pm_qms_management_review/models/management_review_input.py,5
pm_qms_management_review,pm.qms.management.review.input,concrete,qms_administrator,unlink,role-and-scope-specific,static,Source inventory only; requires model-specific runtime fixture,REVIEW_REQUIRED,addons/pm_qms_management_review/models/management_review_input.py,5
pm_qms_management_review,pm.qms.management.review.input,concrete,qms_licensing_administrator,read,role-and-scope-specific,static,Source inventory only; requires model-specific runtime fixture,REVIEW_REQUIRED,addons/pm_qms_management_review/models/management_review_input.py,5
pm_qms_management_review,pm.qms.management.review.input,concrete,qms_licensing_administrator,create,role-and-scope-specific,static,Source inventory only; requires model-specific runtime fixture,REVIEW_REQUIRED,addons/pm_qms_management_review/models/management_review_input.py,5
pm_qms_management_review,pm.qms.management.review.input,concrete,qms_licensing_administrator,write,role-and-scope-specific,static,Source inventory only; requires model-specific runtime fixture,REVIEW_REQUIRED,addons/pm_qms_management_review/models/management_review_input.py,5
pm_qms_management_review,pm.qms.management.review.input,concrete,qms_licensing_administrator,unlink,role-and-scope-specific,static,Source inventory only; requires model-specific runtime fixture,REVIEW_REQUIRED,addons/pm_qms_management_review/models/management_review_input.py,5
pm_qms_management_review,pm.qms.management.review.input,concrete,odoo_system_administrator,read,role-and-scope-specific,static,Source inventory only; requires model-specific runtime fixture,REVIEW_REQUIRED,addons/pm_qms_management_review/models/management_review_input.py,5
pm_qms_management_review,pm.qms.management.review.input,concrete,odoo_system_administrator,create,role-and-scope-specific,static,Source inventory only; requires model-specific runtime fixture,REVIEW_REQUIRED,addons/pm_qms_management_review/models/management_review_input.py,5
pm_qms_management_review,pm.qms.management.review.input,concrete,odoo_system_administrator,write,role-and-scope-specific,static,Source inventory only; requires model-specific runtime fixture,REVIEW_REQUIRED,addons/pm_qms_management_review/models/management_review_input.py,5
pm_qms_management_review,pm.qms.management.review.input,concrete,odoo_system_administrator,unlink,role-and-scope-specific,static,Source inventory only; requires model-specific runtime fixture,REVIEW_REQUIRED,addons/pm_qms_management_review/models/management_review_input.py,5
pm_qms_pack_quality,pm.qms.mapping.import.wizard,transient,public,read,deny,runtime,TestM27Security.test_public_and_portal_have_no_qms_model_or_side_channel_access,PASS,addons/pm_qms_pack_quality/wizard/mapping_import_wizard.py,11
pm_qms_pack_quality,pm.qms.mapping.import.wizard,transient,public,create,deny,runtime,TestM27Security.test_public_and_portal_have_no_qms_model_or_side_channel_access,PASS,addons/pm_qms_pack_quality/wizard/mapping_import_wizard.py,11
pm_qms_pack_quality,pm.qms.mapping.import.wizard,transient,public,write,deny,runtime,TestM27Security.test_public_and_portal_have_no_qms_model_or_side_channel_access,PASS,addons/pm_qms_pack_quality/wizard/mapping_import_wizard.py,11
pm_qms_pack_quality,pm.qms.mapping.import.wizard,transient,public,unlink,deny,runtime,TestM27Security.test_public_and_portal_have_no_qms_model_or_side_channel_access,PASS,addons/pm_qms_pack_quality/wizard/mapping_import_wizard.py,11
pm_qms_pack_quality,pm.qms.mapping.import.wizard,transient,portal,read,deny,runtime,TestM27Security.test_public_and_portal_have_no_qms_model_or_side_channel_access,PASS,addons/pm_qms_pack_quality/wizard/mapping_import_wizard.py,11
pm_qms_pack_quality,pm.qms.mapping.import.wizard,transient,portal,create,deny,runtime,TestM27Security.test_public_and_portal_have_no_qms_model_or_side_channel_access,PASS,addons/pm_qms_pack_quality/wizard/mapping_import_wizard.py,11
pm_qms_pack_quality,pm.qms.mapping.import.wizard,transient,portal,write,deny,runtime,TestM27Security.test_public_and_portal_have_no_qms_model_or_side_channel_access,PASS,addons/pm_qms_pack_quality/wizard/mapping_import_wizard.py,11
pm_qms_pack_quality,pm.qms.mapping.import.wizard,transient,portal,unlink,deny,runtime,TestM27Security.test_public_and_portal_have_no_qms_model_or_side_channel_access,PASS,addons/pm_qms_pack_quality/wizard/mapping_import_wizard.py,11
pm_qms_pack_quality,pm.qms.mapping.import.wizard,transient,qms_user,read,role-and-scope-specific,static,Source inventory only; requires model-specific runtime fixture,REVIEW_REQUIRED,addons/pm_qms_pack_quality/wizard/mapping_import_wizard.py,11
pm_qms_pack_quality,pm.qms.mapping.import.wizard,transient,qms_user,create,role-and-scope-specific,static,Source inventory only; requires model-specific runtime fixture,REVIEW_REQUIRED,addons/pm_qms_pack_quality/wizard/mapping_import_wizard.py,11
pm_qms_pack_quality,pm.qms.mapping.import.wizard,transient,qms_user,write,role-and-scope-specific,static,Source inventory only; requires model-specific runtime fixture,REVIEW_REQUIRED,addons/pm_qms_pack_quality/wizard/mapping_import_wizard.py,11
pm_qms_pack_quality,pm.qms.mapping.import.wizard,transient,qms_user,unlink,role-and-scope-specific,static,Source inventory only; requires model-specific runtime fixture,REVIEW_REQUIRED,addons/pm_qms_pack_quality/wizard/mapping_import_wizard.py,11
pm_qms_pack_quality,pm.qms.mapping.import.wizard,transient,qms_viewer,read,role-and-scope-specific,static,Source inventory only; requires model-specific runtime fixture,REVIEW_REQUIRED,addons/pm_qms_pack_quality/wizard/mapping_import_wizard.py,11
pm_qms_pack_quality,pm.qms.mapping.import.wizard,transient,qms_viewer,create,role-and-scope-specific,static,Source inventory only; requires model-specific runtime fixture,REVIEW_REQUIRED,addons/pm_qms_pack_quality/wizard/mapping_import_wizard.py,11
pm_qms_pack_quality,pm.qms.mapping.import.wizard,transient,qms_viewer,write,role-and-scope-specific,static,Source inventory only; requires model-specific runtime fixture,REVIEW_REQUIRED,addons/pm_qms_pack_quality/wizard/mapping_import_wizard.py,11
pm_qms_pack_quality,pm.qms.mapping.import.wizard,transient,qms_viewer,unlink,role-and-scope-specific,static,Source inventory only; requires model-specific runtime fixture,REVIEW_REQUIRED,addons/pm_qms_pack_quality/wizard/mapping_import_wizard.py,11
pm_qms_pack_quality,pm.qms.mapping.import.wizard,transient,quality_supervisor,read,role-and-scope-specific,static,Source inventory only; requires model-specific runtime fixture,REVIEW_REQUIRED,addons/pm_qms_pack_quality/wizard/mapping_import_wizard.py,11
pm_qms_pack_quality,pm.qms.mapping.import.wizard,transient,quality_supervisor,create,role-and-scope-specific,static,Source inventory only; requires model-specific runtime fixture,REVIEW_REQUIRED,addons/pm_qms_pack_quality/wizard/mapping_import_wizard.py,11
pm_qms_pack_quality,pm.qms.mapping.import.wizard,transient,quality_supervisor,write,role-and-scope-specific,static,Source inventory only; requires model-specific runtime fixture,REVIEW_REQUIRED,addons/pm_qms_pack_quality/wizard/mapping_import_wizard.py,11
pm_qms_pack_quality,pm.qms.mapping.import.wizard,transient,quality_supervisor,unlink,role-and-scope-specific,static,Source inventory only; requires model-specific runtime fixture,REVIEW_REQUIRED,addons/pm_qms_pack_quality/wizard/mapping_import_wizard.py,11
pm_qms_pack_quality,pm.qms.mapping.import.wizard,transient,quality_manager,read,role-and-scope-specific,static,Source inventory only; requires model-specific runtime fixture,REVIEW_REQUIRED,addons/pm_qms_pack_quality/wizard/mapping_import_wizard.py,11
pm_qms_pack_quality,pm.qms.mapping.import.wizard,transient,quality_manager,create,role-and-scope-specific,static,Source inventory only; requires model-specific runtime fixture,REVIEW_REQUIRED,addons/pm_qms_pack_quality/wizard/mapping_import_wizard.py,11
pm_qms_pack_quality,pm.qms.mapping.import.wizard,transient,quality_manager,write,role-and-scope-specific,static,Source inventory only; requires model-specific runtime fixture,REVIEW_REQUIRED,addons/pm_qms_pack_quality/wizard/mapping_import_wizard.py,11
pm_qms_pack_quality,pm.qms.mapping.import.wizard,transient,quality_manager,unlink,role-and-scope-specific,static,Source inventory only; requires model-specific runtime fixture,REVIEW_REQUIRED,addons/pm_qms_pack_quality/wizard/mapping_import_wizard.py,11
pm_qms_pack_quality,pm.qms.mapping.import.wizard,transient,qms_administrator,read,role-and-scope-specific,static,Source inventory only; requires model-specific runtime fixture,REVIEW_REQUIRED,addons/pm_qms_pack_quality/wizard/mapping_import_wizard.py,11
pm_qms_pack_quality,pm.qms.mapping.import.wizard,transient,qms_administrator,create,role-and-scope-specific,static,Source inventory only; requires model-specific runtime fixture,REVIEW_REQUIRED,addons/pm_qms_pack_quality/wizard/mapping_import_wizard.py,11
pm_qms_pack_quality,pm.qms.mapping.import.wizard,transient,qms_administrator,write,role-and-scope-specific,static,Source inventory only; requires model-specific runtime fixture,REVIEW_REQUIRED,addons/pm_qms_pack_quality/wizard/mapping_import_wizard.py,11
pm_qms_pack_quality,pm.qms.mapping.import.wizard,transient,qms_administrator,unlink,role-and-scope-specific,static,Source inventory only; requires model-specific runtime fixture,REVIEW_REQUIRED,addons/pm_qms_pack_quality/wizard/mapping_import_wizard.py,11
pm_qms_pack_quality,pm.qms.mapping.import.wizard,transient,qms_licensing_administrator,read,role-and-scope-specific,static,Source inventory only; requires model-specific runtime fixture,REVIEW_REQUIRED,addons/pm_qms_pack_quality/wizard/mapping_import_wizard.py,11
pm_qms_pack_quality,pm.qms.mapping.import.wizard,transient,qms_licensing_administrator,create,role-and-scope-specific,static,Source inventory only; requires model-specific runtime fixture,REVIEW_REQUIRED,addons/pm_qms_pack_quality/wizard/mapping_import_wizard.py,11
pm_qms_pack_quality,pm.qms.mapping.import.wizard,transient,qms_licensing_administrator,write,role-and-scope-specific,static,Source inventory only; requires model-specific runtime fixture,REVIEW_REQUIRED,addons/pm_qms_pack_quality/wizard/mapping_import_wizard.py,11
pm_qms_pack_quality,pm.qms.mapping.import.wizard,transient,qms_licensing_administrator,unlink,role-and-scope-specific,static,Source inventory only; requires model-specific runtime fixture,REVIEW_REQUIRED,addons/pm_qms_pack_quality/wizard/mapping_import_wizard.py,11
pm_qms_pack_quality,pm.qms.mapping.import.wizard,transient,odoo_system_administrator,read,role-and-scope-specific,static,Source inventory only; requires model-specific runtime fixture,REVIEW_REQUIRED,addons/pm_qms_pack_quality/wizard/mapping_import_wizard.py,11
pm_qms_pack_quality,pm.qms.mapping.import.wizard,transient,odoo_system_administrator,create,role-and-scope-specific,static,Source inventory only; requires model-specific runtime fixture,REVIEW_REQUIRED,addons/pm_qms_pack_quality/wizard/mapping_import_wizard.py,11
pm_qms_pack_quality,pm.qms.mapping.import.wizard,transient,odoo_system_administrator,write,role-and-scope-specific,static,Source inventory only; requires model-specific runtime fixture,REVIEW_REQUIRED,addons/pm_qms_pack_quality/wizard/mapping_import_wizard.py,11
pm_qms_pack_quality,pm.qms.mapping.import.wizard,transient,odoo_system_administrator,unlink,role-and-scope-specific,static,Source inventory only; requires model-specific runtime fixture,REVIEW_REQUIRED,addons/pm_qms_pack_quality/wizard/mapping_import_wizard.py,11
pm_qms_pack_quality,pm.qms.mapping.profile,concrete,public,read,deny,runtime,TestM27Security.test_public_and_portal_have_no_qms_model_or_side_channel_access,PASS,addons/pm_qms_pack_quality/models/mapping_profile.py,5
pm_qms_pack_quality,pm.qms.mapping.profile,concrete,public,create,deny,runtime,TestM27Security.test_public_and_portal_have_no_qms_model_or_side_channel_access,PASS,addons/pm_qms_pack_quality/models/mapping_profile.py,5
pm_qms_pack_quality,pm.qms.mapping.profile,concrete,public,write,deny,runtime,TestM27Security.test_public_and_portal_have_no_qms_model_or_side_channel_access,PASS,addons/pm_qms_pack_quality/models/mapping_profile.py,5
pm_qms_pack_quality,pm.qms.mapping.profile,concrete,public,unlink,deny,runtime,TestM27Security.test_public_and_portal_have_no_qms_model_or_side_channel_access,PASS,addons/pm_qms_pack_quality/models/mapping_profile.py,5
pm_qms_pack_quality,pm.qms.mapping.profile,concrete,portal,read,deny,runtime,TestM27Security.test_public_and_portal_have_no_qms_model_or_side_channel_access,PASS,addons/pm_qms_pack_quality/models/mapping_profile.py,5
pm_qms_pack_quality,pm.qms.mapping.profile,concrete,portal,create,deny,runtime,TestM27Security.test_public_and_portal_have_no_qms_model_or_side_channel_access,PASS,addons/pm_qms_pack_quality/models/mapping_profile.py,5
pm_qms_pack_quality,pm.qms.mapping.profile,concrete,portal,write,deny,runtime,TestM27Security.test_public_and_portal_have_no_qms_model_or_side_channel_access,PASS,addons/pm_qms_pack_quality/models/mapping_profile.py,5
pm_qms_pack_quality,pm.qms.mapping.profile,concrete,portal,unlink,deny,runtime,TestM27Security.test_public_and_portal_have_no_qms_model_or_side_channel_access,PASS,addons/pm_qms_pack_quality/models/mapping_profile.py,5
pm_qms_pack_quality,pm.qms.mapping.profile,concrete,qms_user,read,role-and-scope-specific,static,Source inventory only; requires model-specific runtime fixture,REVIEW_REQUIRED,addons/pm_qms_pack_quality/models/mapping_profile.py,5
pm_qms_pack_quality,pm.qms.mapping.profile,concrete,qms_user,create,role-and-scope-specific,static,Source inventory only; requires model-specific runtime fixture,REVIEW_REQUIRED,addons/pm_qms_pack_quality/models/mapping_profile.py,5
pm_qms_pack_quality,pm.qms.mapping.profile,concrete,qms_user,write,role-and-scope-specific,static,Source inventory only; requires model-specific runtime fixture,REVIEW_REQUIRED,addons/pm_qms_pack_quality/models/mapping_profile.py,5
pm_qms_pack_quality,pm.qms.mapping.profile,concrete,qms_user,unlink,role-and-scope-specific,static,Source inventory only; requires model-specific runtime fixture,REVIEW_REQUIRED,addons/pm_qms_pack_quality/models/mapping_profile.py,5
pm_qms_pack_quality,pm.qms.mapping.profile,concrete,qms_viewer,read,role-and-scope-specific,static,Source inventory only; requires model-specific runtime fixture,REVIEW_REQUIRED,addons/pm_qms_pack_quality/models/mapping_profile.py,5
pm_qms_pack_quality,pm.qms.mapping.profile,concrete,qms_viewer,create,role-and-scope-specific,static,Source inventory only; requires model-specific runtime fixture,REVIEW_REQUIRED,addons/pm_qms_pack_quality/models/mapping_profile.py,5
pm_qms_pack_quality,pm.qms.mapping.profile,concrete,qms_viewer,write,role-and-scope-specific,static,Source inventory only; requires model-specific runtime fixture,REVIEW_REQUIRED,addons/pm_qms_pack_quality/models/mapping_profile.py,5
pm_qms_pack_quality,pm.qms.mapping.profile,concrete,qms_viewer,unlink,role-and-scope-specific,static,Source inventory only; requires model-specific runtime fixture,REVIEW_REQUIRED,addons/pm_qms_pack_quality/models/mapping_profile.py,5
pm_qms_pack_quality,pm.qms.mapping.profile,concrete,quality_supervisor,read,role-and-scope-specific,static,Source inventory only; requires model-specific runtime fixture,REVIEW_REQUIRED,addons/pm_qms_pack_quality/models/mapping_profile.py,5
pm_qms_pack_quality,pm.qms.mapping.profile,concrete,quality_supervisor,create,role-and-scope-specific,static,Source inventory only; requires model-specific runtime fixture,REVIEW_REQUIRED,addons/pm_qms_pack_quality/models/mapping_profile.py,5
pm_qms_pack_quality,pm.qms.mapping.profile,concrete,quality_supervisor,write,role-and-scope-specific,static,Source inventory only; requires model-specific runtime fixture,REVIEW_REQUIRED,addons/pm_qms_pack_quality/models/mapping_profile.py,5
pm_qms_pack_quality,pm.qms.mapping.profile,concrete,quality_supervisor,unlink,role-and-scope-specific,static,Source inventory only; requires model-specific runtime fixture,REVIEW_REQUIRED,addons/pm_qms_pack_quality/models/mapping_profile.py,5
pm_qms_pack_quality,pm.qms.mapping.profile,concrete,quality_manager,read,role-and-scope-specific,static,Source inventory only; requires model-specific runtime fixture,REVIEW_REQUIRED,addons/pm_qms_pack_quality/models/mapping_profile.py,5
pm_qms_pack_quality,pm.qms.mapping.profile,concrete,quality_manager,create,role-and-scope-specific,static,Source inventory only; requires model-specific runtime fixture,REVIEW_REQUIRED,addons/pm_qms_pack_quality/models/mapping_profile.py,5
pm_qms_pack_quality,pm.qms.mapping.profile,concrete,quality_manager,write,role-and-scope-specific,static,Source inventory only; requires model-specific runtime fixture,REVIEW_REQUIRED,addons/pm_qms_pack_quality/models/mapping_profile.py,5
pm_qms_pack_quality,pm.qms.mapping.profile,concrete,quality_manager,unlink,role-and-scope-specific,static,Source inventory only; requires model-specific runtime fixture,REVIEW_REQUIRED,addons/pm_qms_pack_quality/models/mapping_profile.py,5
pm_qms_pack_quality,pm.qms.mapping.profile,concrete,qms_administrator,read,role-and-scope-specific,static,Source inventory only; requires model-specific runtime fixture,REVIEW_REQUIRED,addons/pm_qms_pack_quality/models/mapping_profile.py,5
pm_qms_pack_quality,pm.qms.mapping.profile,concrete,qms_administrator,create,role-and-scope-specific,static,Source inventory only; requires model-specific runtime fixture,REVIEW_REQUIRED,addons/pm_qms_pack_quality/models/mapping_profile.py,5
pm_qms_pack_quality,pm.qms.mapping.profile,concrete,qms_administrator,write,role-and-scope-specific,static,Source inventory only; requires model-specific runtime fixture,REVIEW_REQUIRED,addons/pm_qms_pack_quality/models/mapping_profile.py,5
pm_qms_pack_quality,pm.qms.mapping.profile,concrete,qms_administrator,unlink,role-and-scope-specific,static,Source inventory only; requires model-specific runtime fixture,REVIEW_REQUIRED,addons/pm_qms_pack_quality/models/mapping_profile.py,5
pm_qms_pack_quality,pm.qms.mapping.profile,concrete,qms_licensing_administrator,read,role-and-scope-specific,static,Source inventory only; requires model-specific runtime fixture,REVIEW_REQUIRED,addons/pm_qms_pack_quality/models/mapping_profile.py,5
pm_qms_pack_quality,pm.qms.mapping.profile,concrete,qms_licensing_administrator,create,role-and-scope-specific,static,Source inventory only; requires model-specific runtime fixture,REVIEW_REQUIRED,addons/pm_qms_pack_quality/models/mapping_profile.py,5
pm_qms_pack_quality,pm.qms.mapping.profile,concrete,qms_licensing_administrator,write,role-and-scope-specific,static,Source inventory only; requires model-specific runtime fixture,REVIEW_REQUIRED,addons/pm_qms_pack_quality/models/mapping_profile.py,5
pm_qms_pack_quality,pm.qms.mapping.profile,concrete,qms_licensing_administrator,unlink,role-and-scope-specific,static,Source inventory only; requires model-specific runtime fixture,REVIEW_REQUIRED,addons/pm_qms_pack_quality/models/mapping_profile.py,5
pm_qms_pack_quality,pm.qms.mapping.profile,concrete,odoo_system_administrator,read,role-and-scope-specific,static,Source inventory only; requires model-specific runtime fixture,REVIEW_REQUIRED,addons/pm_qms_pack_quality/models/mapping_profile.py,5
pm_qms_pack_quality,pm.qms.mapping.profile,concrete,odoo_system_administrator,create,role-and-scope-specific,static,Source inventory only; requires model-specific runtime fixture,REVIEW_REQUIRED,addons/pm_qms_pack_quality/models/mapping_profile.py,5
pm_qms_pack_quality,pm.qms.mapping.profile,concrete,odoo_system_administrator,write,role-and-scope-specific,static,Source inventory only; requires model-specific runtime fixture,REVIEW_REQUIRED,addons/pm_qms_pack_quality/models/mapping_profile.py,5
pm_qms_pack_quality,pm.qms.mapping.profile,concrete,odoo_system_administrator,unlink,role-and-scope-specific,static,Source inventory only; requires model-specific runtime fixture,REVIEW_REQUIRED,addons/pm_qms_pack_quality/models/mapping_profile.py,5
pm_qms_ncr,pm.qms.nonconformity,concrete,public,read,deny,runtime,TestM27Security.test_public_and_portal_have_no_qms_model_or_side_channel_access,PASS,addons/pm_qms_ncr/models/nonconformity.py,5
pm_qms_ncr,pm.qms.nonconformity,concrete,public,create,deny,runtime,TestM27Security.test_public_and_portal_have_no_qms_model_or_side_channel_access,PASS,addons/pm_qms_ncr/models/nonconformity.py,5
pm_qms_ncr,pm.qms.nonconformity,concrete,public,write,deny,runtime,TestM27Security.test_public_and_portal_have_no_qms_model_or_side_channel_access,PASS,addons/pm_qms_ncr/models/nonconformity.py,5
pm_qms_ncr,pm.qms.nonconformity,concrete,public,unlink,deny,runtime,TestM27Security.test_public_and_portal_have_no_qms_model_or_side_channel_access,PASS,addons/pm_qms_ncr/models/nonconformity.py,5
pm_qms_ncr,pm.qms.nonconformity,concrete,portal,read,deny,runtime,TestM27Security.test_public_and_portal_have_no_qms_model_or_side_channel_access,PASS,addons/pm_qms_ncr/models/nonconformity.py,5
pm_qms_ncr,pm.qms.nonconformity,concrete,portal,create,deny,runtime,TestM27Security.test_public_and_portal_have_no_qms_model_or_side_channel_access,PASS,addons/pm_qms_ncr/models/nonconformity.py,5
pm_qms_ncr,pm.qms.nonconformity,concrete,portal,write,deny,runtime,TestM27Security.test_public_and_portal_have_no_qms_model_or_side_channel_access,PASS,addons/pm_qms_ncr/models/nonconformity.py,5
pm_qms_ncr,pm.qms.nonconformity,concrete,portal,unlink,deny,runtime,TestM27Security.test_public_and_portal_have_no_qms_model_or_side_channel_access,PASS,addons/pm_qms_ncr/models/nonconformity.py,5
pm_qms_ncr,pm.qms.nonconformity,concrete,qms_user,read,role-and-scope-specific,static,Source inventory only; requires model-specific runtime fixture,REVIEW_REQUIRED,addons/pm_qms_ncr/models/nonconformity.py,5
pm_qms_ncr,pm.qms.nonconformity,concrete,qms_user,create,role-and-scope-specific,static,Source inventory only; requires model-specific runtime fixture,REVIEW_REQUIRED,addons/pm_qms_ncr/models/nonconformity.py,5
pm_qms_ncr,pm.qms.nonconformity,concrete,qms_user,write,role-and-scope-specific,static,Source inventory only; requires model-specific runtime fixture,REVIEW_REQUIRED,addons/pm_qms_ncr/models/nonconformity.py,5
pm_qms_ncr,pm.qms.nonconformity,concrete,qms_user,unlink,role-and-scope-specific,static,Source inventory only; requires model-specific runtime fixture,REVIEW_REQUIRED,addons/pm_qms_ncr/models/nonconformity.py,5
pm_qms_ncr,pm.qms.nonconformity,concrete,qms_viewer,read,role-and-scope-specific,static,Source inventory only; requires model-specific runtime fixture,REVIEW_REQUIRED,addons/pm_qms_ncr/models/nonconformity.py,5
pm_qms_ncr,pm.qms.nonconformity,concrete,qms_viewer,create,role-and-scope-specific,static,Source inventory only; requires model-specific runtime fixture,REVIEW_REQUIRED,addons/pm_qms_ncr/models/nonconformity.py,5
pm_qms_ncr,pm.qms.nonconformity,concrete,qms_viewer,write,role-and-scope-specific,static,Source inventory only; requires model-specific runtime fixture,REVIEW_REQUIRED,addons/pm_qms_ncr/models/nonconformity.py,5
pm_qms_ncr,pm.qms.nonconformity,concrete,qms_viewer,unlink,role-and-scope-specific,static,Source inventory only; requires model-specific runtime fixture,REVIEW_REQUIRED,addons/pm_qms_ncr/models/nonconformity.py,5
pm_qms_ncr,pm.qms.nonconformity,concrete,quality_supervisor,read,role-and-scope-specific,static,Source inventory only; requires model-specific runtime fixture,REVIEW_REQUIRED,addons/pm_qms_ncr/models/nonconformity.py,5
pm_qms_ncr,pm.qms.nonconformity,concrete,quality_supervisor,create,role-and-scope-specific,static,Source inventory only; requires model-specific runtime fixture,REVIEW_REQUIRED,addons/pm_qms_ncr/models/nonconformity.py,5
pm_qms_ncr,pm.qms.nonconformity,concrete,quality_supervisor,write,role-and-scope-specific,static,Source inventory only; requires model-specific runtime fixture,REVIEW_REQUIRED,addons/pm_qms_ncr/models/nonconformity.py,5
pm_qms_ncr,pm.qms.nonconformity,concrete,quality_supervisor,unlink,role-and-scope-specific,static,Source inventory only; requires model-specific runtime fixture,REVIEW_REQUIRED,addons/pm_qms_ncr/models/nonconformity.py,5
pm_qms_ncr,pm.qms.nonconformity,concrete,quality_manager,read,role-and-scope-specific,static,Source inventory only; requires model-specific runtime fixture,REVIEW_REQUIRED,addons/pm_qms_ncr/models/nonconformity.py,5
pm_qms_ncr,pm.qms.nonconformity,concrete,quality_manager,create,role-and-scope-specific,static,Source inventory only; requires model-specific runtime fixture,REVIEW_REQUIRED,addons/pm_qms_ncr/models/nonconformity.py,5
pm_qms_ncr,pm.qms.nonconformity,concrete,quality_manager,write,role-and-scope-specific,static,Source inventory only; requires model-specific runtime fixture,REVIEW_REQUIRED,addons/pm_qms_ncr/models/nonconformity.py,5
pm_qms_ncr,pm.qms.nonconformity,concrete,quality_manager,unlink,role-and-scope-specific,static,Source inventory only; requires model-specific runtime fixture,REVIEW_REQUIRED,addons/pm_qms_ncr/models/nonconformity.py,5
pm_qms_ncr,pm.qms.nonconformity,concrete,qms_administrator,read,role-and-scope-specific,static,Source inventory only; requires model-specific runtime fixture,REVIEW_REQUIRED,addons/pm_qms_ncr/models/nonconformity.py,5
pm_qms_ncr,pm.qms.nonconformity,concrete,qms_administrator,create,role-and-scope-specific,static,Source inventory only; requires model-specific runtime fixture,REVIEW_REQUIRED,addons/pm_qms_ncr/models/nonconformity.py,5
pm_qms_ncr,pm.qms.nonconformity,concrete,qms_administrator,write,role-and-scope-specific,static,Source inventory only; requires model-specific runtime fixture,REVIEW_REQUIRED,addons/pm_qms_ncr/models/nonconformity.py,5
pm_qms_ncr,pm.qms.nonconformity,concrete,qms_administrator,unlink,role-and-scope-specific,static,Source inventory only; requires model-specific runtime fixture,REVIEW_REQUIRED,addons/pm_qms_ncr/models/nonconformity.py,5
pm_qms_ncr,pm.qms.nonconformity,concrete,qms_licensing_administrator,read,role-and-scope-specific,static,Source inventory only; requires model-specific runtime fixture,REVIEW_REQUIRED,addons/pm_qms_ncr/models/nonconformity.py,5
pm_qms_ncr,pm.qms.nonconformity,concrete,qms_licensing_administrator,create,role-and-scope-specific,static,Source inventory only; requires model-specific runtime fixture,REVIEW_REQUIRED,addons/pm_qms_ncr/models/nonconformity.py,5
pm_qms_ncr,pm.qms.nonconformity,concrete,qms_licensing_administrator,write,role-and-scope-specific,static,Source inventory only; requires model-specific runtime fixture,REVIEW_REQUIRED,addons/pm_qms_ncr/models/nonconformity.py,5
pm_qms_ncr,pm.qms.nonconformity,concrete,qms_licensing_administrator,unlink,role-and-scope-specific,static,Source inventory only; requires model-specific runtime fixture,REVIEW_REQUIRED,addons/pm_qms_ncr/models/nonconformity.py,5
pm_qms_ncr,pm.qms.nonconformity,concrete,odoo_system_administrator,read,role-and-scope-specific,static,Source inventory only; requires model-specific runtime fixture,REVIEW_REQUIRED,addons/pm_qms_ncr/models/nonconformity.py,5
pm_qms_ncr,pm.qms.nonconformity,concrete,odoo_system_administrator,create,role-and-scope-specific,static,Source inventory only; requires model-specific runtime fixture,REVIEW_REQUIRED,addons/pm_qms_ncr/models/nonconformity.py,5
pm_qms_ncr,pm.qms.nonconformity,concrete,odoo_system_administrator,write,role-and-scope-specific,static,Source inventory only; requires model-specific runtime fixture,REVIEW_REQUIRED,addons/pm_qms_ncr/models/nonconformity.py,5
pm_qms_ncr,pm.qms.nonconformity,concrete,odoo_system_administrator,unlink,role-and-scope-specific,static,Source inventory only; requires model-specific runtime fixture,REVIEW_REQUIRED,addons/pm_qms_ncr/models/nonconformity.py,5
pm_qms_kpi,pm.qms.objective,concrete,public,read,deny,runtime,TestM27Security.test_public_and_portal_have_no_qms_model_or_side_channel_access,PASS,addons/pm_qms_kpi/models/objective.py,5
pm_qms_kpi,pm.qms.objective,concrete,public,create,deny,runtime,TestM27Security.test_public_and_portal_have_no_qms_model_or_side_channel_access,PASS,addons/pm_qms_kpi/models/objective.py,5
pm_qms_kpi,pm.qms.objective,concrete,public,write,deny,runtime,TestM27Security.test_public_and_portal_have_no_qms_model_or_side_channel_access,PASS,addons/pm_qms_kpi/models/objective.py,5
pm_qms_kpi,pm.qms.objective,concrete,public,unlink,deny,runtime,TestM27Security.test_public_and_portal_have_no_qms_model_or_side_channel_access,PASS,addons/pm_qms_kpi/models/objective.py,5
pm_qms_kpi,pm.qms.objective,concrete,portal,read,deny,runtime,TestM27Security.test_public_and_portal_have_no_qms_model_or_side_channel_access,PASS,addons/pm_qms_kpi/models/objective.py,5
pm_qms_kpi,pm.qms.objective,concrete,portal,create,deny,runtime,TestM27Security.test_public_and_portal_have_no_qms_model_or_side_channel_access,PASS,addons/pm_qms_kpi/models/objective.py,5
pm_qms_kpi,pm.qms.objective,concrete,portal,write,deny,runtime,TestM27Security.test_public_and_portal_have_no_qms_model_or_side_channel_access,PASS,addons/pm_qms_kpi/models/objective.py,5
pm_qms_kpi,pm.qms.objective,concrete,portal,unlink,deny,runtime,TestM27Security.test_public_and_portal_have_no_qms_model_or_side_channel_access,PASS,addons/pm_qms_kpi/models/objective.py,5
pm_qms_kpi,pm.qms.objective,concrete,qms_user,read,role-and-scope-specific,static,Source inventory only; requires model-specific runtime fixture,REVIEW_REQUIRED,addons/pm_qms_kpi/models/objective.py,5
pm_qms_kpi,pm.qms.objective,concrete,qms_user,create,role-and-scope-specific,static,Source inventory only; requires model-specific runtime fixture,REVIEW_REQUIRED,addons/pm_qms_kpi/models/objective.py,5
pm_qms_kpi,pm.qms.objective,concrete,qms_user,write,role-and-scope-specific,static,Source inventory only; requires model-specific runtime fixture,REVIEW_REQUIRED,addons/pm_qms_kpi/models/objective.py,5
pm_qms_kpi,pm.qms.objective,concrete,qms_user,unlink,role-and-scope-specific,static,Source inventory only; requires model-specific runtime fixture,REVIEW_REQUIRED,addons/pm_qms_kpi/models/objective.py,5
pm_qms_kpi,pm.qms.objective,concrete,qms_viewer,read,role-and-scope-specific,static,Source inventory only; requires model-specific runtime fixture,REVIEW_REQUIRED,addons/pm_qms_kpi/models/objective.py,5
pm_qms_kpi,pm.qms.objective,concrete,qms_viewer,create,role-and-scope-specific,static,Source inventory only; requires model-specific runtime fixture,REVIEW_REQUIRED,addons/pm_qms_kpi/models/objective.py,5
pm_qms_kpi,pm.qms.objective,concrete,qms_viewer,write,role-and-scope-specific,static,Source inventory only; requires model-specific runtime fixture,REVIEW_REQUIRED,addons/pm_qms_kpi/models/objective.py,5
pm_qms_kpi,pm.qms.objective,concrete,qms_viewer,unlink,role-and-scope-specific,static,Source inventory only; requires model-specific runtime fixture,REVIEW_REQUIRED,addons/pm_qms_kpi/models/objective.py,5
pm_qms_kpi,pm.qms.objective,concrete,quality_supervisor,read,role-and-scope-specific,static,Source inventory only; requires model-specific runtime fixture,REVIEW_REQUIRED,addons/pm_qms_kpi/models/objective.py,5
pm_qms_kpi,pm.qms.objective,concrete,quality_supervisor,create,role-and-scope-specific,static,Source inventory only; requires model-specific runtime fixture,REVIEW_REQUIRED,addons/pm_qms_kpi/models/objective.py,5
pm_qms_kpi,pm.qms.objective,concrete,quality_supervisor,write,role-and-scope-specific,static,Source inventory only; requires model-specific runtime fixture,REVIEW_REQUIRED,addons/pm_qms_kpi/models/objective.py,5
pm_qms_kpi,pm.qms.objective,concrete,quality_supervisor,unlink,role-and-scope-specific,static,Source inventory only; requires model-specific runtime fixture,REVIEW_REQUIRED,addons/pm_qms_kpi/models/objective.py,5
pm_qms_kpi,pm.qms.objective,concrete,quality_manager,read,role-and-scope-specific,static,Source inventory only; requires model-specific runtime fixture,REVIEW_REQUIRED,addons/pm_qms_kpi/models/objective.py,5
pm_qms_kpi,pm.qms.objective,concrete,quality_manager,create,role-and-scope-specific,static,Source inventory only; requires model-specific runtime fixture,REVIEW_REQUIRED,addons/pm_qms_kpi/models/objective.py,5
pm_qms_kpi,pm.qms.objective,concrete,quality_manager,write,role-and-scope-specific,static,Source inventory only; requires model-specific runtime fixture,REVIEW_REQUIRED,addons/pm_qms_kpi/models/objective.py,5
pm_qms_kpi,pm.qms.objective,concrete,quality_manager,unlink,role-and-scope-specific,static,Source inventory only; requires model-specific runtime fixture,REVIEW_REQUIRED,addons/pm_qms_kpi/models/objective.py,5
pm_qms_kpi,pm.qms.objective,concrete,qms_administrator,read,role-and-scope-specific,static,Source inventory only; requires model-specific runtime fixture,REVIEW_REQUIRED,addons/pm_qms_kpi/models/objective.py,5
pm_qms_kpi,pm.qms.objective,concrete,qms_administrator,create,role-and-scope-specific,static,Source inventory only; requires model-specific runtime fixture,REVIEW_REQUIRED,addons/pm_qms_kpi/models/objective.py,5
pm_qms_kpi,pm.qms.objective,concrete,qms_administrator,write,role-and-scope-specific,static,Source inventory only; requires model-specific runtime fixture,REVIEW_REQUIRED,addons/pm_qms_kpi/models/objective.py,5
pm_qms_kpi,pm.qms.objective,concrete,qms_administrator,unlink,role-and-scope-specific,static,Source inventory only; requires model-specific runtime fixture,REVIEW_REQUIRED,addons/pm_qms_kpi/models/objective.py,5
pm_qms_kpi,pm.qms.objective,concrete,qms_licensing_administrator,read,role-and-scope-specific,static,Source inventory only; requires model-specific runtime fixture,REVIEW_REQUIRED,addons/pm_qms_kpi/models/objective.py,5
pm_qms_kpi,pm.qms.objective,concrete,qms_licensing_administrator,create,role-and-scope-specific,static,Source inventory only; requires model-specific runtime fixture,REVIEW_REQUIRED,addons/pm_qms_kpi/models/objective.py,5
pm_qms_kpi,pm.qms.objective,concrete,qms_licensing_administrator,write,role-and-scope-specific,static,Source inventory only; requires model-specific runtime fixture,REVIEW_REQUIRED,addons/pm_qms_kpi/models/objective.py,5
pm_qms_kpi,pm.qms.objective,concrete,qms_licensing_administrator,unlink,role-and-scope-specific,static,Source inventory only; requires model-specific runtime fixture,REVIEW_REQUIRED,addons/pm_qms_kpi/models/objective.py,5
pm_qms_kpi,pm.qms.objective,concrete,odoo_system_administrator,read,role-and-scope-specific,static,Source inventory only; requires model-specific runtime fixture,REVIEW_REQUIRED,addons/pm_qms_kpi/models/objective.py,5
pm_qms_kpi,pm.qms.objective,concrete,odoo_system_administrator,create,role-and-scope-specific,static,Source inventory only; requires model-specific runtime fixture,REVIEW_REQUIRED,addons/pm_qms_kpi/models/objective.py,5
pm_qms_kpi,pm.qms.objective,concrete,odoo_system_administrator,write,role-and-scope-specific,static,Source inventory only; requires model-specific runtime fixture,REVIEW_REQUIRED,addons/pm_qms_kpi/models/objective.py,5
pm_qms_kpi,pm.qms.objective,concrete,odoo_system_administrator,unlink,role-and-scope-specific,static,Source inventory only; requires model-specific runtime fixture,REVIEW_REQUIRED,addons/pm_qms_kpi/models/objective.py,5
pm_qms_core,pm.qms.organization,concrete,public,read,deny,runtime,TestM27Security.test_public_and_portal_have_no_qms_model_or_side_channel_access,PASS,addons/pm_qms_core/models/organization.py,5
pm_qms_core,pm.qms.organization,concrete,public,create,deny,runtime,TestM27Security.test_public_and_portal_have_no_qms_model_or_side_channel_access,PASS,addons/pm_qms_core/models/organization.py,5
pm_qms_core,pm.qms.organization,concrete,public,write,deny,runtime,TestM27Security.test_public_and_portal_have_no_qms_model_or_side_channel_access,PASS,addons/pm_qms_core/models/organization.py,5
pm_qms_core,pm.qms.organization,concrete,public,unlink,deny,runtime,TestM27Security.test_public_and_portal_have_no_qms_model_or_side_channel_access,PASS,addons/pm_qms_core/models/organization.py,5
pm_qms_core,pm.qms.organization,concrete,portal,read,deny,runtime,TestM27Security.test_public_and_portal_have_no_qms_model_or_side_channel_access,PASS,addons/pm_qms_core/models/organization.py,5
pm_qms_core,pm.qms.organization,concrete,portal,create,deny,runtime,TestM27Security.test_public_and_portal_have_no_qms_model_or_side_channel_access,PASS,addons/pm_qms_core/models/organization.py,5
pm_qms_core,pm.qms.organization,concrete,portal,write,deny,runtime,TestM27Security.test_public_and_portal_have_no_qms_model_or_side_channel_access,PASS,addons/pm_qms_core/models/organization.py,5
pm_qms_core,pm.qms.organization,concrete,portal,unlink,deny,runtime,TestM27Security.test_public_and_portal_have_no_qms_model_or_side_channel_access,PASS,addons/pm_qms_core/models/organization.py,5
pm_qms_core,pm.qms.organization,concrete,qms_user,read,role-and-scope-specific,static,Source inventory only; requires model-specific runtime fixture,REVIEW_REQUIRED,addons/pm_qms_core/models/organization.py,5
pm_qms_core,pm.qms.organization,concrete,qms_user,create,role-and-scope-specific,static,Source inventory only; requires model-specific runtime fixture,REVIEW_REQUIRED,addons/pm_qms_core/models/organization.py,5
pm_qms_core,pm.qms.organization,concrete,qms_user,write,role-and-scope-specific,static,Source inventory only; requires model-specific runtime fixture,REVIEW_REQUIRED,addons/pm_qms_core/models/organization.py,5
pm_qms_core,pm.qms.organization,concrete,qms_user,unlink,role-and-scope-specific,static,Source inventory only; requires model-specific runtime fixture,REVIEW_REQUIRED,addons/pm_qms_core/models/organization.py,5
pm_qms_core,pm.qms.organization,concrete,qms_viewer,read,role-and-scope-specific,static,Source inventory only; requires model-specific runtime fixture,REVIEW_REQUIRED,addons/pm_qms_core/models/organization.py,5
pm_qms_core,pm.qms.organization,concrete,qms_viewer,create,role-and-scope-specific,static,Source inventory only; requires model-specific runtime fixture,REVIEW_REQUIRED,addons/pm_qms_core/models/organization.py,5
pm_qms_core,pm.qms.organization,concrete,qms_viewer,write,role-and-scope-specific,static,Source inventory only; requires model-specific runtime fixture,REVIEW_REQUIRED,addons/pm_qms_core/models/organization.py,5
pm_qms_core,pm.qms.organization,concrete,qms_viewer,unlink,role-and-scope-specific,static,Source inventory only; requires model-specific runtime fixture,REVIEW_REQUIRED,addons/pm_qms_core/models/organization.py,5
pm_qms_core,pm.qms.organization,concrete,quality_supervisor,read,role-and-scope-specific,static,Source inventory only; requires model-specific runtime fixture,REVIEW_REQUIRED,addons/pm_qms_core/models/organization.py,5
pm_qms_core,pm.qms.organization,concrete,quality_supervisor,create,role-and-scope-specific,static,Source inventory only; requires model-specific runtime fixture,REVIEW_REQUIRED,addons/pm_qms_core/models/organization.py,5
pm_qms_core,pm.qms.organization,concrete,quality_supervisor,write,role-and-scope-specific,static,Source inventory only; requires model-specific runtime fixture,REVIEW_REQUIRED,addons/pm_qms_core/models/organization.py,5
pm_qms_core,pm.qms.organization,concrete,quality_supervisor,unlink,role-and-scope-specific,static,Source inventory only; requires model-specific runtime fixture,REVIEW_REQUIRED,addons/pm_qms_core/models/organization.py,5
pm_qms_core,pm.qms.organization,concrete,quality_manager,read,role-and-scope-specific,static,Source inventory only; requires model-specific runtime fixture,REVIEW_REQUIRED,addons/pm_qms_core/models/organization.py,5
pm_qms_core,pm.qms.organization,concrete,quality_manager,create,role-and-scope-specific,static,Source inventory only; requires model-specific runtime fixture,REVIEW_REQUIRED,addons/pm_qms_core/models/organization.py,5
pm_qms_core,pm.qms.organization,concrete,quality_manager,write,role-and-scope-specific,static,Source inventory only; requires model-specific runtime fixture,REVIEW_REQUIRED,addons/pm_qms_core/models/organization.py,5
pm_qms_core,pm.qms.organization,concrete,quality_manager,unlink,role-and-scope-specific,static,Source inventory only; requires model-specific runtime fixture,REVIEW_REQUIRED,addons/pm_qms_core/models/organization.py,5
pm_qms_core,pm.qms.organization,concrete,qms_administrator,read,role-and-scope-specific,static,Source inventory only; requires model-specific runtime fixture,REVIEW_REQUIRED,addons/pm_qms_core/models/organization.py,5
pm_qms_core,pm.qms.organization,concrete,qms_administrator,create,role-and-scope-specific,static,Source inventory only; requires model-specific runtime fixture,REVIEW_REQUIRED,addons/pm_qms_core/models/organization.py,5
pm_qms_core,pm.qms.organization,concrete,qms_administrator,write,role-and-scope-specific,static,Source inventory only; requires model-specific runtime fixture,REVIEW_REQUIRED,addons/pm_qms_core/models/organization.py,5
pm_qms_core,pm.qms.organization,concrete,qms_administrator,unlink,role-and-scope-specific,static,Source inventory only; requires model-specific runtime fixture,REVIEW_REQUIRED,addons/pm_qms_core/models/organization.py,5
pm_qms_core,pm.qms.organization,concrete,qms_licensing_administrator,read,role-and-scope-specific,static,Source inventory only; requires model-specific runtime fixture,REVIEW_REQUIRED,addons/pm_qms_core/models/organization.py,5
pm_qms_core,pm.qms.organization,concrete,qms_licensing_administrator,create,role-and-scope-specific,static,Source inventory only; requires model-specific runtime fixture,REVIEW_REQUIRED,addons/pm_qms_core/models/organization.py,5
pm_qms_core,pm.qms.organization,concrete,qms_licensing_administrator,write,role-and-scope-specific,static,Source inventory only; requires model-specific runtime fixture,REVIEW_REQUIRED,addons/pm_qms_core/models/organization.py,5
pm_qms_core,pm.qms.organization,concrete,qms_licensing_administrator,unlink,role-and-scope-specific,static,Source inventory only; requires model-specific runtime fixture,REVIEW_REQUIRED,addons/pm_qms_core/models/organization.py,5
pm_qms_core,pm.qms.organization,concrete,odoo_system_administrator,read,role-and-scope-specific,static,Source inventory only; requires model-specific runtime fixture,REVIEW_REQUIRED,addons/pm_qms_core/models/organization.py,5
pm_qms_core,pm.qms.organization,concrete,odoo_system_administrator,create,role-and-scope-specific,static,Source inventory only; requires model-specific runtime fixture,REVIEW_REQUIRED,addons/pm_qms_core/models/organization.py,5
pm_qms_core,pm.qms.organization,concrete,odoo_system_administrator,write,role-and-scope-specific,static,Source inventory only; requires model-specific runtime fixture,REVIEW_REQUIRED,addons/pm_qms_core/models/organization.py,5
pm_qms_core,pm.qms.organization,concrete,odoo_system_administrator,unlink,role-and-scope-specific,static,Source inventory only; requires model-specific runtime fixture,REVIEW_REQUIRED,addons/pm_qms_core/models/organization.py,5
pm_qms_people,pm.qms.person,concrete,public,read,deny,runtime,TestM27Security.test_public_and_portal_have_no_qms_model_or_side_channel_access,PASS,addons/pm_qms_people/models/person.py,5
pm_qms_people,pm.qms.person,concrete,public,create,deny,runtime,TestM27Security.test_public_and_portal_have_no_qms_model_or_side_channel_access,PASS,addons/pm_qms_people/models/person.py,5
pm_qms_people,pm.qms.person,concrete,public,write,deny,runtime,TestM27Security.test_public_and_portal_have_no_qms_model_or_side_channel_access,PASS,addons/pm_qms_people/models/person.py,5
pm_qms_people,pm.qms.person,concrete,public,unlink,deny,runtime,TestM27Security.test_public_and_portal_have_no_qms_model_or_side_channel_access,PASS,addons/pm_qms_people/models/person.py,5
pm_qms_people,pm.qms.person,concrete,portal,read,deny,runtime,TestM27Security.test_public_and_portal_have_no_qms_model_or_side_channel_access,PASS,addons/pm_qms_people/models/person.py,5
pm_qms_people,pm.qms.person,concrete,portal,create,deny,runtime,TestM27Security.test_public_and_portal_have_no_qms_model_or_side_channel_access,PASS,addons/pm_qms_people/models/person.py,5
pm_qms_people,pm.qms.person,concrete,portal,write,deny,runtime,TestM27Security.test_public_and_portal_have_no_qms_model_or_side_channel_access,PASS,addons/pm_qms_people/models/person.py,5
pm_qms_people,pm.qms.person,concrete,portal,unlink,deny,runtime,TestM27Security.test_public_and_portal_have_no_qms_model_or_side_channel_access,PASS,addons/pm_qms_people/models/person.py,5
pm_qms_people,pm.qms.person,concrete,qms_user,read,role-and-scope-specific,static,Source inventory only; requires model-specific runtime fixture,REVIEW_REQUIRED,addons/pm_qms_people/models/person.py,5
pm_qms_people,pm.qms.person,concrete,qms_user,create,role-and-scope-specific,static,Source inventory only; requires model-specific runtime fixture,REVIEW_REQUIRED,addons/pm_qms_people/models/person.py,5
pm_qms_people,pm.qms.person,concrete,qms_user,write,role-and-scope-specific,static,Source inventory only; requires model-specific runtime fixture,REVIEW_REQUIRED,addons/pm_qms_people/models/person.py,5
pm_qms_people,pm.qms.person,concrete,qms_user,unlink,role-and-scope-specific,static,Source inventory only; requires model-specific runtime fixture,REVIEW_REQUIRED,addons/pm_qms_people/models/person.py,5
pm_qms_people,pm.qms.person,concrete,qms_viewer,read,role-and-scope-specific,static,Source inventory only; requires model-specific runtime fixture,REVIEW_REQUIRED,addons/pm_qms_people/models/person.py,5
pm_qms_people,pm.qms.person,concrete,qms_viewer,create,role-and-scope-specific,static,Source inventory only; requires model-specific runtime fixture,REVIEW_REQUIRED,addons/pm_qms_people/models/person.py,5
pm_qms_people,pm.qms.person,concrete,qms_viewer,write,role-and-scope-specific,static,Source inventory only; requires model-specific runtime fixture,REVIEW_REQUIRED,addons/pm_qms_people/models/person.py,5
pm_qms_people,pm.qms.person,concrete,qms_viewer,unlink,role-and-scope-specific,static,Source inventory only; requires model-specific runtime fixture,REVIEW_REQUIRED,addons/pm_qms_people/models/person.py,5
pm_qms_people,pm.qms.person,concrete,quality_supervisor,read,role-and-scope-specific,static,Source inventory only; requires model-specific runtime fixture,REVIEW_REQUIRED,addons/pm_qms_people/models/person.py,5
pm_qms_people,pm.qms.person,concrete,quality_supervisor,create,role-and-scope-specific,static,Source inventory only; requires model-specific runtime fixture,REVIEW_REQUIRED,addons/pm_qms_people/models/person.py,5
pm_qms_people,pm.qms.person,concrete,quality_supervisor,write,role-and-scope-specific,static,Source inventory only; requires model-specific runtime fixture,REVIEW_REQUIRED,addons/pm_qms_people/models/person.py,5
pm_qms_people,pm.qms.person,concrete,quality_supervisor,unlink,role-and-scope-specific,static,Source inventory only; requires model-specific runtime fixture,REVIEW_REQUIRED,addons/pm_qms_people/models/person.py,5
pm_qms_people,pm.qms.person,concrete,quality_manager,read,role-and-scope-specific,static,Source inventory only; requires model-specific runtime fixture,REVIEW_REQUIRED,addons/pm_qms_people/models/person.py,5
pm_qms_people,pm.qms.person,concrete,quality_manager,create,role-and-scope-specific,static,Source inventory only; requires model-specific runtime fixture,REVIEW_REQUIRED,addons/pm_qms_people/models/person.py,5
pm_qms_people,pm.qms.person,concrete,quality_manager,write,role-and-scope-specific,static,Source inventory only; requires model-specific runtime fixture,REVIEW_REQUIRED,addons/pm_qms_people/models/person.py,5
pm_qms_people,pm.qms.person,concrete,quality_manager,unlink,role-and-scope-specific,static,Source inventory only; requires model-specific runtime fixture,REVIEW_REQUIRED,addons/pm_qms_people/models/person.py,5
pm_qms_people,pm.qms.person,concrete,qms_administrator,read,role-and-scope-specific,static,Source inventory only; requires model-specific runtime fixture,REVIEW_REQUIRED,addons/pm_qms_people/models/person.py,5
pm_qms_people,pm.qms.person,concrete,qms_administrator,create,role-and-scope-specific,static,Source inventory only; requires model-specific runtime fixture,REVIEW_REQUIRED,addons/pm_qms_people/models/person.py,5
pm_qms_people,pm.qms.person,concrete,qms_administrator,write,role-and-scope-specific,static,Source inventory only; requires model-specific runtime fixture,REVIEW_REQUIRED,addons/pm_qms_people/models/person.py,5
pm_qms_people,pm.qms.person,concrete,qms_administrator,unlink,role-and-scope-specific,static,Source inventory only; requires model-specific runtime fixture,REVIEW_REQUIRED,addons/pm_qms_people/models/person.py,5
pm_qms_people,pm.qms.person,concrete,qms_licensing_administrator,read,role-and-scope-specific,static,Source inventory only; requires model-specific runtime fixture,REVIEW_REQUIRED,addons/pm_qms_people/models/person.py,5
pm_qms_people,pm.qms.person,concrete,qms_licensing_administrator,create,role-and-scope-specific,static,Source inventory only; requires model-specific runtime fixture,REVIEW_REQUIRED,addons/pm_qms_people/models/person.py,5
pm_qms_people,pm.qms.person,concrete,qms_licensing_administrator,write,role-and-scope-specific,static,Source inventory only; requires model-specific runtime fixture,REVIEW_REQUIRED,addons/pm_qms_people/models/person.py,5
pm_qms_people,pm.qms.person,concrete,qms_licensing_administrator,unlink,role-and-scope-specific,static,Source inventory only; requires model-specific runtime fixture,REVIEW_REQUIRED,addons/pm_qms_people/models/person.py,5
pm_qms_people,pm.qms.person,concrete,odoo_system_administrator,read,role-and-scope-specific,static,Source inventory only; requires model-specific runtime fixture,REVIEW_REQUIRED,addons/pm_qms_people/models/person.py,5
pm_qms_people,pm.qms.person,concrete,odoo_system_administrator,create,role-and-scope-specific,static,Source inventory only; requires model-specific runtime fixture,REVIEW_REQUIRED,addons/pm_qms_people/models/person.py,5
pm_qms_people,pm.qms.person,concrete,odoo_system_administrator,write,role-and-scope-specific,static,Source inventory only; requires model-specific runtime fixture,REVIEW_REQUIRED,addons/pm_qms_people/models/person.py,5
pm_qms_people,pm.qms.person,concrete,odoo_system_administrator,unlink,role-and-scope-specific,static,Source inventory only; requires model-specific runtime fixture,REVIEW_REQUIRED,addons/pm_qms_people/models/person.py,5
pm_qms_people,pm.qms.person.role.assignment,concrete,public,read,deny,runtime,TestM27Security.test_public_and_portal_have_no_qms_model_or_side_channel_access,PASS,addons/pm_qms_people/models/person.py,119
pm_qms_people,pm.qms.person.role.assignment,concrete,public,create,deny,runtime,TestM27Security.test_public_and_portal_have_no_qms_model_or_side_channel_access,PASS,addons/pm_qms_people/models/person.py,119
pm_qms_people,pm.qms.person.role.assignment,concrete,public,write,deny,runtime,TestM27Security.test_public_and_portal_have_no_qms_model_or_side_channel_access,PASS,addons/pm_qms_people/models/person.py,119
pm_qms_people,pm.qms.person.role.assignment,concrete,public,unlink,deny,runtime,TestM27Security.test_public_and_portal_have_no_qms_model_or_side_channel_access,PASS,addons/pm_qms_people/models/person.py,119
pm_qms_people,pm.qms.person.role.assignment,concrete,portal,read,deny,runtime,TestM27Security.test_public_and_portal_have_no_qms_model_or_side_channel_access,PASS,addons/pm_qms_people/models/person.py,119
pm_qms_people,pm.qms.person.role.assignment,concrete,portal,create,deny,runtime,TestM27Security.test_public_and_portal_have_no_qms_model_or_side_channel_access,PASS,addons/pm_qms_people/models/person.py,119
pm_qms_people,pm.qms.person.role.assignment,concrete,portal,write,deny,runtime,TestM27Security.test_public_and_portal_have_no_qms_model_or_side_channel_access,PASS,addons/pm_qms_people/models/person.py,119
pm_qms_people,pm.qms.person.role.assignment,concrete,portal,unlink,deny,runtime,TestM27Security.test_public_and_portal_have_no_qms_model_or_side_channel_access,PASS,addons/pm_qms_people/models/person.py,119
pm_qms_people,pm.qms.person.role.assignment,concrete,qms_user,read,role-and-scope-specific,static,Source inventory only; requires model-specific runtime fixture,REVIEW_REQUIRED,addons/pm_qms_people/models/person.py,119
pm_qms_people,pm.qms.person.role.assignment,concrete,qms_user,create,role-and-scope-specific,static,Source inventory only; requires model-specific runtime fixture,REVIEW_REQUIRED,addons/pm_qms_people/models/person.py,119
pm_qms_people,pm.qms.person.role.assignment,concrete,qms_user,write,role-and-scope-specific,static,Source inventory only; requires model-specific runtime fixture,REVIEW_REQUIRED,addons/pm_qms_people/models/person.py,119
pm_qms_people,pm.qms.person.role.assignment,concrete,qms_user,unlink,role-and-scope-specific,static,Source inventory only; requires model-specific runtime fixture,REVIEW_REQUIRED,addons/pm_qms_people/models/person.py,119
pm_qms_people,pm.qms.person.role.assignment,concrete,qms_viewer,read,role-and-scope-specific,static,Source inventory only; requires model-specific runtime fixture,REVIEW_REQUIRED,addons/pm_qms_people/models/person.py,119
pm_qms_people,pm.qms.person.role.assignment,concrete,qms_viewer,create,role-and-scope-specific,static,Source inventory only; requires model-specific runtime fixture,REVIEW_REQUIRED,addons/pm_qms_people/models/person.py,119
pm_qms_people,pm.qms.person.role.assignment,concrete,qms_viewer,write,role-and-scope-specific,static,Source inventory only; requires model-specific runtime fixture,REVIEW_REQUIRED,addons/pm_qms_people/models/person.py,119
pm_qms_people,pm.qms.person.role.assignment,concrete,qms_viewer,unlink,role-and-scope-specific,static,Source inventory only; requires model-specific runtime fixture,REVIEW_REQUIRED,addons/pm_qms_people/models/person.py,119
pm_qms_people,pm.qms.person.role.assignment,concrete,quality_supervisor,read,role-and-scope-specific,static,Source inventory only; requires model-specific runtime fixture,REVIEW_REQUIRED,addons/pm_qms_people/models/person.py,119
pm_qms_people,pm.qms.person.role.assignment,concrete,quality_supervisor,create,role-and-scope-specific,static,Source inventory only; requires model-specific runtime fixture,REVIEW_REQUIRED,addons/pm_qms_people/models/person.py,119
pm_qms_people,pm.qms.person.role.assignment,concrete,quality_supervisor,write,role-and-scope-specific,static,Source inventory only; requires model-specific runtime fixture,REVIEW_REQUIRED,addons/pm_qms_people/models/person.py,119
pm_qms_people,pm.qms.person.role.assignment,concrete,quality_supervisor,unlink,role-and-scope-specific,static,Source inventory only; requires model-specific runtime fixture,REVIEW_REQUIRED,addons/pm_qms_people/models/person.py,119
pm_qms_people,pm.qms.person.role.assignment,concrete,quality_manager,read,role-and-scope-specific,static,Source inventory only; requires model-specific runtime fixture,REVIEW_REQUIRED,addons/pm_qms_people/models/person.py,119
pm_qms_people,pm.qms.person.role.assignment,concrete,quality_manager,create,role-and-scope-specific,static,Source inventory only; requires model-specific runtime fixture,REVIEW_REQUIRED,addons/pm_qms_people/models/person.py,119
pm_qms_people,pm.qms.person.role.assignment,concrete,quality_manager,write,role-and-scope-specific,static,Source inventory only; requires model-specific runtime fixture,REVIEW_REQUIRED,addons/pm_qms_people/models/person.py,119
pm_qms_people,pm.qms.person.role.assignment,concrete,quality_manager,unlink,role-and-scope-specific,static,Source inventory only; requires model-specific runtime fixture,REVIEW_REQUIRED,addons/pm_qms_people/models/person.py,119
pm_qms_people,pm.qms.person.role.assignment,concrete,qms_administrator,read,role-and-scope-specific,static,Source inventory only; requires model-specific runtime fixture,REVIEW_REQUIRED,addons/pm_qms_people/models/person.py,119
pm_qms_people,pm.qms.person.role.assignment,concrete,qms_administrator,create,role-and-scope-specific,static,Source inventory only; requires model-specific runtime fixture,REVIEW_REQUIRED,addons/pm_qms_people/models/person.py,119
pm_qms_people,pm.qms.person.role.assignment,concrete,qms_administrator,write,role-and-scope-specific,static,Source inventory only; requires model-specific runtime fixture,REVIEW_REQUIRED,addons/pm_qms_people/models/person.py,119
pm_qms_people,pm.qms.person.role.assignment,concrete,qms_administrator,unlink,role-and-scope-specific,static,Source inventory only; requires model-specific runtime fixture,REVIEW_REQUIRED,addons/pm_qms_people/models/person.py,119
pm_qms_people,pm.qms.person.role.assignment,concrete,qms_licensing_administrator,read,role-and-scope-specific,static,Source inventory only; requires model-specific runtime fixture,REVIEW_REQUIRED,addons/pm_qms_people/models/person.py,119
pm_qms_people,pm.qms.person.role.assignment,concrete,qms_licensing_administrator,create,role-and-scope-specific,static,Source inventory only; requires model-specific runtime fixture,REVIEW_REQUIRED,addons/pm_qms_people/models/person.py,119
pm_qms_people,pm.qms.person.role.assignment,concrete,qms_licensing_administrator,write,role-and-scope-specific,static,Source inventory only; requires model-specific runtime fixture,REVIEW_REQUIRED,addons/pm_qms_people/models/person.py,119
pm_qms_people,pm.qms.person.role.assignment,concrete,qms_licensing_administrator,unlink,role-and-scope-specific,static,Source inventory only; requires model-specific runtime fixture,REVIEW_REQUIRED,addons/pm_qms_people/models/person.py,119
pm_qms_people,pm.qms.person.role.assignment,concrete,odoo_system_administrator,read,role-and-scope-specific,static,Source inventory only; requires model-specific runtime fixture,REVIEW_REQUIRED,addons/pm_qms_people/models/person.py,119
pm_qms_people,pm.qms.person.role.assignment,concrete,odoo_system_administrator,create,role-and-scope-specific,static,Source inventory only; requires model-specific runtime fixture,REVIEW_REQUIRED,addons/pm_qms_people/models/person.py,119
pm_qms_people,pm.qms.person.role.assignment,concrete,odoo_system_administrator,write,role-and-scope-specific,static,Source inventory only; requires model-specific runtime fixture,REVIEW_REQUIRED,addons/pm_qms_people/models/person.py,119
pm_qms_people,pm.qms.person.role.assignment,concrete,odoo_system_administrator,unlink,role-and-scope-specific,static,Source inventory only; requires model-specific runtime fixture,REVIEW_REQUIRED,addons/pm_qms_people/models/person.py,119
pm_qms_core,pm.qms.process,concrete,public,read,deny,runtime,TestM27Security.test_public_and_portal_have_no_qms_model_or_side_channel_access,PASS,addons/pm_qms_core/models/process.py,5
pm_qms_core,pm.qms.process,concrete,public,create,deny,runtime,TestM27Security.test_public_and_portal_have_no_qms_model_or_side_channel_access,PASS,addons/pm_qms_core/models/process.py,5
pm_qms_core,pm.qms.process,concrete,public,write,deny,runtime,TestM27Security.test_public_and_portal_have_no_qms_model_or_side_channel_access,PASS,addons/pm_qms_core/models/process.py,5
pm_qms_core,pm.qms.process,concrete,public,unlink,deny,runtime,TestM27Security.test_public_and_portal_have_no_qms_model_or_side_channel_access,PASS,addons/pm_qms_core/models/process.py,5
pm_qms_core,pm.qms.process,concrete,portal,read,deny,runtime,TestM27Security.test_public_and_portal_have_no_qms_model_or_side_channel_access,PASS,addons/pm_qms_core/models/process.py,5
pm_qms_core,pm.qms.process,concrete,portal,create,deny,runtime,TestM27Security.test_public_and_portal_have_no_qms_model_or_side_channel_access,PASS,addons/pm_qms_core/models/process.py,5
pm_qms_core,pm.qms.process,concrete,portal,write,deny,runtime,TestM27Security.test_public_and_portal_have_no_qms_model_or_side_channel_access,PASS,addons/pm_qms_core/models/process.py,5
pm_qms_core,pm.qms.process,concrete,portal,unlink,deny,runtime,TestM27Security.test_public_and_portal_have_no_qms_model_or_side_channel_access,PASS,addons/pm_qms_core/models/process.py,5
pm_qms_core,pm.qms.process,concrete,qms_user,read,role-and-scope-specific,static,Source inventory only; requires model-specific runtime fixture,REVIEW_REQUIRED,addons/pm_qms_core/models/process.py,5
pm_qms_core,pm.qms.process,concrete,qms_user,create,role-and-scope-specific,static,Source inventory only; requires model-specific runtime fixture,REVIEW_REQUIRED,addons/pm_qms_core/models/process.py,5
pm_qms_core,pm.qms.process,concrete,qms_user,write,role-and-scope-specific,static,Source inventory only; requires model-specific runtime fixture,REVIEW_REQUIRED,addons/pm_qms_core/models/process.py,5
pm_qms_core,pm.qms.process,concrete,qms_user,unlink,role-and-scope-specific,static,Source inventory only; requires model-specific runtime fixture,REVIEW_REQUIRED,addons/pm_qms_core/models/process.py,5
pm_qms_core,pm.qms.process,concrete,qms_viewer,read,role-and-scope-specific,static,Source inventory only; requires model-specific runtime fixture,REVIEW_REQUIRED,addons/pm_qms_core/models/process.py,5
pm_qms_core,pm.qms.process,concrete,qms_viewer,create,role-and-scope-specific,static,Source inventory only; requires model-specific runtime fixture,REVIEW_REQUIRED,addons/pm_qms_core/models/process.py,5
pm_qms_core,pm.qms.process,concrete,qms_viewer,write,role-and-scope-specific,static,Source inventory only; requires model-specific runtime fixture,REVIEW_REQUIRED,addons/pm_qms_core/models/process.py,5
pm_qms_core,pm.qms.process,concrete,qms_viewer,unlink,role-and-scope-specific,static,Source inventory only; requires model-specific runtime fixture,REVIEW_REQUIRED,addons/pm_qms_core/models/process.py,5
pm_qms_core,pm.qms.process,concrete,quality_supervisor,read,role-and-scope-specific,static,Source inventory only; requires model-specific runtime fixture,REVIEW_REQUIRED,addons/pm_qms_core/models/process.py,5
pm_qms_core,pm.qms.process,concrete,quality_supervisor,create,role-and-scope-specific,static,Source inventory only; requires model-specific runtime fixture,REVIEW_REQUIRED,addons/pm_qms_core/models/process.py,5
pm_qms_core,pm.qms.process,concrete,quality_supervisor,write,role-and-scope-specific,static,Source inventory only; requires model-specific runtime fixture,REVIEW_REQUIRED,addons/pm_qms_core/models/process.py,5
pm_qms_core,pm.qms.process,concrete,quality_supervisor,unlink,role-and-scope-specific,static,Source inventory only; requires model-specific runtime fixture,REVIEW_REQUIRED,addons/pm_qms_core/models/process.py,5
pm_qms_core,pm.qms.process,concrete,quality_manager,read,role-and-scope-specific,static,Source inventory only; requires model-specific runtime fixture,REVIEW_REQUIRED,addons/pm_qms_core/models/process.py,5
pm_qms_core,pm.qms.process,concrete,quality_manager,create,role-and-scope-specific,static,Source inventory only; requires model-specific runtime fixture,REVIEW_REQUIRED,addons/pm_qms_core/models/process.py,5
pm_qms_core,pm.qms.process,concrete,quality_manager,write,role-and-scope-specific,static,Source inventory only; requires model-specific runtime fixture,REVIEW_REQUIRED,addons/pm_qms_core/models/process.py,5
pm_qms_core,pm.qms.process,concrete,quality_manager,unlink,role-and-scope-specific,static,Source inventory only; requires model-specific runtime fixture,REVIEW_REQUIRED,addons/pm_qms_core/models/process.py,5
pm_qms_core,pm.qms.process,concrete,qms_administrator,read,role-and-scope-specific,static,Source inventory only; requires model-specific runtime fixture,REVIEW_REQUIRED,addons/pm_qms_core/models/process.py,5
pm_qms_core,pm.qms.process,concrete,qms_administrator,create,role-and-scope-specific,static,Source inventory only; requires model-specific runtime fixture,REVIEW_REQUIRED,addons/pm_qms_core/models/process.py,5
pm_qms_core,pm.qms.process,concrete,qms_administrator,write,role-and-scope-specific,static,Source inventory only; requires model-specific runtime fixture,REVIEW_REQUIRED,addons/pm_qms_core/models/process.py,5
pm_qms_core,pm.qms.process,concrete,qms_administrator,unlink,role-and-scope-specific,static,Source inventory only; requires model-specific runtime fixture,REVIEW_REQUIRED,addons/pm_qms_core/models/process.py,5
pm_qms_core,pm.qms.process,concrete,qms_licensing_administrator,read,role-and-scope-specific,static,Source inventory only; requires model-specific runtime fixture,REVIEW_REQUIRED,addons/pm_qms_core/models/process.py,5
pm_qms_core,pm.qms.process,concrete,qms_licensing_administrator,create,role-and-scope-specific,static,Source inventory only; requires model-specific runtime fixture,REVIEW_REQUIRED,addons/pm_qms_core/models/process.py,5
pm_qms_core,pm.qms.process,concrete,qms_licensing_administrator,write,role-and-scope-specific,static,Source inventory only; requires model-specific runtime fixture,REVIEW_REQUIRED,addons/pm_qms_core/models/process.py,5
pm_qms_core,pm.qms.process,concrete,qms_licensing_administrator,unlink,role-and-scope-specific,static,Source inventory only; requires model-specific runtime fixture,REVIEW_REQUIRED,addons/pm_qms_core/models/process.py,5
pm_qms_core,pm.qms.process,concrete,odoo_system_administrator,read,role-and-scope-specific,static,Source inventory only; requires model-specific runtime fixture,REVIEW_REQUIRED,addons/pm_qms_core/models/process.py,5
pm_qms_core,pm.qms.process,concrete,odoo_system_administrator,create,role-and-scope-specific,static,Source inventory only; requires model-specific runtime fixture,REVIEW_REQUIRED,addons/pm_qms_core/models/process.py,5
pm_qms_core,pm.qms.process,concrete,odoo_system_administrator,write,role-and-scope-specific,static,Source inventory only; requires model-specific runtime fixture,REVIEW_REQUIRED,addons/pm_qms_core/models/process.py,5
pm_qms_core,pm.qms.process,concrete,odoo_system_administrator,unlink,role-and-scope-specific,static,Source inventory only; requires model-specific runtime fixture,REVIEW_REQUIRED,addons/pm_qms_core/models/process.py,5
pm_qms_implementation,pm.qms.project.generator.wizard,transient,public,read,deny,runtime,TestM27Security.test_public_and_portal_have_no_qms_model_or_side_channel_access,PASS,addons/pm_qms_implementation/wizard/project_generator_wizard.py,5
pm_qms_implementation,pm.qms.project.generator.wizard,transient,public,create,deny,runtime,TestM27Security.test_public_and_portal_have_no_qms_model_or_side_channel_access,PASS,addons/pm_qms_implementation/wizard/project_generator_wizard.py,5
pm_qms_implementation,pm.qms.project.generator.wizard,transient,public,write,deny,runtime,TestM27Security.test_public_and_portal_have_no_qms_model_or_side_channel_access,PASS,addons/pm_qms_implementation/wizard/project_generator_wizard.py,5
pm_qms_implementation,pm.qms.project.generator.wizard,transient,public,unlink,deny,runtime,TestM27Security.test_public_and_portal_have_no_qms_model_or_side_channel_access,PASS,addons/pm_qms_implementation/wizard/project_generator_wizard.py,5
pm_qms_implementation,pm.qms.project.generator.wizard,transient,portal,read,deny,runtime,TestM27Security.test_public_and_portal_have_no_qms_model_or_side_channel_access,PASS,addons/pm_qms_implementation/wizard/project_generator_wizard.py,5
pm_qms_implementation,pm.qms.project.generator.wizard,transient,portal,create,deny,runtime,TestM27Security.test_public_and_portal_have_no_qms_model_or_side_channel_access,PASS,addons/pm_qms_implementation/wizard/project_generator_wizard.py,5
pm_qms_implementation,pm.qms.project.generator.wizard,transient,portal,write,deny,runtime,TestM27Security.test_public_and_portal_have_no_qms_model_or_side_channel_access,PASS,addons/pm_qms_implementation/wizard/project_generator_wizard.py,5
pm_qms_implementation,pm.qms.project.generator.wizard,transient,portal,unlink,deny,runtime,TestM27Security.test_public_and_portal_have_no_qms_model_or_side_channel_access,PASS,addons/pm_qms_implementation/wizard/project_generator_wizard.py,5
pm_qms_implementation,pm.qms.project.generator.wizard,transient,qms_user,read,role-and-scope-specific,static,Source inventory only; requires model-specific runtime fixture,REVIEW_REQUIRED,addons/pm_qms_implementation/wizard/project_generator_wizard.py,5
pm_qms_implementation,pm.qms.project.generator.wizard,transient,qms_user,create,role-and-scope-specific,static,Source inventory only; requires model-specific runtime fixture,REVIEW_REQUIRED,addons/pm_qms_implementation/wizard/project_generator_wizard.py,5
pm_qms_implementation,pm.qms.project.generator.wizard,transient,qms_user,write,role-and-scope-specific,static,Source inventory only; requires model-specific runtime fixture,REVIEW_REQUIRED,addons/pm_qms_implementation/wizard/project_generator_wizard.py,5
pm_qms_implementation,pm.qms.project.generator.wizard,transient,qms_user,unlink,role-and-scope-specific,static,Source inventory only; requires model-specific runtime fixture,REVIEW_REQUIRED,addons/pm_qms_implementation/wizard/project_generator_wizard.py,5
pm_qms_implementation,pm.qms.project.generator.wizard,transient,qms_viewer,read,role-and-scope-specific,static,Source inventory only; requires model-specific runtime fixture,REVIEW_REQUIRED,addons/pm_qms_implementation/wizard/project_generator_wizard.py,5
pm_qms_implementation,pm.qms.project.generator.wizard,transient,qms_viewer,create,role-and-scope-specific,static,Source inventory only; requires model-specific runtime fixture,REVIEW_REQUIRED,addons/pm_qms_implementation/wizard/project_generator_wizard.py,5
pm_qms_implementation,pm.qms.project.generator.wizard,transient,qms_viewer,write,role-and-scope-specific,static,Source inventory only; requires model-specific runtime fixture,REVIEW_REQUIRED,addons/pm_qms_implementation/wizard/project_generator_wizard.py,5
pm_qms_implementation,pm.qms.project.generator.wizard,transient,qms_viewer,unlink,role-and-scope-specific,static,Source inventory only; requires model-specific runtime fixture,REVIEW_REQUIRED,addons/pm_qms_implementation/wizard/project_generator_wizard.py,5
pm_qms_implementation,pm.qms.project.generator.wizard,transient,quality_supervisor,read,role-and-scope-specific,static,Source inventory only; requires model-specific runtime fixture,REVIEW_REQUIRED,addons/pm_qms_implementation/wizard/project_generator_wizard.py,5
pm_qms_implementation,pm.qms.project.generator.wizard,transient,quality_supervisor,create,role-and-scope-specific,static,Source inventory only; requires model-specific runtime fixture,REVIEW_REQUIRED,addons/pm_qms_implementation/wizard/project_generator_wizard.py,5
pm_qms_implementation,pm.qms.project.generator.wizard,transient,quality_supervisor,write,role-and-scope-specific,static,Source inventory only; requires model-specific runtime fixture,REVIEW_REQUIRED,addons/pm_qms_implementation/wizard/project_generator_wizard.py,5
pm_qms_implementation,pm.qms.project.generator.wizard,transient,quality_supervisor,unlink,role-and-scope-specific,static,Source inventory only; requires model-specific runtime fixture,REVIEW_REQUIRED,addons/pm_qms_implementation/wizard/project_generator_wizard.py,5
pm_qms_implementation,pm.qms.project.generator.wizard,transient,quality_manager,read,role-and-scope-specific,static,Source inventory only; requires model-specific runtime fixture,REVIEW_REQUIRED,addons/pm_qms_implementation/wizard/project_generator_wizard.py,5
pm_qms_implementation,pm.qms.project.generator.wizard,transient,quality_manager,create,role-and-scope-specific,static,Source inventory only; requires model-specific runtime fixture,REVIEW_REQUIRED,addons/pm_qms_implementation/wizard/project_generator_wizard.py,5
pm_qms_implementation,pm.qms.project.generator.wizard,transient,quality_manager,write,role-and-scope-specific,static,Source inventory only; requires model-specific runtime fixture,REVIEW_REQUIRED,addons/pm_qms_implementation/wizard/project_generator_wizard.py,5
pm_qms_implementation,pm.qms.project.generator.wizard,transient,quality_manager,unlink,role-and-scope-specific,static,Source inventory only; requires model-specific runtime fixture,REVIEW_REQUIRED,addons/pm_qms_implementation/wizard/project_generator_wizard.py,5
pm_qms_implementation,pm.qms.project.generator.wizard,transient,qms_administrator,read,role-and-scope-specific,static,Source inventory only; requires model-specific runtime fixture,REVIEW_REQUIRED,addons/pm_qms_implementation/wizard/project_generator_wizard.py,5
pm_qms_implementation,pm.qms.project.generator.wizard,transient,qms_administrator,create,role-and-scope-specific,static,Source inventory only; requires model-specific runtime fixture,REVIEW_REQUIRED,addons/pm_qms_implementation/wizard/project_generator_wizard.py,5
pm_qms_implementation,pm.qms.project.generator.wizard,transient,qms_administrator,write,role-and-scope-specific,static,Source inventory only; requires model-specific runtime fixture,REVIEW_REQUIRED,addons/pm_qms_implementation/wizard/project_generator_wizard.py,5
pm_qms_implementation,pm.qms.project.generator.wizard,transient,qms_administrator,unlink,role-and-scope-specific,static,Source inventory only; requires model-specific runtime fixture,REVIEW_REQUIRED,addons/pm_qms_implementation/wizard/project_generator_wizard.py,5
pm_qms_implementation,pm.qms.project.generator.wizard,transient,qms_licensing_administrator,read,role-and-scope-specific,static,Source inventory only; requires model-specific runtime fixture,REVIEW_REQUIRED,addons/pm_qms_implementation/wizard/project_generator_wizard.py,5
pm_qms_implementation,pm.qms.project.generator.wizard,transient,qms_licensing_administrator,create,role-and-scope-specific,static,Source inventory only; requires model-specific runtime fixture,REVIEW_REQUIRED,addons/pm_qms_implementation/wizard/project_generator_wizard.py,5
pm_qms_implementation,pm.qms.project.generator.wizard,transient,qms_licensing_administrator,write,role-and-scope-specific,static,Source inventory only; requires model-specific runtime fixture,REVIEW_REQUIRED,addons/pm_qms_implementation/wizard/project_generator_wizard.py,5
pm_qms_implementation,pm.qms.project.generator.wizard,transient,qms_licensing_administrator,unlink,role-and-scope-specific,static,Source inventory only; requires model-specific runtime fixture,REVIEW_REQUIRED,addons/pm_qms_implementation/wizard/project_generator_wizard.py,5
pm_qms_implementation,pm.qms.project.generator.wizard,transient,odoo_system_administrator,read,role-and-scope-specific,static,Source inventory only; requires model-specific runtime fixture,REVIEW_REQUIRED,addons/pm_qms_implementation/wizard/project_generator_wizard.py,5
pm_qms_implementation,pm.qms.project.generator.wizard,transient,odoo_system_administrator,create,role-and-scope-specific,static,Source inventory only; requires model-specific runtime fixture,REVIEW_REQUIRED,addons/pm_qms_implementation/wizard/project_generator_wizard.py,5
pm_qms_implementation,pm.qms.project.generator.wizard,transient,odoo_system_administrator,write,role-and-scope-specific,static,Source inventory only; requires model-specific runtime fixture,REVIEW_REQUIRED,addons/pm_qms_implementation/wizard/project_generator_wizard.py,5
pm_qms_implementation,pm.qms.project.generator.wizard,transient,odoo_system_administrator,unlink,role-and-scope-specific,static,Source inventory only; requires model-specific runtime fixture,REVIEW_REQUIRED,addons/pm_qms_implementation/wizard/project_generator_wizard.py,5
pm_qms_people,pm.qms.qualification.record,concrete,public,read,deny,runtime,TestM27Security.test_public_and_portal_have_no_qms_model_or_side_channel_access,PASS,addons/pm_qms_people/models/qualification.py,29
pm_qms_people,pm.qms.qualification.record,concrete,public,create,deny,runtime,TestM27Security.test_public_and_portal_have_no_qms_model_or_side_channel_access,PASS,addons/pm_qms_people/models/qualification.py,29
pm_qms_people,pm.qms.qualification.record,concrete,public,write,deny,runtime,TestM27Security.test_public_and_portal_have_no_qms_model_or_side_channel_access,PASS,addons/pm_qms_people/models/qualification.py,29
pm_qms_people,pm.qms.qualification.record,concrete,public,unlink,deny,runtime,TestM27Security.test_public_and_portal_have_no_qms_model_or_side_channel_access,PASS,addons/pm_qms_people/models/qualification.py,29
pm_qms_people,pm.qms.qualification.record,concrete,portal,read,deny,runtime,TestM27Security.test_public_and_portal_have_no_qms_model_or_side_channel_access,PASS,addons/pm_qms_people/models/qualification.py,29
pm_qms_people,pm.qms.qualification.record,concrete,portal,create,deny,runtime,TestM27Security.test_public_and_portal_have_no_qms_model_or_side_channel_access,PASS,addons/pm_qms_people/models/qualification.py,29
pm_qms_people,pm.qms.qualification.record,concrete,portal,write,deny,runtime,TestM27Security.test_public_and_portal_have_no_qms_model_or_side_channel_access,PASS,addons/pm_qms_people/models/qualification.py,29
pm_qms_people,pm.qms.qualification.record,concrete,portal,unlink,deny,runtime,TestM27Security.test_public_and_portal_have_no_qms_model_or_side_channel_access,PASS,addons/pm_qms_people/models/qualification.py,29
pm_qms_people,pm.qms.qualification.record,concrete,qms_user,read,role-and-scope-specific,static,Source inventory only; requires model-specific runtime fixture,REVIEW_REQUIRED,addons/pm_qms_people/models/qualification.py,29
pm_qms_people,pm.qms.qualification.record,concrete,qms_user,create,role-and-scope-specific,static,Source inventory only; requires model-specific runtime fixture,REVIEW_REQUIRED,addons/pm_qms_people/models/qualification.py,29
pm_qms_people,pm.qms.qualification.record,concrete,qms_user,write,role-and-scope-specific,static,Source inventory only; requires model-specific runtime fixture,REVIEW_REQUIRED,addons/pm_qms_people/models/qualification.py,29
pm_qms_people,pm.qms.qualification.record,concrete,qms_user,unlink,role-and-scope-specific,static,Source inventory only; requires model-specific runtime fixture,REVIEW_REQUIRED,addons/pm_qms_people/models/qualification.py,29
pm_qms_people,pm.qms.qualification.record,concrete,qms_viewer,read,role-and-scope-specific,static,Source inventory only; requires model-specific runtime fixture,REVIEW_REQUIRED,addons/pm_qms_people/models/qualification.py,29
pm_qms_people,pm.qms.qualification.record,concrete,qms_viewer,create,role-and-scope-specific,static,Source inventory only; requires model-specific runtime fixture,REVIEW_REQUIRED,addons/pm_qms_people/models/qualification.py,29
pm_qms_people,pm.qms.qualification.record,concrete,qms_viewer,write,role-and-scope-specific,static,Source inventory only; requires model-specific runtime fixture,REVIEW_REQUIRED,addons/pm_qms_people/models/qualification.py,29
pm_qms_people,pm.qms.qualification.record,concrete,qms_viewer,unlink,role-and-scope-specific,static,Source inventory only; requires model-specific runtime fixture,REVIEW_REQUIRED,addons/pm_qms_people/models/qualification.py,29
pm_qms_people,pm.qms.qualification.record,concrete,quality_supervisor,read,role-and-scope-specific,static,Source inventory only; requires model-specific runtime fixture,REVIEW_REQUIRED,addons/pm_qms_people/models/qualification.py,29
pm_qms_people,pm.qms.qualification.record,concrete,quality_supervisor,create,role-and-scope-specific,static,Source inventory only; requires model-specific runtime fixture,REVIEW_REQUIRED,addons/pm_qms_people/models/qualification.py,29
pm_qms_people,pm.qms.qualification.record,concrete,quality_supervisor,write,role-and-scope-specific,static,Source inventory only; requires model-specific runtime fixture,REVIEW_REQUIRED,addons/pm_qms_people/models/qualification.py,29
pm_qms_people,pm.qms.qualification.record,concrete,quality_supervisor,unlink,role-and-scope-specific,static,Source inventory only; requires model-specific runtime fixture,REVIEW_REQUIRED,addons/pm_qms_people/models/qualification.py,29
pm_qms_people,pm.qms.qualification.record,concrete,quality_manager,read,role-and-scope-specific,static,Source inventory only; requires model-specific runtime fixture,REVIEW_REQUIRED,addons/pm_qms_people/models/qualification.py,29
pm_qms_people,pm.qms.qualification.record,concrete,quality_manager,create,role-and-scope-specific,static,Source inventory only; requires model-specific runtime fixture,REVIEW_REQUIRED,addons/pm_qms_people/models/qualification.py,29
pm_qms_people,pm.qms.qualification.record,concrete,quality_manager,write,role-and-scope-specific,static,Source inventory only; requires model-specific runtime fixture,REVIEW_REQUIRED,addons/pm_qms_people/models/qualification.py,29
pm_qms_people,pm.qms.qualification.record,concrete,quality_manager,unlink,role-and-scope-specific,static,Source inventory only; requires model-specific runtime fixture,REVIEW_REQUIRED,addons/pm_qms_people/models/qualification.py,29
pm_qms_people,pm.qms.qualification.record,concrete,qms_administrator,read,role-and-scope-specific,static,Source inventory only; requires model-specific runtime fixture,REVIEW_REQUIRED,addons/pm_qms_people/models/qualification.py,29
pm_qms_people,pm.qms.qualification.record,concrete,qms_administrator,create,role-and-scope-specific,static,Source inventory only; requires model-specific runtime fixture,REVIEW_REQUIRED,addons/pm_qms_people/models/qualification.py,29
pm_qms_people,pm.qms.qualification.record,concrete,qms_administrator,write,role-and-scope-specific,static,Source inventory only; requires model-specific runtime fixture,REVIEW_REQUIRED,addons/pm_qms_people/models/qualification.py,29
pm_qms_people,pm.qms.qualification.record,concrete,qms_administrator,unlink,role-and-scope-specific,static,Source inventory only; requires model-specific runtime fixture,REVIEW_REQUIRED,addons/pm_qms_people/models/qualification.py,29
pm_qms_people,pm.qms.qualification.record,concrete,qms_licensing_administrator,read,role-and-scope-specific,static,Source inventory only; requires model-specific runtime fixture,REVIEW_REQUIRED,addons/pm_qms_people/models/qualification.py,29
pm_qms_people,pm.qms.qualification.record,concrete,qms_licensing_administrator,create,role-and-scope-specific,static,Source inventory only; requires model-specific runtime fixture,REVIEW_REQUIRED,addons/pm_qms_people/models/qualification.py,29
pm_qms_people,pm.qms.qualification.record,concrete,qms_licensing_administrator,write,role-and-scope-specific,static,Source inventory only; requires model-specific runtime fixture,REVIEW_REQUIRED,addons/pm_qms_people/models/qualification.py,29
pm_qms_people,pm.qms.qualification.record,concrete,qms_licensing_administrator,unlink,role-and-scope-specific,static,Source inventory only; requires model-specific runtime fixture,REVIEW_REQUIRED,addons/pm_qms_people/models/qualification.py,29
pm_qms_people,pm.qms.qualification.record,concrete,odoo_system_administrator,read,role-and-scope-specific,static,Source inventory only; requires model-specific runtime fixture,REVIEW_REQUIRED,addons/pm_qms_people/models/qualification.py,29
pm_qms_people,pm.qms.qualification.record,concrete,odoo_system_administrator,create,role-and-scope-specific,static,Source inventory only; requires model-specific runtime fixture,REVIEW_REQUIRED,addons/pm_qms_people/models/qualification.py,29
pm_qms_people,pm.qms.qualification.record,concrete,odoo_system_administrator,write,role-and-scope-specific,static,Source inventory only; requires model-specific runtime fixture,REVIEW_REQUIRED,addons/pm_qms_people/models/qualification.py,29
pm_qms_people,pm.qms.qualification.record,concrete,odoo_system_administrator,unlink,role-and-scope-specific,static,Source inventory only; requires model-specific runtime fixture,REVIEW_REQUIRED,addons/pm_qms_people/models/qualification.py,29
pm_qms_people,pm.qms.qualification.type,concrete,public,read,deny,runtime,TestM27Security.test_public_and_portal_have_no_qms_model_or_side_channel_access,PASS,addons/pm_qms_people/models/qualification.py,5
pm_qms_people,pm.qms.qualification.type,concrete,public,create,deny,runtime,TestM27Security.test_public_and_portal_have_no_qms_model_or_side_channel_access,PASS,addons/pm_qms_people/models/qualification.py,5
pm_qms_people,pm.qms.qualification.type,concrete,public,write,deny,runtime,TestM27Security.test_public_and_portal_have_no_qms_model_or_side_channel_access,PASS,addons/pm_qms_people/models/qualification.py,5
pm_qms_people,pm.qms.qualification.type,concrete,public,unlink,deny,runtime,TestM27Security.test_public_and_portal_have_no_qms_model_or_side_channel_access,PASS,addons/pm_qms_people/models/qualification.py,5
pm_qms_people,pm.qms.qualification.type,concrete,portal,read,deny,runtime,TestM27Security.test_public_and_portal_have_no_qms_model_or_side_channel_access,PASS,addons/pm_qms_people/models/qualification.py,5
pm_qms_people,pm.qms.qualification.type,concrete,portal,create,deny,runtime,TestM27Security.test_public_and_portal_have_no_qms_model_or_side_channel_access,PASS,addons/pm_qms_people/models/qualification.py,5
pm_qms_people,pm.qms.qualification.type,concrete,portal,write,deny,runtime,TestM27Security.test_public_and_portal_have_no_qms_model_or_side_channel_access,PASS,addons/pm_qms_people/models/qualification.py,5
pm_qms_people,pm.qms.qualification.type,concrete,portal,unlink,deny,runtime,TestM27Security.test_public_and_portal_have_no_qms_model_or_side_channel_access,PASS,addons/pm_qms_people/models/qualification.py,5
pm_qms_people,pm.qms.qualification.type,concrete,qms_user,read,role-and-scope-specific,static,Source inventory only; requires model-specific runtime fixture,REVIEW_REQUIRED,addons/pm_qms_people/models/qualification.py,5
pm_qms_people,pm.qms.qualification.type,concrete,qms_user,create,role-and-scope-specific,static,Source inventory only; requires model-specific runtime fixture,REVIEW_REQUIRED,addons/pm_qms_people/models/qualification.py,5
pm_qms_people,pm.qms.qualification.type,concrete,qms_user,write,role-and-scope-specific,static,Source inventory only; requires model-specific runtime fixture,REVIEW_REQUIRED,addons/pm_qms_people/models/qualification.py,5
pm_qms_people,pm.qms.qualification.type,concrete,qms_user,unlink,role-and-scope-specific,static,Source inventory only; requires model-specific runtime fixture,REVIEW_REQUIRED,addons/pm_qms_people/models/qualification.py,5
pm_qms_people,pm.qms.qualification.type,concrete,qms_viewer,read,role-and-scope-specific,static,Source inventory only; requires model-specific runtime fixture,REVIEW_REQUIRED,addons/pm_qms_people/models/qualification.py,5
pm_qms_people,pm.qms.qualification.type,concrete,qms_viewer,create,role-and-scope-specific,static,Source inventory only; requires model-specific runtime fixture,REVIEW_REQUIRED,addons/pm_qms_people/models/qualification.py,5
pm_qms_people,pm.qms.qualification.type,concrete,qms_viewer,write,role-and-scope-specific,static,Source inventory only; requires model-specific runtime fixture,REVIEW_REQUIRED,addons/pm_qms_people/models/qualification.py,5
pm_qms_people,pm.qms.qualification.type,concrete,qms_viewer,unlink,role-and-scope-specific,static,Source inventory only; requires model-specific runtime fixture,REVIEW_REQUIRED,addons/pm_qms_people/models/qualification.py,5
pm_qms_people,pm.qms.qualification.type,concrete,quality_supervisor,read,role-and-scope-specific,static,Source inventory only; requires model-specific runtime fixture,REVIEW_REQUIRED,addons/pm_qms_people/models/qualification.py,5
pm_qms_people,pm.qms.qualification.type,concrete,quality_supervisor,create,role-and-scope-specific,static,Source inventory only; requires model-specific runtime fixture,REVIEW_REQUIRED,addons/pm_qms_people/models/qualification.py,5
pm_qms_people,pm.qms.qualification.type,concrete,quality_supervisor,write,role-and-scope-specific,static,Source inventory only; requires model-specific runtime fixture,REVIEW_REQUIRED,addons/pm_qms_people/models/qualification.py,5
pm_qms_people,pm.qms.qualification.type,concrete,quality_supervisor,unlink,role-and-scope-specific,static,Source inventory only; requires model-specific runtime fixture,REVIEW_REQUIRED,addons/pm_qms_people/models/qualification.py,5
pm_qms_people,pm.qms.qualification.type,concrete,quality_manager,read,role-and-scope-specific,static,Source inventory only; requires model-specific runtime fixture,REVIEW_REQUIRED,addons/pm_qms_people/models/qualification.py,5
pm_qms_people,pm.qms.qualification.type,concrete,quality_manager,create,role-and-scope-specific,static,Source inventory only; requires model-specific runtime fixture,REVIEW_REQUIRED,addons/pm_qms_people/models/qualification.py,5
pm_qms_people,pm.qms.qualification.type,concrete,quality_manager,write,role-and-scope-specific,static,Source inventory only; requires model-specific runtime fixture,REVIEW_REQUIRED,addons/pm_qms_people/models/qualification.py,5
pm_qms_people,pm.qms.qualification.type,concrete,quality_manager,unlink,role-and-scope-specific,static,Source inventory only; requires model-specific runtime fixture,REVIEW_REQUIRED,addons/pm_qms_people/models/qualification.py,5
pm_qms_people,pm.qms.qualification.type,concrete,qms_administrator,read,role-and-scope-specific,static,Source inventory only; requires model-specific runtime fixture,REVIEW_REQUIRED,addons/pm_qms_people/models/qualification.py,5
pm_qms_people,pm.qms.qualification.type,concrete,qms_administrator,create,role-and-scope-specific,static,Source inventory only; requires model-specific runtime fixture,REVIEW_REQUIRED,addons/pm_qms_people/models/qualification.py,5
pm_qms_people,pm.qms.qualification.type,concrete,qms_administrator,write,role-and-scope-specific,static,Source inventory only; requires model-specific runtime fixture,REVIEW_REQUIRED,addons/pm_qms_people/models/qualification.py,5
pm_qms_people,pm.qms.qualification.type,concrete,qms_administrator,unlink,role-and-scope-specific,static,Source inventory only; requires model-specific runtime fixture,REVIEW_REQUIRED,addons/pm_qms_people/models/qualification.py,5
pm_qms_people,pm.qms.qualification.type,concrete,qms_licensing_administrator,read,role-and-scope-specific,static,Source inventory only; requires model-specific runtime fixture,REVIEW_REQUIRED,addons/pm_qms_people/models/qualification.py,5
pm_qms_people,pm.qms.qualification.type,concrete,qms_licensing_administrator,create,role-and-scope-specific,static,Source inventory only; requires model-specific runtime fixture,REVIEW_REQUIRED,addons/pm_qms_people/models/qualification.py,5
pm_qms_people,pm.qms.qualification.type,concrete,qms_licensing_administrator,write,role-and-scope-specific,static,Source inventory only; requires model-specific runtime fixture,REVIEW_REQUIRED,addons/pm_qms_people/models/qualification.py,5
pm_qms_people,pm.qms.qualification.type,concrete,qms_licensing_administrator,unlink,role-and-scope-specific,static,Source inventory only; requires model-specific runtime fixture,REVIEW_REQUIRED,addons/pm_qms_people/models/qualification.py,5
pm_qms_people,pm.qms.qualification.type,concrete,odoo_system_administrator,read,role-and-scope-specific,static,Source inventory only; requires model-specific runtime fixture,REVIEW_REQUIRED,addons/pm_qms_people/models/qualification.py,5
pm_qms_people,pm.qms.qualification.type,concrete,odoo_system_administrator,create,role-and-scope-specific,static,Source inventory only; requires model-specific runtime fixture,REVIEW_REQUIRED,addons/pm_qms_people/models/qualification.py,5
pm_qms_people,pm.qms.qualification.type,concrete,odoo_system_administrator,write,role-and-scope-specific,static,Source inventory only; requires model-specific runtime fixture,REVIEW_REQUIRED,addons/pm_qms_people/models/qualification.py,5
pm_qms_people,pm.qms.qualification.type,concrete,odoo_system_administrator,unlink,role-and-scope-specific,static,Source inventory only; requires model-specific runtime fixture,REVIEW_REQUIRED,addons/pm_qms_people/models/qualification.py,5
pm_qms_customer_quality,pm.qms.quality.alert,concrete,public,read,deny,runtime,TestM27Security.test_public_and_portal_have_no_qms_model_or_side_channel_access,PASS,addons/pm_qms_customer_quality/models/quality_alert.py,5
pm_qms_customer_quality,pm.qms.quality.alert,concrete,public,create,deny,runtime,TestM27Security.test_public_and_portal_have_no_qms_model_or_side_channel_access,PASS,addons/pm_qms_customer_quality/models/quality_alert.py,5
pm_qms_customer_quality,pm.qms.quality.alert,concrete,public,write,deny,runtime,TestM27Security.test_public_and_portal_have_no_qms_model_or_side_channel_access,PASS,addons/pm_qms_customer_quality/models/quality_alert.py,5
pm_qms_customer_quality,pm.qms.quality.alert,concrete,public,unlink,deny,runtime,TestM27Security.test_public_and_portal_have_no_qms_model_or_side_channel_access,PASS,addons/pm_qms_customer_quality/models/quality_alert.py,5
pm_qms_customer_quality,pm.qms.quality.alert,concrete,portal,read,deny,runtime,TestM27Security.test_public_and_portal_have_no_qms_model_or_side_channel_access,PASS,addons/pm_qms_customer_quality/models/quality_alert.py,5
pm_qms_customer_quality,pm.qms.quality.alert,concrete,portal,create,deny,runtime,TestM27Security.test_public_and_portal_have_no_qms_model_or_side_channel_access,PASS,addons/pm_qms_customer_quality/models/quality_alert.py,5
pm_qms_customer_quality,pm.qms.quality.alert,concrete,portal,write,deny,runtime,TestM27Security.test_public_and_portal_have_no_qms_model_or_side_channel_access,PASS,addons/pm_qms_customer_quality/models/quality_alert.py,5
pm_qms_customer_quality,pm.qms.quality.alert,concrete,portal,unlink,deny,runtime,TestM27Security.test_public_and_portal_have_no_qms_model_or_side_channel_access,PASS,addons/pm_qms_customer_quality/models/quality_alert.py,5
pm_qms_customer_quality,pm.qms.quality.alert,concrete,qms_user,read,role-and-scope-specific,static,Source inventory only; requires model-specific runtime fixture,REVIEW_REQUIRED,addons/pm_qms_customer_quality/models/quality_alert.py,5
pm_qms_customer_quality,pm.qms.quality.alert,concrete,qms_user,create,role-and-scope-specific,static,Source inventory only; requires model-specific runtime fixture,REVIEW_REQUIRED,addons/pm_qms_customer_quality/models/quality_alert.py,5
pm_qms_customer_quality,pm.qms.quality.alert,concrete,qms_user,write,role-and-scope-specific,static,Source inventory only; requires model-specific runtime fixture,REVIEW_REQUIRED,addons/pm_qms_customer_quality/models/quality_alert.py,5
pm_qms_customer_quality,pm.qms.quality.alert,concrete,qms_user,unlink,role-and-scope-specific,static,Source inventory only; requires model-specific runtime fixture,REVIEW_REQUIRED,addons/pm_qms_customer_quality/models/quality_alert.py,5
pm_qms_customer_quality,pm.qms.quality.alert,concrete,qms_viewer,read,role-and-scope-specific,static,Source inventory only; requires model-specific runtime fixture,REVIEW_REQUIRED,addons/pm_qms_customer_quality/models/quality_alert.py,5
pm_qms_customer_quality,pm.qms.quality.alert,concrete,qms_viewer,create,role-and-scope-specific,static,Source inventory only; requires model-specific runtime fixture,REVIEW_REQUIRED,addons/pm_qms_customer_quality/models/quality_alert.py,5
pm_qms_customer_quality,pm.qms.quality.alert,concrete,qms_viewer,write,role-and-scope-specific,static,Source inventory only; requires model-specific runtime fixture,REVIEW_REQUIRED,addons/pm_qms_customer_quality/models/quality_alert.py,5
pm_qms_customer_quality,pm.qms.quality.alert,concrete,qms_viewer,unlink,role-and-scope-specific,static,Source inventory only; requires model-specific runtime fixture,REVIEW_REQUIRED,addons/pm_qms_customer_quality/models/quality_alert.py,5
pm_qms_customer_quality,pm.qms.quality.alert,concrete,quality_supervisor,read,role-and-scope-specific,static,Source inventory only; requires model-specific runtime fixture,REVIEW_REQUIRED,addons/pm_qms_customer_quality/models/quality_alert.py,5
pm_qms_customer_quality,pm.qms.quality.alert,concrete,quality_supervisor,create,role-and-scope-specific,static,Source inventory only; requires model-specific runtime fixture,REVIEW_REQUIRED,addons/pm_qms_customer_quality/models/quality_alert.py,5
pm_qms_customer_quality,pm.qms.quality.alert,concrete,quality_supervisor,write,role-and-scope-specific,static,Source inventory only; requires model-specific runtime fixture,REVIEW_REQUIRED,addons/pm_qms_customer_quality/models/quality_alert.py,5
pm_qms_customer_quality,pm.qms.quality.alert,concrete,quality_supervisor,unlink,role-and-scope-specific,static,Source inventory only; requires model-specific runtime fixture,REVIEW_REQUIRED,addons/pm_qms_customer_quality/models/quality_alert.py,5
pm_qms_customer_quality,pm.qms.quality.alert,concrete,quality_manager,read,role-and-scope-specific,static,Source inventory only; requires model-specific runtime fixture,REVIEW_REQUIRED,addons/pm_qms_customer_quality/models/quality_alert.py,5
pm_qms_customer_quality,pm.qms.quality.alert,concrete,quality_manager,create,role-and-scope-specific,static,Source inventory only; requires model-specific runtime fixture,REVIEW_REQUIRED,addons/pm_qms_customer_quality/models/quality_alert.py,5
pm_qms_customer_quality,pm.qms.quality.alert,concrete,quality_manager,write,role-and-scope-specific,static,Source inventory only; requires model-specific runtime fixture,REVIEW_REQUIRED,addons/pm_qms_customer_quality/models/quality_alert.py,5
pm_qms_customer_quality,pm.qms.quality.alert,concrete,quality_manager,unlink,role-and-scope-specific,static,Source inventory only; requires model-specific runtime fixture,REVIEW_REQUIRED,addons/pm_qms_customer_quality/models/quality_alert.py,5
pm_qms_customer_quality,pm.qms.quality.alert,concrete,qms_administrator,read,role-and-scope-specific,static,Source inventory only; requires model-specific runtime fixture,REVIEW_REQUIRED,addons/pm_qms_customer_quality/models/quality_alert.py,5
pm_qms_customer_quality,pm.qms.quality.alert,concrete,qms_administrator,create,role-and-scope-specific,static,Source inventory only; requires model-specific runtime fixture,REVIEW_REQUIRED,addons/pm_qms_customer_quality/models/quality_alert.py,5
pm_qms_customer_quality,pm.qms.quality.alert,concrete,qms_administrator,write,role-and-scope-specific,static,Source inventory only; requires model-specific runtime fixture,REVIEW_REQUIRED,addons/pm_qms_customer_quality/models/quality_alert.py,5
pm_qms_customer_quality,pm.qms.quality.alert,concrete,qms_administrator,unlink,role-and-scope-specific,static,Source inventory only; requires model-specific runtime fixture,REVIEW_REQUIRED,addons/pm_qms_customer_quality/models/quality_alert.py,5
pm_qms_customer_quality,pm.qms.quality.alert,concrete,qms_licensing_administrator,read,role-and-scope-specific,static,Source inventory only; requires model-specific runtime fixture,REVIEW_REQUIRED,addons/pm_qms_customer_quality/models/quality_alert.py,5
pm_qms_customer_quality,pm.qms.quality.alert,concrete,qms_licensing_administrator,create,role-and-scope-specific,static,Source inventory only; requires model-specific runtime fixture,REVIEW_REQUIRED,addons/pm_qms_customer_quality/models/quality_alert.py,5
pm_qms_customer_quality,pm.qms.quality.alert,concrete,qms_licensing_administrator,write,role-and-scope-specific,static,Source inventory only; requires model-specific runtime fixture,REVIEW_REQUIRED,addons/pm_qms_customer_quality/models/quality_alert.py,5
pm_qms_customer_quality,pm.qms.quality.alert,concrete,qms_licensing_administrator,unlink,role-and-scope-specific,static,Source inventory only; requires model-specific runtime fixture,REVIEW_REQUIRED,addons/pm_qms_customer_quality/models/quality_alert.py,5
pm_qms_customer_quality,pm.qms.quality.alert,concrete,odoo_system_administrator,read,role-and-scope-specific,static,Source inventory only; requires model-specific runtime fixture,REVIEW_REQUIRED,addons/pm_qms_customer_quality/models/quality_alert.py,5
pm_qms_customer_quality,pm.qms.quality.alert,concrete,odoo_system_administrator,create,role-and-scope-specific,static,Source inventory only; requires model-specific runtime fixture,REVIEW_REQUIRED,addons/pm_qms_customer_quality/models/quality_alert.py,5
pm_qms_customer_quality,pm.qms.quality.alert,concrete,odoo_system_administrator,write,role-and-scope-specific,static,Source inventory only; requires model-specific runtime fixture,REVIEW_REQUIRED,addons/pm_qms_customer_quality/models/quality_alert.py,5
pm_qms_customer_quality,pm.qms.quality.alert,concrete,odoo_system_administrator,unlink,role-and-scope-specific,static,Source inventory only; requires model-specific runtime fixture,REVIEW_REQUIRED,addons/pm_qms_customer_quality/models/quality_alert.py,5
pm_qms_implementation,pm.qms.readiness.assessment,concrete,public,read,deny,runtime,TestM27Security.test_public_and_portal_have_no_qms_model_or_side_channel_access,PASS,addons/pm_qms_implementation/models/readiness_assessment.py,5
pm_qms_implementation,pm.qms.readiness.assessment,concrete,public,create,deny,runtime,TestM27Security.test_public_and_portal_have_no_qms_model_or_side_channel_access,PASS,addons/pm_qms_implementation/models/readiness_assessment.py,5
pm_qms_implementation,pm.qms.readiness.assessment,concrete,public,write,deny,runtime,TestM27Security.test_public_and_portal_have_no_qms_model_or_side_channel_access,PASS,addons/pm_qms_implementation/models/readiness_assessment.py,5
pm_qms_implementation,pm.qms.readiness.assessment,concrete,public,unlink,deny,runtime,TestM27Security.test_public_and_portal_have_no_qms_model_or_side_channel_access,PASS,addons/pm_qms_implementation/models/readiness_assessment.py,5
pm_qms_implementation,pm.qms.readiness.assessment,concrete,portal,read,deny,runtime,TestM27Security.test_public_and_portal_have_no_qms_model_or_side_channel_access,PASS,addons/pm_qms_implementation/models/readiness_assessment.py,5
pm_qms_implementation,pm.qms.readiness.assessment,concrete,portal,create,deny,runtime,TestM27Security.test_public_and_portal_have_no_qms_model_or_side_channel_access,PASS,addons/pm_qms_implementation/models/readiness_assessment.py,5
pm_qms_implementation,pm.qms.readiness.assessment,concrete,portal,write,deny,runtime,TestM27Security.test_public_and_portal_have_no_qms_model_or_side_channel_access,PASS,addons/pm_qms_implementation/models/readiness_assessment.py,5
pm_qms_implementation,pm.qms.readiness.assessment,concrete,portal,unlink,deny,runtime,TestM27Security.test_public_and_portal_have_no_qms_model_or_side_channel_access,PASS,addons/pm_qms_implementation/models/readiness_assessment.py,5
pm_qms_implementation,pm.qms.readiness.assessment,concrete,qms_user,read,role-and-scope-specific,static,Source inventory only; requires model-specific runtime fixture,REVIEW_REQUIRED,addons/pm_qms_implementation/models/readiness_assessment.py,5
pm_qms_implementation,pm.qms.readiness.assessment,concrete,qms_user,create,role-and-scope-specific,static,Source inventory only; requires model-specific runtime fixture,REVIEW_REQUIRED,addons/pm_qms_implementation/models/readiness_assessment.py,5
pm_qms_implementation,pm.qms.readiness.assessment,concrete,qms_user,write,role-and-scope-specific,static,Source inventory only; requires model-specific runtime fixture,REVIEW_REQUIRED,addons/pm_qms_implementation/models/readiness_assessment.py,5
pm_qms_implementation,pm.qms.readiness.assessment,concrete,qms_user,unlink,role-and-scope-specific,static,Source inventory only; requires model-specific runtime fixture,REVIEW_REQUIRED,addons/pm_qms_implementation/models/readiness_assessment.py,5
pm_qms_implementation,pm.qms.readiness.assessment,concrete,qms_viewer,read,role-and-scope-specific,static,Source inventory only; requires model-specific runtime fixture,REVIEW_REQUIRED,addons/pm_qms_implementation/models/readiness_assessment.py,5
pm_qms_implementation,pm.qms.readiness.assessment,concrete,qms_viewer,create,role-and-scope-specific,static,Source inventory only; requires model-specific runtime fixture,REVIEW_REQUIRED,addons/pm_qms_implementation/models/readiness_assessment.py,5
pm_qms_implementation,pm.qms.readiness.assessment,concrete,qms_viewer,write,role-and-scope-specific,static,Source inventory only; requires model-specific runtime fixture,REVIEW_REQUIRED,addons/pm_qms_implementation/models/readiness_assessment.py,5
pm_qms_implementation,pm.qms.readiness.assessment,concrete,qms_viewer,unlink,role-and-scope-specific,static,Source inventory only; requires model-specific runtime fixture,REVIEW_REQUIRED,addons/pm_qms_implementation/models/readiness_assessment.py,5
pm_qms_implementation,pm.qms.readiness.assessment,concrete,quality_supervisor,read,role-and-scope-specific,static,Source inventory only; requires model-specific runtime fixture,REVIEW_REQUIRED,addons/pm_qms_implementation/models/readiness_assessment.py,5
pm_qms_implementation,pm.qms.readiness.assessment,concrete,quality_supervisor,create,role-and-scope-specific,static,Source inventory only; requires model-specific runtime fixture,REVIEW_REQUIRED,addons/pm_qms_implementation/models/readiness_assessment.py,5
pm_qms_implementation,pm.qms.readiness.assessment,concrete,quality_supervisor,write,role-and-scope-specific,static,Source inventory only; requires model-specific runtime fixture,REVIEW_REQUIRED,addons/pm_qms_implementation/models/readiness_assessment.py,5
pm_qms_implementation,pm.qms.readiness.assessment,concrete,quality_supervisor,unlink,role-and-scope-specific,static,Source inventory only; requires model-specific runtime fixture,REVIEW_REQUIRED,addons/pm_qms_implementation/models/readiness_assessment.py,5
pm_qms_implementation,pm.qms.readiness.assessment,concrete,quality_manager,read,role-and-scope-specific,static,Source inventory only; requires model-specific runtime fixture,REVIEW_REQUIRED,addons/pm_qms_implementation/models/readiness_assessment.py,5
pm_qms_implementation,pm.qms.readiness.assessment,concrete,quality_manager,create,role-and-scope-specific,static,Source inventory only; requires model-specific runtime fixture,REVIEW_REQUIRED,addons/pm_qms_implementation/models/readiness_assessment.py,5
pm_qms_implementation,pm.qms.readiness.assessment,concrete,quality_manager,write,role-and-scope-specific,static,Source inventory only; requires model-specific runtime fixture,REVIEW_REQUIRED,addons/pm_qms_implementation/models/readiness_assessment.py,5
pm_qms_implementation,pm.qms.readiness.assessment,concrete,quality_manager,unlink,role-and-scope-specific,static,Source inventory only; requires model-specific runtime fixture,REVIEW_REQUIRED,addons/pm_qms_implementation/models/readiness_assessment.py,5
pm_qms_implementation,pm.qms.readiness.assessment,concrete,qms_administrator,read,role-and-scope-specific,static,Source inventory only; requires model-specific runtime fixture,REVIEW_REQUIRED,addons/pm_qms_implementation/models/readiness_assessment.py,5
pm_qms_implementation,pm.qms.readiness.assessment,concrete,qms_administrator,create,role-and-scope-specific,static,Source inventory only; requires model-specific runtime fixture,REVIEW_REQUIRED,addons/pm_qms_implementation/models/readiness_assessment.py,5
pm_qms_implementation,pm.qms.readiness.assessment,concrete,qms_administrator,write,role-and-scope-specific,static,Source inventory only; requires model-specific runtime fixture,REVIEW_REQUIRED,addons/pm_qms_implementation/models/readiness_assessment.py,5
pm_qms_implementation,pm.qms.readiness.assessment,concrete,qms_administrator,unlink,role-and-scope-specific,static,Source inventory only; requires model-specific runtime fixture,REVIEW_REQUIRED,addons/pm_qms_implementation/models/readiness_assessment.py,5
pm_qms_implementation,pm.qms.readiness.assessment,concrete,qms_licensing_administrator,read,role-and-scope-specific,static,Source inventory only; requires model-specific runtime fixture,REVIEW_REQUIRED,addons/pm_qms_implementation/models/readiness_assessment.py,5
pm_qms_implementation,pm.qms.readiness.assessment,concrete,qms_licensing_administrator,create,role-and-scope-specific,static,Source inventory only; requires model-specific runtime fixture,REVIEW_REQUIRED,addons/pm_qms_implementation/models/readiness_assessment.py,5
pm_qms_implementation,pm.qms.readiness.assessment,concrete,qms_licensing_administrator,write,role-and-scope-specific,static,Source inventory only; requires model-specific runtime fixture,REVIEW_REQUIRED,addons/pm_qms_implementation/models/readiness_assessment.py,5
pm_qms_implementation,pm.qms.readiness.assessment,concrete,qms_licensing_administrator,unlink,role-and-scope-specific,static,Source inventory only; requires model-specific runtime fixture,REVIEW_REQUIRED,addons/pm_qms_implementation/models/readiness_assessment.py,5
pm_qms_implementation,pm.qms.readiness.assessment,concrete,odoo_system_administrator,read,role-and-scope-specific,static,Source inventory only; requires model-specific runtime fixture,REVIEW_REQUIRED,addons/pm_qms_implementation/models/readiness_assessment.py,5
pm_qms_implementation,pm.qms.readiness.assessment,concrete,odoo_system_administrator,create,role-and-scope-specific,static,Source inventory only; requires model-specific runtime fixture,REVIEW_REQUIRED,addons/pm_qms_implementation/models/readiness_assessment.py,5
pm_qms_implementation,pm.qms.readiness.assessment,concrete,odoo_system_administrator,write,role-and-scope-specific,static,Source inventory only; requires model-specific runtime fixture,REVIEW_REQUIRED,addons/pm_qms_implementation/models/readiness_assessment.py,5
pm_qms_implementation,pm.qms.readiness.assessment,concrete,odoo_system_administrator,unlink,role-and-scope-specific,static,Source inventory only; requires model-specific runtime fixture,REVIEW_REQUIRED,addons/pm_qms_implementation/models/readiness_assessment.py,5
pm_qms_implementation,pm.qms.readiness.assessment.item,concrete,public,read,deny,runtime,TestM27Security.test_public_and_portal_have_no_qms_model_or_side_channel_access,PASS,addons/pm_qms_implementation/models/readiness_assessment.py,142
pm_qms_implementation,pm.qms.readiness.assessment.item,concrete,public,create,deny,runtime,TestM27Security.test_public_and_portal_have_no_qms_model_or_side_channel_access,PASS,addons/pm_qms_implementation/models/readiness_assessment.py,142
pm_qms_implementation,pm.qms.readiness.assessment.item,concrete,public,write,deny,runtime,TestM27Security.test_public_and_portal_have_no_qms_model_or_side_channel_access,PASS,addons/pm_qms_implementation/models/readiness_assessment.py,142
pm_qms_implementation,pm.qms.readiness.assessment.item,concrete,public,unlink,deny,runtime,TestM27Security.test_public_and_portal_have_no_qms_model_or_side_channel_access,PASS,addons/pm_qms_implementation/models/readiness_assessment.py,142
pm_qms_implementation,pm.qms.readiness.assessment.item,concrete,portal,read,deny,runtime,TestM27Security.test_public_and_portal_have_no_qms_model_or_side_channel_access,PASS,addons/pm_qms_implementation/models/readiness_assessment.py,142
pm_qms_implementation,pm.qms.readiness.assessment.item,concrete,portal,create,deny,runtime,TestM27Security.test_public_and_portal_have_no_qms_model_or_side_channel_access,PASS,addons/pm_qms_implementation/models/readiness_assessment.py,142
pm_qms_implementation,pm.qms.readiness.assessment.item,concrete,portal,write,deny,runtime,TestM27Security.test_public_and_portal_have_no_qms_model_or_side_channel_access,PASS,addons/pm_qms_implementation/models/readiness_assessment.py,142
pm_qms_implementation,pm.qms.readiness.assessment.item,concrete,portal,unlink,deny,runtime,TestM27Security.test_public_and_portal_have_no_qms_model_or_side_channel_access,PASS,addons/pm_qms_implementation/models/readiness_assessment.py,142
pm_qms_implementation,pm.qms.readiness.assessment.item,concrete,qms_user,read,role-and-scope-specific,static,Source inventory only; requires model-specific runtime fixture,REVIEW_REQUIRED,addons/pm_qms_implementation/models/readiness_assessment.py,142
pm_qms_implementation,pm.qms.readiness.assessment.item,concrete,qms_user,create,role-and-scope-specific,static,Source inventory only; requires model-specific runtime fixture,REVIEW_REQUIRED,addons/pm_qms_implementation/models/readiness_assessment.py,142
pm_qms_implementation,pm.qms.readiness.assessment.item,concrete,qms_user,write,role-and-scope-specific,static,Source inventory only; requires model-specific runtime fixture,REVIEW_REQUIRED,addons/pm_qms_implementation/models/readiness_assessment.py,142
pm_qms_implementation,pm.qms.readiness.assessment.item,concrete,qms_user,unlink,role-and-scope-specific,static,Source inventory only; requires model-specific runtime fixture,REVIEW_REQUIRED,addons/pm_qms_implementation/models/readiness_assessment.py,142
pm_qms_implementation,pm.qms.readiness.assessment.item,concrete,qms_viewer,read,role-and-scope-specific,static,Source inventory only; requires model-specific runtime fixture,REVIEW_REQUIRED,addons/pm_qms_implementation/models/readiness_assessment.py,142
pm_qms_implementation,pm.qms.readiness.assessment.item,concrete,qms_viewer,create,role-and-scope-specific,static,Source inventory only; requires model-specific runtime fixture,REVIEW_REQUIRED,addons/pm_qms_implementation/models/readiness_assessment.py,142
pm_qms_implementation,pm.qms.readiness.assessment.item,concrete,qms_viewer,write,role-and-scope-specific,static,Source inventory only; requires model-specific runtime fixture,REVIEW_REQUIRED,addons/pm_qms_implementation/models/readiness_assessment.py,142
pm_qms_implementation,pm.qms.readiness.assessment.item,concrete,qms_viewer,unlink,role-and-scope-specific,static,Source inventory only; requires model-specific runtime fixture,REVIEW_REQUIRED,addons/pm_qms_implementation/models/readiness_assessment.py,142
pm_qms_implementation,pm.qms.readiness.assessment.item,concrete,quality_supervisor,read,role-and-scope-specific,static,Source inventory only; requires model-specific runtime fixture,REVIEW_REQUIRED,addons/pm_qms_implementation/models/readiness_assessment.py,142
pm_qms_implementation,pm.qms.readiness.assessment.item,concrete,quality_supervisor,create,role-and-scope-specific,static,Source inventory only; requires model-specific runtime fixture,REVIEW_REQUIRED,addons/pm_qms_implementation/models/readiness_assessment.py,142
pm_qms_implementation,pm.qms.readiness.assessment.item,concrete,quality_supervisor,write,role-and-scope-specific,static,Source inventory only; requires model-specific runtime fixture,REVIEW_REQUIRED,addons/pm_qms_implementation/models/readiness_assessment.py,142
pm_qms_implementation,pm.qms.readiness.assessment.item,concrete,quality_supervisor,unlink,role-and-scope-specific,static,Source inventory only; requires model-specific runtime fixture,REVIEW_REQUIRED,addons/pm_qms_implementation/models/readiness_assessment.py,142
pm_qms_implementation,pm.qms.readiness.assessment.item,concrete,quality_manager,read,role-and-scope-specific,static,Source inventory only; requires model-specific runtime fixture,REVIEW_REQUIRED,addons/pm_qms_implementation/models/readiness_assessment.py,142
pm_qms_implementation,pm.qms.readiness.assessment.item,concrete,quality_manager,create,role-and-scope-specific,static,Source inventory only; requires model-specific runtime fixture,REVIEW_REQUIRED,addons/pm_qms_implementation/models/readiness_assessment.py,142
pm_qms_implementation,pm.qms.readiness.assessment.item,concrete,quality_manager,write,role-and-scope-specific,static,Source inventory only; requires model-specific runtime fixture,REVIEW_REQUIRED,addons/pm_qms_implementation/models/readiness_assessment.py,142
pm_qms_implementation,pm.qms.readiness.assessment.item,concrete,quality_manager,unlink,role-and-scope-specific,static,Source inventory only; requires model-specific runtime fixture,REVIEW_REQUIRED,addons/pm_qms_implementation/models/readiness_assessment.py,142
pm_qms_implementation,pm.qms.readiness.assessment.item,concrete,qms_administrator,read,role-and-scope-specific,static,Source inventory only; requires model-specific runtime fixture,REVIEW_REQUIRED,addons/pm_qms_implementation/models/readiness_assessment.py,142
pm_qms_implementation,pm.qms.readiness.assessment.item,concrete,qms_administrator,create,role-and-scope-specific,static,Source inventory only; requires model-specific runtime fixture,REVIEW_REQUIRED,addons/pm_qms_implementation/models/readiness_assessment.py,142
pm_qms_implementation,pm.qms.readiness.assessment.item,concrete,qms_administrator,write,role-and-scope-specific,static,Source inventory only; requires model-specific runtime fixture,REVIEW_REQUIRED,addons/pm_qms_implementation/models/readiness_assessment.py,142
pm_qms_implementation,pm.qms.readiness.assessment.item,concrete,qms_administrator,unlink,role-and-scope-specific,static,Source inventory only; requires model-specific runtime fixture,REVIEW_REQUIRED,addons/pm_qms_implementation/models/readiness_assessment.py,142
pm_qms_implementation,pm.qms.readiness.assessment.item,concrete,qms_licensing_administrator,read,role-and-scope-specific,static,Source inventory only; requires model-specific runtime fixture,REVIEW_REQUIRED,addons/pm_qms_implementation/models/readiness_assessment.py,142
pm_qms_implementation,pm.qms.readiness.assessment.item,concrete,qms_licensing_administrator,create,role-and-scope-specific,static,Source inventory only; requires model-specific runtime fixture,REVIEW_REQUIRED,addons/pm_qms_implementation/models/readiness_assessment.py,142
pm_qms_implementation,pm.qms.readiness.assessment.item,concrete,qms_licensing_administrator,write,role-and-scope-specific,static,Source inventory only; requires model-specific runtime fixture,REVIEW_REQUIRED,addons/pm_qms_implementation/models/readiness_assessment.py,142
pm_qms_implementation,pm.qms.readiness.assessment.item,concrete,qms_licensing_administrator,unlink,role-and-scope-specific,static,Source inventory only; requires model-specific runtime fixture,REVIEW_REQUIRED,addons/pm_qms_implementation/models/readiness_assessment.py,142
pm_qms_implementation,pm.qms.readiness.assessment.item,concrete,odoo_system_administrator,read,role-and-scope-specific,static,Source inventory only; requires model-specific runtime fixture,REVIEW_REQUIRED,addons/pm_qms_implementation/models/readiness_assessment.py,142
pm_qms_implementation,pm.qms.readiness.assessment.item,concrete,odoo_system_administrator,create,role-and-scope-specific,static,Source inventory only; requires model-specific runtime fixture,REVIEW_REQUIRED,addons/pm_qms_implementation/models/readiness_assessment.py,142
pm_qms_implementation,pm.qms.readiness.assessment.item,concrete,odoo_system_administrator,write,role-and-scope-specific,static,Source inventory only; requires model-specific runtime fixture,REVIEW_REQUIRED,addons/pm_qms_implementation/models/readiness_assessment.py,142
pm_qms_implementation,pm.qms.readiness.assessment.item,concrete,odoo_system_administrator,unlink,role-and-scope-specific,static,Source inventory only; requires model-specific runtime fixture,REVIEW_REQUIRED,addons/pm_qms_implementation/models/readiness_assessment.py,142
pm_qms_implementation,pm.qms.readiness.center,transient,public,read,deny,runtime,TestM27Security.test_public_and_portal_have_no_qms_model_or_side_channel_access,PASS,addons/pm_qms_implementation/models/readiness_center.py,4
pm_qms_implementation,pm.qms.readiness.center,transient,public,create,deny,runtime,TestM27Security.test_public_and_portal_have_no_qms_model_or_side_channel_access,PASS,addons/pm_qms_implementation/models/readiness_center.py,4
pm_qms_implementation,pm.qms.readiness.center,transient,public,write,deny,runtime,TestM27Security.test_public_and_portal_have_no_qms_model_or_side_channel_access,PASS,addons/pm_qms_implementation/models/readiness_center.py,4
pm_qms_implementation,pm.qms.readiness.center,transient,public,unlink,deny,runtime,TestM27Security.test_public_and_portal_have_no_qms_model_or_side_channel_access,PASS,addons/pm_qms_implementation/models/readiness_center.py,4
pm_qms_implementation,pm.qms.readiness.center,transient,portal,read,deny,runtime,TestM27Security.test_public_and_portal_have_no_qms_model_or_side_channel_access,PASS,addons/pm_qms_implementation/models/readiness_center.py,4
pm_qms_implementation,pm.qms.readiness.center,transient,portal,create,deny,runtime,TestM27Security.test_public_and_portal_have_no_qms_model_or_side_channel_access,PASS,addons/pm_qms_implementation/models/readiness_center.py,4
pm_qms_implementation,pm.qms.readiness.center,transient,portal,write,deny,runtime,TestM27Security.test_public_and_portal_have_no_qms_model_or_side_channel_access,PASS,addons/pm_qms_implementation/models/readiness_center.py,4
pm_qms_implementation,pm.qms.readiness.center,transient,portal,unlink,deny,runtime,TestM27Security.test_public_and_portal_have_no_qms_model_or_side_channel_access,PASS,addons/pm_qms_implementation/models/readiness_center.py,4
pm_qms_implementation,pm.qms.readiness.center,transient,qms_user,read,role-and-scope-specific,static,Source inventory only; requires model-specific runtime fixture,REVIEW_REQUIRED,addons/pm_qms_implementation/models/readiness_center.py,4
pm_qms_implementation,pm.qms.readiness.center,transient,qms_user,create,role-and-scope-specific,static,Source inventory only; requires model-specific runtime fixture,REVIEW_REQUIRED,addons/pm_qms_implementation/models/readiness_center.py,4
pm_qms_implementation,pm.qms.readiness.center,transient,qms_user,write,role-and-scope-specific,static,Source inventory only; requires model-specific runtime fixture,REVIEW_REQUIRED,addons/pm_qms_implementation/models/readiness_center.py,4
pm_qms_implementation,pm.qms.readiness.center,transient,qms_user,unlink,role-and-scope-specific,static,Source inventory only; requires model-specific runtime fixture,REVIEW_REQUIRED,addons/pm_qms_implementation/models/readiness_center.py,4
pm_qms_implementation,pm.qms.readiness.center,transient,qms_viewer,read,role-and-scope-specific,static,Source inventory only; requires model-specific runtime fixture,REVIEW_REQUIRED,addons/pm_qms_implementation/models/readiness_center.py,4
pm_qms_implementation,pm.qms.readiness.center,transient,qms_viewer,create,role-and-scope-specific,static,Source inventory only; requires model-specific runtime fixture,REVIEW_REQUIRED,addons/pm_qms_implementation/models/readiness_center.py,4
pm_qms_implementation,pm.qms.readiness.center,transient,qms_viewer,write,role-and-scope-specific,static,Source inventory only; requires model-specific runtime fixture,REVIEW_REQUIRED,addons/pm_qms_implementation/models/readiness_center.py,4
pm_qms_implementation,pm.qms.readiness.center,transient,qms_viewer,unlink,role-and-scope-specific,static,Source inventory only; requires model-specific runtime fixture,REVIEW_REQUIRED,addons/pm_qms_implementation/models/readiness_center.py,4
pm_qms_implementation,pm.qms.readiness.center,transient,quality_supervisor,read,role-and-scope-specific,static,Source inventory only; requires model-specific runtime fixture,REVIEW_REQUIRED,addons/pm_qms_implementation/models/readiness_center.py,4
pm_qms_implementation,pm.qms.readiness.center,transient,quality_supervisor,create,role-and-scope-specific,static,Source inventory only; requires model-specific runtime fixture,REVIEW_REQUIRED,addons/pm_qms_implementation/models/readiness_center.py,4
pm_qms_implementation,pm.qms.readiness.center,transient,quality_supervisor,write,role-and-scope-specific,static,Source inventory only; requires model-specific runtime fixture,REVIEW_REQUIRED,addons/pm_qms_implementation/models/readiness_center.py,4
pm_qms_implementation,pm.qms.readiness.center,transient,quality_supervisor,unlink,role-and-scope-specific,static,Source inventory only; requires model-specific runtime fixture,REVIEW_REQUIRED,addons/pm_qms_implementation/models/readiness_center.py,4
pm_qms_implementation,pm.qms.readiness.center,transient,quality_manager,read,role-and-scope-specific,static,Source inventory only; requires model-specific runtime fixture,REVIEW_REQUIRED,addons/pm_qms_implementation/models/readiness_center.py,4
pm_qms_implementation,pm.qms.readiness.center,transient,quality_manager,create,role-and-scope-specific,static,Source inventory only; requires model-specific runtime fixture,REVIEW_REQUIRED,addons/pm_qms_implementation/models/readiness_center.py,4
pm_qms_implementation,pm.qms.readiness.center,transient,quality_manager,write,role-and-scope-specific,static,Source inventory only; requires model-specific runtime fixture,REVIEW_REQUIRED,addons/pm_qms_implementation/models/readiness_center.py,4
pm_qms_implementation,pm.qms.readiness.center,transient,quality_manager,unlink,role-and-scope-specific,static,Source inventory only; requires model-specific runtime fixture,REVIEW_REQUIRED,addons/pm_qms_implementation/models/readiness_center.py,4
pm_qms_implementation,pm.qms.readiness.center,transient,qms_administrator,read,role-and-scope-specific,static,Source inventory only; requires model-specific runtime fixture,REVIEW_REQUIRED,addons/pm_qms_implementation/models/readiness_center.py,4
pm_qms_implementation,pm.qms.readiness.center,transient,qms_administrator,create,role-and-scope-specific,static,Source inventory only; requires model-specific runtime fixture,REVIEW_REQUIRED,addons/pm_qms_implementation/models/readiness_center.py,4
pm_qms_implementation,pm.qms.readiness.center,transient,qms_administrator,write,role-and-scope-specific,static,Source inventory only; requires model-specific runtime fixture,REVIEW_REQUIRED,addons/pm_qms_implementation/models/readiness_center.py,4
pm_qms_implementation,pm.qms.readiness.center,transient,qms_administrator,unlink,role-and-scope-specific,static,Source inventory only; requires model-specific runtime fixture,REVIEW_REQUIRED,addons/pm_qms_implementation/models/readiness_center.py,4
pm_qms_implementation,pm.qms.readiness.center,transient,qms_licensing_administrator,read,role-and-scope-specific,static,Source inventory only; requires model-specific runtime fixture,REVIEW_REQUIRED,addons/pm_qms_implementation/models/readiness_center.py,4
pm_qms_implementation,pm.qms.readiness.center,transient,qms_licensing_administrator,create,role-and-scope-specific,static,Source inventory only; requires model-specific runtime fixture,REVIEW_REQUIRED,addons/pm_qms_implementation/models/readiness_center.py,4
pm_qms_implementation,pm.qms.readiness.center,transient,qms_licensing_administrator,write,role-and-scope-specific,static,Source inventory only; requires model-specific runtime fixture,REVIEW_REQUIRED,addons/pm_qms_implementation/models/readiness_center.py,4
pm_qms_implementation,pm.qms.readiness.center,transient,qms_licensing_administrator,unlink,role-and-scope-specific,static,Source inventory only; requires model-specific runtime fixture,REVIEW_REQUIRED,addons/pm_qms_implementation/models/readiness_center.py,4
pm_qms_implementation,pm.qms.readiness.center,transient,odoo_system_administrator,read,role-and-scope-specific,static,Source inventory only; requires model-specific runtime fixture,REVIEW_REQUIRED,addons/pm_qms_implementation/models/readiness_center.py,4
pm_qms_implementation,pm.qms.readiness.center,transient,odoo_system_administrator,create,role-and-scope-specific,static,Source inventory only; requires model-specific runtime fixture,REVIEW_REQUIRED,addons/pm_qms_implementation/models/readiness_center.py,4
pm_qms_implementation,pm.qms.readiness.center,transient,odoo_system_administrator,write,role-and-scope-specific,static,Source inventory only; requires model-specific runtime fixture,REVIEW_REQUIRED,addons/pm_qms_implementation/models/readiness_center.py,4
pm_qms_implementation,pm.qms.readiness.center,transient,odoo_system_administrator,unlink,role-and-scope-specific,static,Source inventory only; requires model-specific runtime fixture,REVIEW_REQUIRED,addons/pm_qms_implementation/models/readiness_center.py,4
pm_qms_implementation,pm.qms.readiness.center.action,transient,public,read,deny,runtime,TestM27Security.test_public_and_portal_have_no_qms_model_or_side_channel_access,PASS,addons/pm_qms_implementation/models/readiness_center.py,119
pm_qms_implementation,pm.qms.readiness.center.action,transient,public,create,deny,runtime,TestM27Security.test_public_and_portal_have_no_qms_model_or_side_channel_access,PASS,addons/pm_qms_implementation/models/readiness_center.py,119
pm_qms_implementation,pm.qms.readiness.center.action,transient,public,write,deny,runtime,TestM27Security.test_public_and_portal_have_no_qms_model_or_side_channel_access,PASS,addons/pm_qms_implementation/models/readiness_center.py,119
pm_qms_implementation,pm.qms.readiness.center.action,transient,public,unlink,deny,runtime,TestM27Security.test_public_and_portal_have_no_qms_model_or_side_channel_access,PASS,addons/pm_qms_implementation/models/readiness_center.py,119
pm_qms_implementation,pm.qms.readiness.center.action,transient,portal,read,deny,runtime,TestM27Security.test_public_and_portal_have_no_qms_model_or_side_channel_access,PASS,addons/pm_qms_implementation/models/readiness_center.py,119
pm_qms_implementation,pm.qms.readiness.center.action,transient,portal,create,deny,runtime,TestM27Security.test_public_and_portal_have_no_qms_model_or_side_channel_access,PASS,addons/pm_qms_implementation/models/readiness_center.py,119
pm_qms_implementation,pm.qms.readiness.center.action,transient,portal,write,deny,runtime,TestM27Security.test_public_and_portal_have_no_qms_model_or_side_channel_access,PASS,addons/pm_qms_implementation/models/readiness_center.py,119
pm_qms_implementation,pm.qms.readiness.center.action,transient,portal,unlink,deny,runtime,TestM27Security.test_public_and_portal_have_no_qms_model_or_side_channel_access,PASS,addons/pm_qms_implementation/models/readiness_center.py,119
pm_qms_implementation,pm.qms.readiness.center.action,transient,qms_user,read,role-and-scope-specific,static,Source inventory only; requires model-specific runtime fixture,REVIEW_REQUIRED,addons/pm_qms_implementation/models/readiness_center.py,119
pm_qms_implementation,pm.qms.readiness.center.action,transient,qms_user,create,role-and-scope-specific,static,Source inventory only; requires model-specific runtime fixture,REVIEW_REQUIRED,addons/pm_qms_implementation/models/readiness_center.py,119
pm_qms_implementation,pm.qms.readiness.center.action,transient,qms_user,write,role-and-scope-specific,static,Source inventory only; requires model-specific runtime fixture,REVIEW_REQUIRED,addons/pm_qms_implementation/models/readiness_center.py,119
pm_qms_implementation,pm.qms.readiness.center.action,transient,qms_user,unlink,role-and-scope-specific,static,Source inventory only; requires model-specific runtime fixture,REVIEW_REQUIRED,addons/pm_qms_implementation/models/readiness_center.py,119
pm_qms_implementation,pm.qms.readiness.center.action,transient,qms_viewer,read,role-and-scope-specific,static,Source inventory only; requires model-specific runtime fixture,REVIEW_REQUIRED,addons/pm_qms_implementation/models/readiness_center.py,119
pm_qms_implementation,pm.qms.readiness.center.action,transient,qms_viewer,create,role-and-scope-specific,static,Source inventory only; requires model-specific runtime fixture,REVIEW_REQUIRED,addons/pm_qms_implementation/models/readiness_center.py,119
pm_qms_implementation,pm.qms.readiness.center.action,transient,qms_viewer,write,role-and-scope-specific,static,Source inventory only; requires model-specific runtime fixture,REVIEW_REQUIRED,addons/pm_qms_implementation/models/readiness_center.py,119
pm_qms_implementation,pm.qms.readiness.center.action,transient,qms_viewer,unlink,role-and-scope-specific,static,Source inventory only; requires model-specific runtime fixture,REVIEW_REQUIRED,addons/pm_qms_implementation/models/readiness_center.py,119
pm_qms_implementation,pm.qms.readiness.center.action,transient,quality_supervisor,read,role-and-scope-specific,static,Source inventory only; requires model-specific runtime fixture,REVIEW_REQUIRED,addons/pm_qms_implementation/models/readiness_center.py,119
pm_qms_implementation,pm.qms.readiness.center.action,transient,quality_supervisor,create,role-and-scope-specific,static,Source inventory only; requires model-specific runtime fixture,REVIEW_REQUIRED,addons/pm_qms_implementation/models/readiness_center.py,119
pm_qms_implementation,pm.qms.readiness.center.action,transient,quality_supervisor,write,role-and-scope-specific,static,Source inventory only; requires model-specific runtime fixture,REVIEW_REQUIRED,addons/pm_qms_implementation/models/readiness_center.py,119
pm_qms_implementation,pm.qms.readiness.center.action,transient,quality_supervisor,unlink,role-and-scope-specific,static,Source inventory only; requires model-specific runtime fixture,REVIEW_REQUIRED,addons/pm_qms_implementation/models/readiness_center.py,119
pm_qms_implementation,pm.qms.readiness.center.action,transient,quality_manager,read,role-and-scope-specific,static,Source inventory only; requires model-specific runtime fixture,REVIEW_REQUIRED,addons/pm_qms_implementation/models/readiness_center.py,119
pm_qms_implementation,pm.qms.readiness.center.action,transient,quality_manager,create,role-and-scope-specific,static,Source inventory only; requires model-specific runtime fixture,REVIEW_REQUIRED,addons/pm_qms_implementation/models/readiness_center.py,119
pm_qms_implementation,pm.qms.readiness.center.action,transient,quality_manager,write,role-and-scope-specific,static,Source inventory only; requires model-specific runtime fixture,REVIEW_REQUIRED,addons/pm_qms_implementation/models/readiness_center.py,119
pm_qms_implementation,pm.qms.readiness.center.action,transient,quality_manager,unlink,role-and-scope-specific,static,Source inventory only; requires model-specific runtime fixture,REVIEW_REQUIRED,addons/pm_qms_implementation/models/readiness_center.py,119
pm_qms_implementation,pm.qms.readiness.center.action,transient,qms_administrator,read,role-and-scope-specific,static,Source inventory only; requires model-specific runtime fixture,REVIEW_REQUIRED,addons/pm_qms_implementation/models/readiness_center.py,119
pm_qms_implementation,pm.qms.readiness.center.action,transient,qms_administrator,create,role-and-scope-specific,static,Source inventory only; requires model-specific runtime fixture,REVIEW_REQUIRED,addons/pm_qms_implementation/models/readiness_center.py,119
pm_qms_implementation,pm.qms.readiness.center.action,transient,qms_administrator,write,role-and-scope-specific,static,Source inventory only; requires model-specific runtime fixture,REVIEW_REQUIRED,addons/pm_qms_implementation/models/readiness_center.py,119
pm_qms_implementation,pm.qms.readiness.center.action,transient,qms_administrator,unlink,role-and-scope-specific,static,Source inventory only; requires model-specific runtime fixture,REVIEW_REQUIRED,addons/pm_qms_implementation/models/readiness_center.py,119
pm_qms_implementation,pm.qms.readiness.center.action,transient,qms_licensing_administrator,read,role-and-scope-specific,static,Source inventory only; requires model-specific runtime fixture,REVIEW_REQUIRED,addons/pm_qms_implementation/models/readiness_center.py,119
pm_qms_implementation,pm.qms.readiness.center.action,transient,qms_licensing_administrator,create,role-and-scope-specific,static,Source inventory only; requires model-specific runtime fixture,REVIEW_REQUIRED,addons/pm_qms_implementation/models/readiness_center.py,119
pm_qms_implementation,pm.qms.readiness.center.action,transient,qms_licensing_administrator,write,role-and-scope-specific,static,Source inventory only; requires model-specific runtime fixture,REVIEW_REQUIRED,addons/pm_qms_implementation/models/readiness_center.py,119
pm_qms_implementation,pm.qms.readiness.center.action,transient,qms_licensing_administrator,unlink,role-and-scope-specific,static,Source inventory only; requires model-specific runtime fixture,REVIEW_REQUIRED,addons/pm_qms_implementation/models/readiness_center.py,119
pm_qms_implementation,pm.qms.readiness.center.action,transient,odoo_system_administrator,read,role-and-scope-specific,static,Source inventory only; requires model-specific runtime fixture,REVIEW_REQUIRED,addons/pm_qms_implementation/models/readiness_center.py,119
pm_qms_implementation,pm.qms.readiness.center.action,transient,odoo_system_administrator,create,role-and-scope-specific,static,Source inventory only; requires model-specific runtime fixture,REVIEW_REQUIRED,addons/pm_qms_implementation/models/readiness_center.py,119
pm_qms_implementation,pm.qms.readiness.center.action,transient,odoo_system_administrator,write,role-and-scope-specific,static,Source inventory only; requires model-specific runtime fixture,REVIEW_REQUIRED,addons/pm_qms_implementation/models/readiness_center.py,119
pm_qms_implementation,pm.qms.readiness.center.action,transient,odoo_system_administrator,unlink,role-and-scope-specific,static,Source inventory only; requires model-specific runtime fixture,REVIEW_REQUIRED,addons/pm_qms_implementation/models/readiness_center.py,119
pm_qms_implementation,pm.qms.readiness.center.area,transient,public,read,deny,runtime,TestM27Security.test_public_and_portal_have_no_qms_model_or_side_channel_access,PASS,addons/pm_qms_implementation/models/readiness_center.py,87
pm_qms_implementation,pm.qms.readiness.center.area,transient,public,create,deny,runtime,TestM27Security.test_public_and_portal_have_no_qms_model_or_side_channel_access,PASS,addons/pm_qms_implementation/models/readiness_center.py,87
pm_qms_implementation,pm.qms.readiness.center.area,transient,public,write,deny,runtime,TestM27Security.test_public_and_portal_have_no_qms_model_or_side_channel_access,PASS,addons/pm_qms_implementation/models/readiness_center.py,87
pm_qms_implementation,pm.qms.readiness.center.area,transient,public,unlink,deny,runtime,TestM27Security.test_public_and_portal_have_no_qms_model_or_side_channel_access,PASS,addons/pm_qms_implementation/models/readiness_center.py,87
pm_qms_implementation,pm.qms.readiness.center.area,transient,portal,read,deny,runtime,TestM27Security.test_public_and_portal_have_no_qms_model_or_side_channel_access,PASS,addons/pm_qms_implementation/models/readiness_center.py,87
pm_qms_implementation,pm.qms.readiness.center.area,transient,portal,create,deny,runtime,TestM27Security.test_public_and_portal_have_no_qms_model_or_side_channel_access,PASS,addons/pm_qms_implementation/models/readiness_center.py,87
pm_qms_implementation,pm.qms.readiness.center.area,transient,portal,write,deny,runtime,TestM27Security.test_public_and_portal_have_no_qms_model_or_side_channel_access,PASS,addons/pm_qms_implementation/models/readiness_center.py,87
pm_qms_implementation,pm.qms.readiness.center.area,transient,portal,unlink,deny,runtime,TestM27Security.test_public_and_portal_have_no_qms_model_or_side_channel_access,PASS,addons/pm_qms_implementation/models/readiness_center.py,87
pm_qms_implementation,pm.qms.readiness.center.area,transient,qms_user,read,role-and-scope-specific,static,Source inventory only; requires model-specific runtime fixture,REVIEW_REQUIRED,addons/pm_qms_implementation/models/readiness_center.py,87
pm_qms_implementation,pm.qms.readiness.center.area,transient,qms_user,create,role-and-scope-specific,static,Source inventory only; requires model-specific runtime fixture,REVIEW_REQUIRED,addons/pm_qms_implementation/models/readiness_center.py,87
pm_qms_implementation,pm.qms.readiness.center.area,transient,qms_user,write,role-and-scope-specific,static,Source inventory only; requires model-specific runtime fixture,REVIEW_REQUIRED,addons/pm_qms_implementation/models/readiness_center.py,87
pm_qms_implementation,pm.qms.readiness.center.area,transient,qms_user,unlink,role-and-scope-specific,static,Source inventory only; requires model-specific runtime fixture,REVIEW_REQUIRED,addons/pm_qms_implementation/models/readiness_center.py,87
pm_qms_implementation,pm.qms.readiness.center.area,transient,qms_viewer,read,role-and-scope-specific,static,Source inventory only; requires model-specific runtime fixture,REVIEW_REQUIRED,addons/pm_qms_implementation/models/readiness_center.py,87
pm_qms_implementation,pm.qms.readiness.center.area,transient,qms_viewer,create,role-and-scope-specific,static,Source inventory only; requires model-specific runtime fixture,REVIEW_REQUIRED,addons/pm_qms_implementation/models/readiness_center.py,87
pm_qms_implementation,pm.qms.readiness.center.area,transient,qms_viewer,write,role-and-scope-specific,static,Source inventory only; requires model-specific runtime fixture,REVIEW_REQUIRED,addons/pm_qms_implementation/models/readiness_center.py,87
pm_qms_implementation,pm.qms.readiness.center.area,transient,qms_viewer,unlink,role-and-scope-specific,static,Source inventory only; requires model-specific runtime fixture,REVIEW_REQUIRED,addons/pm_qms_implementation/models/readiness_center.py,87
pm_qms_implementation,pm.qms.readiness.center.area,transient,quality_supervisor,read,role-and-scope-specific,static,Source inventory only; requires model-specific runtime fixture,REVIEW_REQUIRED,addons/pm_qms_implementation/models/readiness_center.py,87
pm_qms_implementation,pm.qms.readiness.center.area,transient,quality_supervisor,create,role-and-scope-specific,static,Source inventory only; requires model-specific runtime fixture,REVIEW_REQUIRED,addons/pm_qms_implementation/models/readiness_center.py,87
pm_qms_implementation,pm.qms.readiness.center.area,transient,quality_supervisor,write,role-and-scope-specific,static,Source inventory only; requires model-specific runtime fixture,REVIEW_REQUIRED,addons/pm_qms_implementation/models/readiness_center.py,87
pm_qms_implementation,pm.qms.readiness.center.area,transient,quality_supervisor,unlink,role-and-scope-specific,static,Source inventory only; requires model-specific runtime fixture,REVIEW_REQUIRED,addons/pm_qms_implementation/models/readiness_center.py,87
pm_qms_implementation,pm.qms.readiness.center.area,transient,quality_manager,read,role-and-scope-specific,static,Source inventory only; requires model-specific runtime fixture,REVIEW_REQUIRED,addons/pm_qms_implementation/models/readiness_center.py,87
pm_qms_implementation,pm.qms.readiness.center.area,transient,quality_manager,create,role-and-scope-specific,static,Source inventory only; requires model-specific runtime fixture,REVIEW_REQUIRED,addons/pm_qms_implementation/models/readiness_center.py,87
pm_qms_implementation,pm.qms.readiness.center.area,transient,quality_manager,write,role-and-scope-specific,static,Source inventory only; requires model-specific runtime fixture,REVIEW_REQUIRED,addons/pm_qms_implementation/models/readiness_center.py,87
pm_qms_implementation,pm.qms.readiness.center.area,transient,quality_manager,unlink,role-and-scope-specific,static,Source inventory only; requires model-specific runtime fixture,REVIEW_REQUIRED,addons/pm_qms_implementation/models/readiness_center.py,87
pm_qms_implementation,pm.qms.readiness.center.area,transient,qms_administrator,read,role-and-scope-specific,static,Source inventory only; requires model-specific runtime fixture,REVIEW_REQUIRED,addons/pm_qms_implementation/models/readiness_center.py,87
pm_qms_implementation,pm.qms.readiness.center.area,transient,qms_administrator,create,role-and-scope-specific,static,Source inventory only; requires model-specific runtime fixture,REVIEW_REQUIRED,addons/pm_qms_implementation/models/readiness_center.py,87
pm_qms_implementation,pm.qms.readiness.center.area,transient,qms_administrator,write,role-and-scope-specific,static,Source inventory only; requires model-specific runtime fixture,REVIEW_REQUIRED,addons/pm_qms_implementation/models/readiness_center.py,87
pm_qms_implementation,pm.qms.readiness.center.area,transient,qms_administrator,unlink,role-and-scope-specific,static,Source inventory only; requires model-specific runtime fixture,REVIEW_REQUIRED,addons/pm_qms_implementation/models/readiness_center.py,87
pm_qms_implementation,pm.qms.readiness.center.area,transient,qms_licensing_administrator,read,role-and-scope-specific,static,Source inventory only; requires model-specific runtime fixture,REVIEW_REQUIRED,addons/pm_qms_implementation/models/readiness_center.py,87
pm_qms_implementation,pm.qms.readiness.center.area,transient,qms_licensing_administrator,create,role-and-scope-specific,static,Source inventory only; requires model-specific runtime fixture,REVIEW_REQUIRED,addons/pm_qms_implementation/models/readiness_center.py,87
pm_qms_implementation,pm.qms.readiness.center.area,transient,qms_licensing_administrator,write,role-and-scope-specific,static,Source inventory only; requires model-specific runtime fixture,REVIEW_REQUIRED,addons/pm_qms_implementation/models/readiness_center.py,87
pm_qms_implementation,pm.qms.readiness.center.area,transient,qms_licensing_administrator,unlink,role-and-scope-specific,static,Source inventory only; requires model-specific runtime fixture,REVIEW_REQUIRED,addons/pm_qms_implementation/models/readiness_center.py,87
pm_qms_implementation,pm.qms.readiness.center.area,transient,odoo_system_administrator,read,role-and-scope-specific,static,Source inventory only; requires model-specific runtime fixture,REVIEW_REQUIRED,addons/pm_qms_implementation/models/readiness_center.py,87
pm_qms_implementation,pm.qms.readiness.center.area,transient,odoo_system_administrator,create,role-and-scope-specific,static,Source inventory only; requires model-specific runtime fixture,REVIEW_REQUIRED,addons/pm_qms_implementation/models/readiness_center.py,87
pm_qms_implementation,pm.qms.readiness.center.area,transient,odoo_system_administrator,write,role-and-scope-specific,static,Source inventory only; requires model-specific runtime fixture,REVIEW_REQUIRED,addons/pm_qms_implementation/models/readiness_center.py,87
pm_qms_implementation,pm.qms.readiness.center.area,transient,odoo_system_administrator,unlink,role-and-scope-specific,static,Source inventory only; requires model-specific runtime fixture,REVIEW_REQUIRED,addons/pm_qms_implementation/models/readiness_center.py,87
pm_qms_risk,pm.qms.risk,concrete,public,read,deny,runtime,TestM27Security.test_public_and_portal_have_no_qms_model_or_side_channel_access,PASS,addons/pm_qms_risk/models/risk.py,5
pm_qms_risk,pm.qms.risk,concrete,public,create,deny,runtime,TestM27Security.test_public_and_portal_have_no_qms_model_or_side_channel_access,PASS,addons/pm_qms_risk/models/risk.py,5
pm_qms_risk,pm.qms.risk,concrete,public,write,deny,runtime,TestM27Security.test_public_and_portal_have_no_qms_model_or_side_channel_access,PASS,addons/pm_qms_risk/models/risk.py,5
pm_qms_risk,pm.qms.risk,concrete,public,unlink,deny,runtime,TestM27Security.test_public_and_portal_have_no_qms_model_or_side_channel_access,PASS,addons/pm_qms_risk/models/risk.py,5
pm_qms_risk,pm.qms.risk,concrete,portal,read,deny,runtime,TestM27Security.test_public_and_portal_have_no_qms_model_or_side_channel_access,PASS,addons/pm_qms_risk/models/risk.py,5
pm_qms_risk,pm.qms.risk,concrete,portal,create,deny,runtime,TestM27Security.test_public_and_portal_have_no_qms_model_or_side_channel_access,PASS,addons/pm_qms_risk/models/risk.py,5
pm_qms_risk,pm.qms.risk,concrete,portal,write,deny,runtime,TestM27Security.test_public_and_portal_have_no_qms_model_or_side_channel_access,PASS,addons/pm_qms_risk/models/risk.py,5
pm_qms_risk,pm.qms.risk,concrete,portal,unlink,deny,runtime,TestM27Security.test_public_and_portal_have_no_qms_model_or_side_channel_access,PASS,addons/pm_qms_risk/models/risk.py,5
pm_qms_risk,pm.qms.risk,concrete,qms_user,read,role-and-scope-specific,runtime,TestM27Security focused fixture,PASS,addons/pm_qms_risk/models/risk.py,5
pm_qms_risk,pm.qms.risk,concrete,qms_user,create,role-and-scope-specific,runtime,TestM27Security focused fixture,PASS,addons/pm_qms_risk/models/risk.py,5
pm_qms_risk,pm.qms.risk,concrete,qms_user,write,role-and-scope-specific,runtime,TestM27Security focused fixture,PASS,addons/pm_qms_risk/models/risk.py,5
pm_qms_risk,pm.qms.risk,concrete,qms_user,unlink,role-and-scope-specific,runtime,TestM27Security focused fixture,PASS,addons/pm_qms_risk/models/risk.py,5
pm_qms_risk,pm.qms.risk,concrete,qms_viewer,read,role-and-scope-specific,runtime,TestM27Security focused fixture,PASS,addons/pm_qms_risk/models/risk.py,5
pm_qms_risk,pm.qms.risk,concrete,qms_viewer,create,role-and-scope-specific,runtime,TestM27Security focused fixture,PASS,addons/pm_qms_risk/models/risk.py,5
pm_qms_risk,pm.qms.risk,concrete,qms_viewer,write,role-and-scope-specific,runtime,TestM27Security focused fixture,PASS,addons/pm_qms_risk/models/risk.py,5
pm_qms_risk,pm.qms.risk,concrete,qms_viewer,unlink,role-and-scope-specific,runtime,TestM27Security focused fixture,PASS,addons/pm_qms_risk/models/risk.py,5
pm_qms_risk,pm.qms.risk,concrete,quality_supervisor,read,role-and-scope-specific,runtime,TestM27Security focused fixture,PASS,addons/pm_qms_risk/models/risk.py,5
pm_qms_risk,pm.qms.risk,concrete,quality_supervisor,create,role-and-scope-specific,runtime,TestM27Security focused fixture,PASS,addons/pm_qms_risk/models/risk.py,5
pm_qms_risk,pm.qms.risk,concrete,quality_supervisor,write,role-and-scope-specific,runtime,TestM27Security focused fixture,PASS,addons/pm_qms_risk/models/risk.py,5
pm_qms_risk,pm.qms.risk,concrete,quality_supervisor,unlink,role-and-scope-specific,runtime,TestM27Security focused fixture,PASS,addons/pm_qms_risk/models/risk.py,5
pm_qms_risk,pm.qms.risk,concrete,quality_manager,read,role-and-scope-specific,runtime,TestM27Security focused fixture,PASS,addons/pm_qms_risk/models/risk.py,5
pm_qms_risk,pm.qms.risk,concrete,quality_manager,create,role-and-scope-specific,runtime,TestM27Security focused fixture,PASS,addons/pm_qms_risk/models/risk.py,5
pm_qms_risk,pm.qms.risk,concrete,quality_manager,write,role-and-scope-specific,runtime,TestM27Security focused fixture,PASS,addons/pm_qms_risk/models/risk.py,5
pm_qms_risk,pm.qms.risk,concrete,quality_manager,unlink,role-and-scope-specific,runtime,TestM27Security focused fixture,PASS,addons/pm_qms_risk/models/risk.py,5
pm_qms_risk,pm.qms.risk,concrete,qms_administrator,read,role-and-scope-specific,runtime,TestM27Security focused fixture,PASS,addons/pm_qms_risk/models/risk.py,5
pm_qms_risk,pm.qms.risk,concrete,qms_administrator,create,role-and-scope-specific,runtime,TestM27Security focused fixture,PASS,addons/pm_qms_risk/models/risk.py,5
pm_qms_risk,pm.qms.risk,concrete,qms_administrator,write,role-and-scope-specific,runtime,TestM27Security focused fixture,PASS,addons/pm_qms_risk/models/risk.py,5
pm_qms_risk,pm.qms.risk,concrete,qms_administrator,unlink,role-and-scope-specific,runtime,TestM27Security focused fixture,PASS,addons/pm_qms_risk/models/risk.py,5
pm_qms_risk,pm.qms.risk,concrete,qms_licensing_administrator,read,role-and-scope-specific,runtime,TestM27Security focused fixture,PASS,addons/pm_qms_risk/models/risk.py,5
pm_qms_risk,pm.qms.risk,concrete,qms_licensing_administrator,create,role-and-scope-specific,runtime,TestM27Security focused fixture,PASS,addons/pm_qms_risk/models/risk.py,5
pm_qms_risk,pm.qms.risk,concrete,qms_licensing_administrator,write,role-and-scope-specific,runtime,TestM27Security focused fixture,PASS,addons/pm_qms_risk/models/risk.py,5
pm_qms_risk,pm.qms.risk,concrete,qms_licensing_administrator,unlink,role-and-scope-specific,runtime,TestM27Security focused fixture,PASS,addons/pm_qms_risk/models/risk.py,5
pm_qms_risk,pm.qms.risk,concrete,odoo_system_administrator,read,role-and-scope-specific,runtime,TestM27Security focused fixture,PASS,addons/pm_qms_risk/models/risk.py,5
pm_qms_risk,pm.qms.risk,concrete,odoo_system_administrator,create,role-and-scope-specific,runtime,TestM27Security focused fixture,PASS,addons/pm_qms_risk/models/risk.py,5
pm_qms_risk,pm.qms.risk,concrete,odoo_system_administrator,write,role-and-scope-specific,runtime,TestM27Security focused fixture,PASS,addons/pm_qms_risk/models/risk.py,5
pm_qms_risk,pm.qms.risk,concrete,odoo_system_administrator,unlink,role-and-scope-specific,runtime,TestM27Security focused fixture,PASS,addons/pm_qms_risk/models/risk.py,5
pm_qms_people,pm.qms.role,concrete,public,read,deny,runtime,TestM27Security.test_public_and_portal_have_no_qms_model_or_side_channel_access,PASS,addons/pm_qms_people/models/role.py,4
pm_qms_people,pm.qms.role,concrete,public,create,deny,runtime,TestM27Security.test_public_and_portal_have_no_qms_model_or_side_channel_access,PASS,addons/pm_qms_people/models/role.py,4
pm_qms_people,pm.qms.role,concrete,public,write,deny,runtime,TestM27Security.test_public_and_portal_have_no_qms_model_or_side_channel_access,PASS,addons/pm_qms_people/models/role.py,4
pm_qms_people,pm.qms.role,concrete,public,unlink,deny,runtime,TestM27Security.test_public_and_portal_have_no_qms_model_or_side_channel_access,PASS,addons/pm_qms_people/models/role.py,4
pm_qms_people,pm.qms.role,concrete,portal,read,deny,runtime,TestM27Security.test_public_and_portal_have_no_qms_model_or_side_channel_access,PASS,addons/pm_qms_people/models/role.py,4
pm_qms_people,pm.qms.role,concrete,portal,create,deny,runtime,TestM27Security.test_public_and_portal_have_no_qms_model_or_side_channel_access,PASS,addons/pm_qms_people/models/role.py,4
pm_qms_people,pm.qms.role,concrete,portal,write,deny,runtime,TestM27Security.test_public_and_portal_have_no_qms_model_or_side_channel_access,PASS,addons/pm_qms_people/models/role.py,4
pm_qms_people,pm.qms.role,concrete,portal,unlink,deny,runtime,TestM27Security.test_public_and_portal_have_no_qms_model_or_side_channel_access,PASS,addons/pm_qms_people/models/role.py,4
pm_qms_people,pm.qms.role,concrete,qms_user,read,role-and-scope-specific,static,Source inventory only; requires model-specific runtime fixture,REVIEW_REQUIRED,addons/pm_qms_people/models/role.py,4
pm_qms_people,pm.qms.role,concrete,qms_user,create,role-and-scope-specific,static,Source inventory only; requires model-specific runtime fixture,REVIEW_REQUIRED,addons/pm_qms_people/models/role.py,4
pm_qms_people,pm.qms.role,concrete,qms_user,write,role-and-scope-specific,static,Source inventory only; requires model-specific runtime fixture,REVIEW_REQUIRED,addons/pm_qms_people/models/role.py,4
pm_qms_people,pm.qms.role,concrete,qms_user,unlink,role-and-scope-specific,static,Source inventory only; requires model-specific runtime fixture,REVIEW_REQUIRED,addons/pm_qms_people/models/role.py,4
pm_qms_people,pm.qms.role,concrete,qms_viewer,read,role-and-scope-specific,static,Source inventory only; requires model-specific runtime fixture,REVIEW_REQUIRED,addons/pm_qms_people/models/role.py,4
pm_qms_people,pm.qms.role,concrete,qms_viewer,create,role-and-scope-specific,static,Source inventory only; requires model-specific runtime fixture,REVIEW_REQUIRED,addons/pm_qms_people/models/role.py,4
pm_qms_people,pm.qms.role,concrete,qms_viewer,write,role-and-scope-specific,static,Source inventory only; requires model-specific runtime fixture,REVIEW_REQUIRED,addons/pm_qms_people/models/role.py,4
pm_qms_people,pm.qms.role,concrete,qms_viewer,unlink,role-and-scope-specific,static,Source inventory only; requires model-specific runtime fixture,REVIEW_REQUIRED,addons/pm_qms_people/models/role.py,4
pm_qms_people,pm.qms.role,concrete,quality_supervisor,read,role-and-scope-specific,static,Source inventory only; requires model-specific runtime fixture,REVIEW_REQUIRED,addons/pm_qms_people/models/role.py,4
pm_qms_people,pm.qms.role,concrete,quality_supervisor,create,role-and-scope-specific,static,Source inventory only; requires model-specific runtime fixture,REVIEW_REQUIRED,addons/pm_qms_people/models/role.py,4
pm_qms_people,pm.qms.role,concrete,quality_supervisor,write,role-and-scope-specific,static,Source inventory only; requires model-specific runtime fixture,REVIEW_REQUIRED,addons/pm_qms_people/models/role.py,4
pm_qms_people,pm.qms.role,concrete,quality_supervisor,unlink,role-and-scope-specific,static,Source inventory only; requires model-specific runtime fixture,REVIEW_REQUIRED,addons/pm_qms_people/models/role.py,4
pm_qms_people,pm.qms.role,concrete,quality_manager,read,role-and-scope-specific,static,Source inventory only; requires model-specific runtime fixture,REVIEW_REQUIRED,addons/pm_qms_people/models/role.py,4
pm_qms_people,pm.qms.role,concrete,quality_manager,create,role-and-scope-specific,static,Source inventory only; requires model-specific runtime fixture,REVIEW_REQUIRED,addons/pm_qms_people/models/role.py,4
pm_qms_people,pm.qms.role,concrete,quality_manager,write,role-and-scope-specific,static,Source inventory only; requires model-specific runtime fixture,REVIEW_REQUIRED,addons/pm_qms_people/models/role.py,4
pm_qms_people,pm.qms.role,concrete,quality_manager,unlink,role-and-scope-specific,static,Source inventory only; requires model-specific runtime fixture,REVIEW_REQUIRED,addons/pm_qms_people/models/role.py,4
pm_qms_people,pm.qms.role,concrete,qms_administrator,read,role-and-scope-specific,static,Source inventory only; requires model-specific runtime fixture,REVIEW_REQUIRED,addons/pm_qms_people/models/role.py,4
pm_qms_people,pm.qms.role,concrete,qms_administrator,create,role-and-scope-specific,static,Source inventory only; requires model-specific runtime fixture,REVIEW_REQUIRED,addons/pm_qms_people/models/role.py,4
pm_qms_people,pm.qms.role,concrete,qms_administrator,write,role-and-scope-specific,static,Source inventory only; requires model-specific runtime fixture,REVIEW_REQUIRED,addons/pm_qms_people/models/role.py,4
pm_qms_people,pm.qms.role,concrete,qms_administrator,unlink,role-and-scope-specific,static,Source inventory only; requires model-specific runtime fixture,REVIEW_REQUIRED,addons/pm_qms_people/models/role.py,4
pm_qms_people,pm.qms.role,concrete,qms_licensing_administrator,read,role-and-scope-specific,static,Source inventory only; requires model-specific runtime fixture,REVIEW_REQUIRED,addons/pm_qms_people/models/role.py,4
pm_qms_people,pm.qms.role,concrete,qms_licensing_administrator,create,role-and-scope-specific,static,Source inventory only; requires model-specific runtime fixture,REVIEW_REQUIRED,addons/pm_qms_people/models/role.py,4
pm_qms_people,pm.qms.role,concrete,qms_licensing_administrator,write,role-and-scope-specific,static,Source inventory only; requires model-specific runtime fixture,REVIEW_REQUIRED,addons/pm_qms_people/models/role.py,4
pm_qms_people,pm.qms.role,concrete,qms_licensing_administrator,unlink,role-and-scope-specific,static,Source inventory only; requires model-specific runtime fixture,REVIEW_REQUIRED,addons/pm_qms_people/models/role.py,4
pm_qms_people,pm.qms.role,concrete,odoo_system_administrator,read,role-and-scope-specific,static,Source inventory only; requires model-specific runtime fixture,REVIEW_REQUIRED,addons/pm_qms_people/models/role.py,4
pm_qms_people,pm.qms.role,concrete,odoo_system_administrator,create,role-and-scope-specific,static,Source inventory only; requires model-specific runtime fixture,REVIEW_REQUIRED,addons/pm_qms_people/models/role.py,4
pm_qms_people,pm.qms.role,concrete,odoo_system_administrator,write,role-and-scope-specific,static,Source inventory only; requires model-specific runtime fixture,REVIEW_REQUIRED,addons/pm_qms_people/models/role.py,4
pm_qms_people,pm.qms.role,concrete,odoo_system_administrator,unlink,role-and-scope-specific,static,Source inventory only; requires model-specific runtime fixture,REVIEW_REQUIRED,addons/pm_qms_people/models/role.py,4
pm_qms_people,pm.qms.role.competency.requirement,concrete,public,read,deny,runtime,TestM27Security.test_public_and_portal_have_no_qms_model_or_side_channel_access,PASS,addons/pm_qms_people/models/competency.py,24
pm_qms_people,pm.qms.role.competency.requirement,concrete,public,create,deny,runtime,TestM27Security.test_public_and_portal_have_no_qms_model_or_side_channel_access,PASS,addons/pm_qms_people/models/competency.py,24
pm_qms_people,pm.qms.role.competency.requirement,concrete,public,write,deny,runtime,TestM27Security.test_public_and_portal_have_no_qms_model_or_side_channel_access,PASS,addons/pm_qms_people/models/competency.py,24
pm_qms_people,pm.qms.role.competency.requirement,concrete,public,unlink,deny,runtime,TestM27Security.test_public_and_portal_have_no_qms_model_or_side_channel_access,PASS,addons/pm_qms_people/models/competency.py,24
pm_qms_people,pm.qms.role.competency.requirement,concrete,portal,read,deny,runtime,TestM27Security.test_public_and_portal_have_no_qms_model_or_side_channel_access,PASS,addons/pm_qms_people/models/competency.py,24
pm_qms_people,pm.qms.role.competency.requirement,concrete,portal,create,deny,runtime,TestM27Security.test_public_and_portal_have_no_qms_model_or_side_channel_access,PASS,addons/pm_qms_people/models/competency.py,24
pm_qms_people,pm.qms.role.competency.requirement,concrete,portal,write,deny,runtime,TestM27Security.test_public_and_portal_have_no_qms_model_or_side_channel_access,PASS,addons/pm_qms_people/models/competency.py,24
pm_qms_people,pm.qms.role.competency.requirement,concrete,portal,unlink,deny,runtime,TestM27Security.test_public_and_portal_have_no_qms_model_or_side_channel_access,PASS,addons/pm_qms_people/models/competency.py,24
pm_qms_people,pm.qms.role.competency.requirement,concrete,qms_user,read,role-and-scope-specific,static,Source inventory only; requires model-specific runtime fixture,REVIEW_REQUIRED,addons/pm_qms_people/models/competency.py,24
pm_qms_people,pm.qms.role.competency.requirement,concrete,qms_user,create,role-and-scope-specific,static,Source inventory only; requires model-specific runtime fixture,REVIEW_REQUIRED,addons/pm_qms_people/models/competency.py,24
pm_qms_people,pm.qms.role.competency.requirement,concrete,qms_user,write,role-and-scope-specific,static,Source inventory only; requires model-specific runtime fixture,REVIEW_REQUIRED,addons/pm_qms_people/models/competency.py,24
pm_qms_people,pm.qms.role.competency.requirement,concrete,qms_user,unlink,role-and-scope-specific,static,Source inventory only; requires model-specific runtime fixture,REVIEW_REQUIRED,addons/pm_qms_people/models/competency.py,24
pm_qms_people,pm.qms.role.competency.requirement,concrete,qms_viewer,read,role-and-scope-specific,static,Source inventory only; requires model-specific runtime fixture,REVIEW_REQUIRED,addons/pm_qms_people/models/competency.py,24
pm_qms_people,pm.qms.role.competency.requirement,concrete,qms_viewer,create,role-and-scope-specific,static,Source inventory only; requires model-specific runtime fixture,REVIEW_REQUIRED,addons/pm_qms_people/models/competency.py,24
pm_qms_people,pm.qms.role.competency.requirement,concrete,qms_viewer,write,role-and-scope-specific,static,Source inventory only; requires model-specific runtime fixture,REVIEW_REQUIRED,addons/pm_qms_people/models/competency.py,24
pm_qms_people,pm.qms.role.competency.requirement,concrete,qms_viewer,unlink,role-and-scope-specific,static,Source inventory only; requires model-specific runtime fixture,REVIEW_REQUIRED,addons/pm_qms_people/models/competency.py,24
pm_qms_people,pm.qms.role.competency.requirement,concrete,quality_supervisor,read,role-and-scope-specific,static,Source inventory only; requires model-specific runtime fixture,REVIEW_REQUIRED,addons/pm_qms_people/models/competency.py,24
pm_qms_people,pm.qms.role.competency.requirement,concrete,quality_supervisor,create,role-and-scope-specific,static,Source inventory only; requires model-specific runtime fixture,REVIEW_REQUIRED,addons/pm_qms_people/models/competency.py,24
pm_qms_people,pm.qms.role.competency.requirement,concrete,quality_supervisor,write,role-and-scope-specific,static,Source inventory only; requires model-specific runtime fixture,REVIEW_REQUIRED,addons/pm_qms_people/models/competency.py,24
pm_qms_people,pm.qms.role.competency.requirement,concrete,quality_supervisor,unlink,role-and-scope-specific,static,Source inventory only; requires model-specific runtime fixture,REVIEW_REQUIRED,addons/pm_qms_people/models/competency.py,24
pm_qms_people,pm.qms.role.competency.requirement,concrete,quality_manager,read,role-and-scope-specific,static,Source inventory only; requires model-specific runtime fixture,REVIEW_REQUIRED,addons/pm_qms_people/models/competency.py,24
pm_qms_people,pm.qms.role.competency.requirement,concrete,quality_manager,create,role-and-scope-specific,static,Source inventory only; requires model-specific runtime fixture,REVIEW_REQUIRED,addons/pm_qms_people/models/competency.py,24
pm_qms_people,pm.qms.role.competency.requirement,concrete,quality_manager,write,role-and-scope-specific,static,Source inventory only; requires model-specific runtime fixture,REVIEW_REQUIRED,addons/pm_qms_people/models/competency.py,24
pm_qms_people,pm.qms.role.competency.requirement,concrete,quality_manager,unlink,role-and-scope-specific,static,Source inventory only; requires model-specific runtime fixture,REVIEW_REQUIRED,addons/pm_qms_people/models/competency.py,24
pm_qms_people,pm.qms.role.competency.requirement,concrete,qms_administrator,read,role-and-scope-specific,static,Source inventory only; requires model-specific runtime fixture,REVIEW_REQUIRED,addons/pm_qms_people/models/competency.py,24
pm_qms_people,pm.qms.role.competency.requirement,concrete,qms_administrator,create,role-and-scope-specific,static,Source inventory only; requires model-specific runtime fixture,REVIEW_REQUIRED,addons/pm_qms_people/models/competency.py,24
pm_qms_people,pm.qms.role.competency.requirement,concrete,qms_administrator,write,role-and-scope-specific,static,Source inventory only; requires model-specific runtime fixture,REVIEW_REQUIRED,addons/pm_qms_people/models/competency.py,24
pm_qms_people,pm.qms.role.competency.requirement,concrete,qms_administrator,unlink,role-and-scope-specific,static,Source inventory only; requires model-specific runtime fixture,REVIEW_REQUIRED,addons/pm_qms_people/models/competency.py,24
pm_qms_people,pm.qms.role.competency.requirement,concrete,qms_licensing_administrator,read,role-and-scope-specific,static,Source inventory only; requires model-specific runtime fixture,REVIEW_REQUIRED,addons/pm_qms_people/models/competency.py,24
pm_qms_people,pm.qms.role.competency.requirement,concrete,qms_licensing_administrator,create,role-and-scope-specific,static,Source inventory only; requires model-specific runtime fixture,REVIEW_REQUIRED,addons/pm_qms_people/models/competency.py,24
pm_qms_people,pm.qms.role.competency.requirement,concrete,qms_licensing_administrator,write,role-and-scope-specific,static,Source inventory only; requires model-specific runtime fixture,REVIEW_REQUIRED,addons/pm_qms_people/models/competency.py,24
pm_qms_people,pm.qms.role.competency.requirement,concrete,qms_licensing_administrator,unlink,role-and-scope-specific,static,Source inventory only; requires model-specific runtime fixture,REVIEW_REQUIRED,addons/pm_qms_people/models/competency.py,24
pm_qms_people,pm.qms.role.competency.requirement,concrete,odoo_system_administrator,read,role-and-scope-specific,static,Source inventory only; requires model-specific runtime fixture,REVIEW_REQUIRED,addons/pm_qms_people/models/competency.py,24
pm_qms_people,pm.qms.role.competency.requirement,concrete,odoo_system_administrator,create,role-and-scope-specific,static,Source inventory only; requires model-specific runtime fixture,REVIEW_REQUIRED,addons/pm_qms_people/models/competency.py,24
pm_qms_people,pm.qms.role.competency.requirement,concrete,odoo_system_administrator,write,role-and-scope-specific,static,Source inventory only; requires model-specific runtime fixture,REVIEW_REQUIRED,addons/pm_qms_people/models/competency.py,24
pm_qms_people,pm.qms.role.competency.requirement,concrete,odoo_system_administrator,unlink,role-and-scope-specific,static,Source inventory only; requires model-specific runtime fixture,REVIEW_REQUIRED,addons/pm_qms_people/models/competency.py,24
pm_qms_people,pm.qms.role.document.requirement,concrete,public,read,deny,runtime,TestM27Security.test_public_and_portal_have_no_qms_model_or_side_channel_access,PASS,addons/pm_qms_people/models/document_acknowledgment.py,7
pm_qms_people,pm.qms.role.document.requirement,concrete,public,create,deny,runtime,TestM27Security.test_public_and_portal_have_no_qms_model_or_side_channel_access,PASS,addons/pm_qms_people/models/document_acknowledgment.py,7
pm_qms_people,pm.qms.role.document.requirement,concrete,public,write,deny,runtime,TestM27Security.test_public_and_portal_have_no_qms_model_or_side_channel_access,PASS,addons/pm_qms_people/models/document_acknowledgment.py,7
pm_qms_people,pm.qms.role.document.requirement,concrete,public,unlink,deny,runtime,TestM27Security.test_public_and_portal_have_no_qms_model_or_side_channel_access,PASS,addons/pm_qms_people/models/document_acknowledgment.py,7
pm_qms_people,pm.qms.role.document.requirement,concrete,portal,read,deny,runtime,TestM27Security.test_public_and_portal_have_no_qms_model_or_side_channel_access,PASS,addons/pm_qms_people/models/document_acknowledgment.py,7
pm_qms_people,pm.qms.role.document.requirement,concrete,portal,create,deny,runtime,TestM27Security.test_public_and_portal_have_no_qms_model_or_side_channel_access,PASS,addons/pm_qms_people/models/document_acknowledgment.py,7
pm_qms_people,pm.qms.role.document.requirement,concrete,portal,write,deny,runtime,TestM27Security.test_public_and_portal_have_no_qms_model_or_side_channel_access,PASS,addons/pm_qms_people/models/document_acknowledgment.py,7
pm_qms_people,pm.qms.role.document.requirement,concrete,portal,unlink,deny,runtime,TestM27Security.test_public_and_portal_have_no_qms_model_or_side_channel_access,PASS,addons/pm_qms_people/models/document_acknowledgment.py,7
pm_qms_people,pm.qms.role.document.requirement,concrete,qms_user,read,role-and-scope-specific,static,Source inventory only; requires model-specific runtime fixture,REVIEW_REQUIRED,addons/pm_qms_people/models/document_acknowledgment.py,7
pm_qms_people,pm.qms.role.document.requirement,concrete,qms_user,create,role-and-scope-specific,static,Source inventory only; requires model-specific runtime fixture,REVIEW_REQUIRED,addons/pm_qms_people/models/document_acknowledgment.py,7
pm_qms_people,pm.qms.role.document.requirement,concrete,qms_user,write,role-and-scope-specific,static,Source inventory only; requires model-specific runtime fixture,REVIEW_REQUIRED,addons/pm_qms_people/models/document_acknowledgment.py,7
pm_qms_people,pm.qms.role.document.requirement,concrete,qms_user,unlink,role-and-scope-specific,static,Source inventory only; requires model-specific runtime fixture,REVIEW_REQUIRED,addons/pm_qms_people/models/document_acknowledgment.py,7
pm_qms_people,pm.qms.role.document.requirement,concrete,qms_viewer,read,role-and-scope-specific,static,Source inventory only; requires model-specific runtime fixture,REVIEW_REQUIRED,addons/pm_qms_people/models/document_acknowledgment.py,7
pm_qms_people,pm.qms.role.document.requirement,concrete,qms_viewer,create,role-and-scope-specific,static,Source inventory only; requires model-specific runtime fixture,REVIEW_REQUIRED,addons/pm_qms_people/models/document_acknowledgment.py,7
pm_qms_people,pm.qms.role.document.requirement,concrete,qms_viewer,write,role-and-scope-specific,static,Source inventory only; requires model-specific runtime fixture,REVIEW_REQUIRED,addons/pm_qms_people/models/document_acknowledgment.py,7
pm_qms_people,pm.qms.role.document.requirement,concrete,qms_viewer,unlink,role-and-scope-specific,static,Source inventory only; requires model-specific runtime fixture,REVIEW_REQUIRED,addons/pm_qms_people/models/document_acknowledgment.py,7
pm_qms_people,pm.qms.role.document.requirement,concrete,quality_supervisor,read,role-and-scope-specific,static,Source inventory only; requires model-specific runtime fixture,REVIEW_REQUIRED,addons/pm_qms_people/models/document_acknowledgment.py,7
pm_qms_people,pm.qms.role.document.requirement,concrete,quality_supervisor,create,role-and-scope-specific,static,Source inventory only; requires model-specific runtime fixture,REVIEW_REQUIRED,addons/pm_qms_people/models/document_acknowledgment.py,7
pm_qms_people,pm.qms.role.document.requirement,concrete,quality_supervisor,write,role-and-scope-specific,static,Source inventory only; requires model-specific runtime fixture,REVIEW_REQUIRED,addons/pm_qms_people/models/document_acknowledgment.py,7
pm_qms_people,pm.qms.role.document.requirement,concrete,quality_supervisor,unlink,role-and-scope-specific,static,Source inventory only; requires model-specific runtime fixture,REVIEW_REQUIRED,addons/pm_qms_people/models/document_acknowledgment.py,7
pm_qms_people,pm.qms.role.document.requirement,concrete,quality_manager,read,role-and-scope-specific,static,Source inventory only; requires model-specific runtime fixture,REVIEW_REQUIRED,addons/pm_qms_people/models/document_acknowledgment.py,7
pm_qms_people,pm.qms.role.document.requirement,concrete,quality_manager,create,role-and-scope-specific,static,Source inventory only; requires model-specific runtime fixture,REVIEW_REQUIRED,addons/pm_qms_people/models/document_acknowledgment.py,7
pm_qms_people,pm.qms.role.document.requirement,concrete,quality_manager,write,role-and-scope-specific,static,Source inventory only; requires model-specific runtime fixture,REVIEW_REQUIRED,addons/pm_qms_people/models/document_acknowledgment.py,7
pm_qms_people,pm.qms.role.document.requirement,concrete,quality_manager,unlink,role-and-scope-specific,static,Source inventory only; requires model-specific runtime fixture,REVIEW_REQUIRED,addons/pm_qms_people/models/document_acknowledgment.py,7
pm_qms_people,pm.qms.role.document.requirement,concrete,qms_administrator,read,role-and-scope-specific,static,Source inventory only; requires model-specific runtime fixture,REVIEW_REQUIRED,addons/pm_qms_people/models/document_acknowledgment.py,7
pm_qms_people,pm.qms.role.document.requirement,concrete,qms_administrator,create,role-and-scope-specific,static,Source inventory only; requires model-specific runtime fixture,REVIEW_REQUIRED,addons/pm_qms_people/models/document_acknowledgment.py,7
pm_qms_people,pm.qms.role.document.requirement,concrete,qms_administrator,write,role-and-scope-specific,static,Source inventory only; requires model-specific runtime fixture,REVIEW_REQUIRED,addons/pm_qms_people/models/document_acknowledgment.py,7
pm_qms_people,pm.qms.role.document.requirement,concrete,qms_administrator,unlink,role-and-scope-specific,static,Source inventory only; requires model-specific runtime fixture,REVIEW_REQUIRED,addons/pm_qms_people/models/document_acknowledgment.py,7
pm_qms_people,pm.qms.role.document.requirement,concrete,qms_licensing_administrator,read,role-and-scope-specific,static,Source inventory only; requires model-specific runtime fixture,REVIEW_REQUIRED,addons/pm_qms_people/models/document_acknowledgment.py,7
pm_qms_people,pm.qms.role.document.requirement,concrete,qms_licensing_administrator,create,role-and-scope-specific,static,Source inventory only; requires model-specific runtime fixture,REVIEW_REQUIRED,addons/pm_qms_people/models/document_acknowledgment.py,7
pm_qms_people,pm.qms.role.document.requirement,concrete,qms_licensing_administrator,write,role-and-scope-specific,static,Source inventory only; requires model-specific runtime fixture,REVIEW_REQUIRED,addons/pm_qms_people/models/document_acknowledgment.py,7
pm_qms_people,pm.qms.role.document.requirement,concrete,qms_licensing_administrator,unlink,role-and-scope-specific,static,Source inventory only; requires model-specific runtime fixture,REVIEW_REQUIRED,addons/pm_qms_people/models/document_acknowledgment.py,7
pm_qms_people,pm.qms.role.document.requirement,concrete,odoo_system_administrator,read,role-and-scope-specific,static,Source inventory only; requires model-specific runtime fixture,REVIEW_REQUIRED,addons/pm_qms_people/models/document_acknowledgment.py,7
pm_qms_people,pm.qms.role.document.requirement,concrete,odoo_system_administrator,create,role-and-scope-specific,static,Source inventory only; requires model-specific runtime fixture,REVIEW_REQUIRED,addons/pm_qms_people/models/document_acknowledgment.py,7
pm_qms_people,pm.qms.role.document.requirement,concrete,odoo_system_administrator,write,role-and-scope-specific,static,Source inventory only; requires model-specific runtime fixture,REVIEW_REQUIRED,addons/pm_qms_people/models/document_acknowledgment.py,7
pm_qms_people,pm.qms.role.document.requirement,concrete,odoo_system_administrator,unlink,role-and-scope-specific,static,Source inventory only; requires model-specific runtime fixture,REVIEW_REQUIRED,addons/pm_qms_people/models/document_acknowledgment.py,7
pm_qms_customer_quality,pm.qms.root.cause.analysis,concrete,public,read,deny,runtime,TestM27Security.test_public_and_portal_have_no_qms_model_or_side_channel_access,PASS,addons/pm_qms_customer_quality/models/root_cause.py,5
pm_qms_customer_quality,pm.qms.root.cause.analysis,concrete,public,create,deny,runtime,TestM27Security.test_public_and_portal_have_no_qms_model_or_side_channel_access,PASS,addons/pm_qms_customer_quality/models/root_cause.py,5
pm_qms_customer_quality,pm.qms.root.cause.analysis,concrete,public,write,deny,runtime,TestM27Security.test_public_and_portal_have_no_qms_model_or_side_channel_access,PASS,addons/pm_qms_customer_quality/models/root_cause.py,5
pm_qms_customer_quality,pm.qms.root.cause.analysis,concrete,public,unlink,deny,runtime,TestM27Security.test_public_and_portal_have_no_qms_model_or_side_channel_access,PASS,addons/pm_qms_customer_quality/models/root_cause.py,5
pm_qms_customer_quality,pm.qms.root.cause.analysis,concrete,portal,read,deny,runtime,TestM27Security.test_public_and_portal_have_no_qms_model_or_side_channel_access,PASS,addons/pm_qms_customer_quality/models/root_cause.py,5
pm_qms_customer_quality,pm.qms.root.cause.analysis,concrete,portal,create,deny,runtime,TestM27Security.test_public_and_portal_have_no_qms_model_or_side_channel_access,PASS,addons/pm_qms_customer_quality/models/root_cause.py,5
pm_qms_customer_quality,pm.qms.root.cause.analysis,concrete,portal,write,deny,runtime,TestM27Security.test_public_and_portal_have_no_qms_model_or_side_channel_access,PASS,addons/pm_qms_customer_quality/models/root_cause.py,5
pm_qms_customer_quality,pm.qms.root.cause.analysis,concrete,portal,unlink,deny,runtime,TestM27Security.test_public_and_portal_have_no_qms_model_or_side_channel_access,PASS,addons/pm_qms_customer_quality/models/root_cause.py,5
pm_qms_customer_quality,pm.qms.root.cause.analysis,concrete,qms_user,read,role-and-scope-specific,static,Source inventory only; requires model-specific runtime fixture,REVIEW_REQUIRED,addons/pm_qms_customer_quality/models/root_cause.py,5
pm_qms_customer_quality,pm.qms.root.cause.analysis,concrete,qms_user,create,role-and-scope-specific,static,Source inventory only; requires model-specific runtime fixture,REVIEW_REQUIRED,addons/pm_qms_customer_quality/models/root_cause.py,5
pm_qms_customer_quality,pm.qms.root.cause.analysis,concrete,qms_user,write,role-and-scope-specific,static,Source inventory only; requires model-specific runtime fixture,REVIEW_REQUIRED,addons/pm_qms_customer_quality/models/root_cause.py,5
pm_qms_customer_quality,pm.qms.root.cause.analysis,concrete,qms_user,unlink,role-and-scope-specific,static,Source inventory only; requires model-specific runtime fixture,REVIEW_REQUIRED,addons/pm_qms_customer_quality/models/root_cause.py,5
pm_qms_customer_quality,pm.qms.root.cause.analysis,concrete,qms_viewer,read,role-and-scope-specific,static,Source inventory only; requires model-specific runtime fixture,REVIEW_REQUIRED,addons/pm_qms_customer_quality/models/root_cause.py,5
pm_qms_customer_quality,pm.qms.root.cause.analysis,concrete,qms_viewer,create,role-and-scope-specific,static,Source inventory only; requires model-specific runtime fixture,REVIEW_REQUIRED,addons/pm_qms_customer_quality/models/root_cause.py,5
pm_qms_customer_quality,pm.qms.root.cause.analysis,concrete,qms_viewer,write,role-and-scope-specific,static,Source inventory only; requires model-specific runtime fixture,REVIEW_REQUIRED,addons/pm_qms_customer_quality/models/root_cause.py,5
pm_qms_customer_quality,pm.qms.root.cause.analysis,concrete,qms_viewer,unlink,role-and-scope-specific,static,Source inventory only; requires model-specific runtime fixture,REVIEW_REQUIRED,addons/pm_qms_customer_quality/models/root_cause.py,5
pm_qms_customer_quality,pm.qms.root.cause.analysis,concrete,quality_supervisor,read,role-and-scope-specific,static,Source inventory only; requires model-specific runtime fixture,REVIEW_REQUIRED,addons/pm_qms_customer_quality/models/root_cause.py,5
pm_qms_customer_quality,pm.qms.root.cause.analysis,concrete,quality_supervisor,create,role-and-scope-specific,static,Source inventory only; requires model-specific runtime fixture,REVIEW_REQUIRED,addons/pm_qms_customer_quality/models/root_cause.py,5
pm_qms_customer_quality,pm.qms.root.cause.analysis,concrete,quality_supervisor,write,role-and-scope-specific,static,Source inventory only; requires model-specific runtime fixture,REVIEW_REQUIRED,addons/pm_qms_customer_quality/models/root_cause.py,5
pm_qms_customer_quality,pm.qms.root.cause.analysis,concrete,quality_supervisor,unlink,role-and-scope-specific,static,Source inventory only; requires model-specific runtime fixture,REVIEW_REQUIRED,addons/pm_qms_customer_quality/models/root_cause.py,5
pm_qms_customer_quality,pm.qms.root.cause.analysis,concrete,quality_manager,read,role-and-scope-specific,static,Source inventory only; requires model-specific runtime fixture,REVIEW_REQUIRED,addons/pm_qms_customer_quality/models/root_cause.py,5
pm_qms_customer_quality,pm.qms.root.cause.analysis,concrete,quality_manager,create,role-and-scope-specific,static,Source inventory only; requires model-specific runtime fixture,REVIEW_REQUIRED,addons/pm_qms_customer_quality/models/root_cause.py,5
pm_qms_customer_quality,pm.qms.root.cause.analysis,concrete,quality_manager,write,role-and-scope-specific,static,Source inventory only; requires model-specific runtime fixture,REVIEW_REQUIRED,addons/pm_qms_customer_quality/models/root_cause.py,5
pm_qms_customer_quality,pm.qms.root.cause.analysis,concrete,quality_manager,unlink,role-and-scope-specific,static,Source inventory only; requires model-specific runtime fixture,REVIEW_REQUIRED,addons/pm_qms_customer_quality/models/root_cause.py,5
pm_qms_customer_quality,pm.qms.root.cause.analysis,concrete,qms_administrator,read,role-and-scope-specific,static,Source inventory only; requires model-specific runtime fixture,REVIEW_REQUIRED,addons/pm_qms_customer_quality/models/root_cause.py,5
pm_qms_customer_quality,pm.qms.root.cause.analysis,concrete,qms_administrator,create,role-and-scope-specific,static,Source inventory only; requires model-specific runtime fixture,REVIEW_REQUIRED,addons/pm_qms_customer_quality/models/root_cause.py,5
pm_qms_customer_quality,pm.qms.root.cause.analysis,concrete,qms_administrator,write,role-and-scope-specific,static,Source inventory only; requires model-specific runtime fixture,REVIEW_REQUIRED,addons/pm_qms_customer_quality/models/root_cause.py,5
pm_qms_customer_quality,pm.qms.root.cause.analysis,concrete,qms_administrator,unlink,role-and-scope-specific,static,Source inventory only; requires model-specific runtime fixture,REVIEW_REQUIRED,addons/pm_qms_customer_quality/models/root_cause.py,5
pm_qms_customer_quality,pm.qms.root.cause.analysis,concrete,qms_licensing_administrator,read,role-and-scope-specific,static,Source inventory only; requires model-specific runtime fixture,REVIEW_REQUIRED,addons/pm_qms_customer_quality/models/root_cause.py,5
pm_qms_customer_quality,pm.qms.root.cause.analysis,concrete,qms_licensing_administrator,create,role-and-scope-specific,static,Source inventory only; requires model-specific runtime fixture,REVIEW_REQUIRED,addons/pm_qms_customer_quality/models/root_cause.py,5
pm_qms_customer_quality,pm.qms.root.cause.analysis,concrete,qms_licensing_administrator,write,role-and-scope-specific,static,Source inventory only; requires model-specific runtime fixture,REVIEW_REQUIRED,addons/pm_qms_customer_quality/models/root_cause.py,5
pm_qms_customer_quality,pm.qms.root.cause.analysis,concrete,qms_licensing_administrator,unlink,role-and-scope-specific,static,Source inventory only; requires model-specific runtime fixture,REVIEW_REQUIRED,addons/pm_qms_customer_quality/models/root_cause.py,5
pm_qms_customer_quality,pm.qms.root.cause.analysis,concrete,odoo_system_administrator,read,role-and-scope-specific,static,Source inventory only; requires model-specific runtime fixture,REVIEW_REQUIRED,addons/pm_qms_customer_quality/models/root_cause.py,5
pm_qms_customer_quality,pm.qms.root.cause.analysis,concrete,odoo_system_administrator,create,role-and-scope-specific,static,Source inventory only; requires model-specific runtime fixture,REVIEW_REQUIRED,addons/pm_qms_customer_quality/models/root_cause.py,5
pm_qms_customer_quality,pm.qms.root.cause.analysis,concrete,odoo_system_administrator,write,role-and-scope-specific,static,Source inventory only; requires model-specific runtime fixture,REVIEW_REQUIRED,addons/pm_qms_customer_quality/models/root_cause.py,5
pm_qms_customer_quality,pm.qms.root.cause.analysis,concrete,odoo_system_administrator,unlink,role-and-scope-specific,static,Source inventory only; requires model-specific runtime fixture,REVIEW_REQUIRED,addons/pm_qms_customer_quality/models/root_cause.py,5
pm_qms_customer_quality,pm.qms.root.cause.line,concrete,public,read,deny,runtime,TestM27Security.test_public_and_portal_have_no_qms_model_or_side_channel_access,PASS,addons/pm_qms_customer_quality/models/root_cause.py,116
pm_qms_customer_quality,pm.qms.root.cause.line,concrete,public,create,deny,runtime,TestM27Security.test_public_and_portal_have_no_qms_model_or_side_channel_access,PASS,addons/pm_qms_customer_quality/models/root_cause.py,116
pm_qms_customer_quality,pm.qms.root.cause.line,concrete,public,write,deny,runtime,TestM27Security.test_public_and_portal_have_no_qms_model_or_side_channel_access,PASS,addons/pm_qms_customer_quality/models/root_cause.py,116
pm_qms_customer_quality,pm.qms.root.cause.line,concrete,public,unlink,deny,runtime,TestM27Security.test_public_and_portal_have_no_qms_model_or_side_channel_access,PASS,addons/pm_qms_customer_quality/models/root_cause.py,116
pm_qms_customer_quality,pm.qms.root.cause.line,concrete,portal,read,deny,runtime,TestM27Security.test_public_and_portal_have_no_qms_model_or_side_channel_access,PASS,addons/pm_qms_customer_quality/models/root_cause.py,116
pm_qms_customer_quality,pm.qms.root.cause.line,concrete,portal,create,deny,runtime,TestM27Security.test_public_and_portal_have_no_qms_model_or_side_channel_access,PASS,addons/pm_qms_customer_quality/models/root_cause.py,116
pm_qms_customer_quality,pm.qms.root.cause.line,concrete,portal,write,deny,runtime,TestM27Security.test_public_and_portal_have_no_qms_model_or_side_channel_access,PASS,addons/pm_qms_customer_quality/models/root_cause.py,116
pm_qms_customer_quality,pm.qms.root.cause.line,concrete,portal,unlink,deny,runtime,TestM27Security.test_public_and_portal_have_no_qms_model_or_side_channel_access,PASS,addons/pm_qms_customer_quality/models/root_cause.py,116
pm_qms_customer_quality,pm.qms.root.cause.line,concrete,qms_user,read,role-and-scope-specific,static,Source inventory only; requires model-specific runtime fixture,REVIEW_REQUIRED,addons/pm_qms_customer_quality/models/root_cause.py,116
pm_qms_customer_quality,pm.qms.root.cause.line,concrete,qms_user,create,role-and-scope-specific,static,Source inventory only; requires model-specific runtime fixture,REVIEW_REQUIRED,addons/pm_qms_customer_quality/models/root_cause.py,116
pm_qms_customer_quality,pm.qms.root.cause.line,concrete,qms_user,write,role-and-scope-specific,static,Source inventory only; requires model-specific runtime fixture,REVIEW_REQUIRED,addons/pm_qms_customer_quality/models/root_cause.py,116
pm_qms_customer_quality,pm.qms.root.cause.line,concrete,qms_user,unlink,role-and-scope-specific,static,Source inventory only; requires model-specific runtime fixture,REVIEW_REQUIRED,addons/pm_qms_customer_quality/models/root_cause.py,116
pm_qms_customer_quality,pm.qms.root.cause.line,concrete,qms_viewer,read,role-and-scope-specific,static,Source inventory only; requires model-specific runtime fixture,REVIEW_REQUIRED,addons/pm_qms_customer_quality/models/root_cause.py,116
pm_qms_customer_quality,pm.qms.root.cause.line,concrete,qms_viewer,create,role-and-scope-specific,static,Source inventory only; requires model-specific runtime fixture,REVIEW_REQUIRED,addons/pm_qms_customer_quality/models/root_cause.py,116
pm_qms_customer_quality,pm.qms.root.cause.line,concrete,qms_viewer,write,role-and-scope-specific,static,Source inventory only; requires model-specific runtime fixture,REVIEW_REQUIRED,addons/pm_qms_customer_quality/models/root_cause.py,116
pm_qms_customer_quality,pm.qms.root.cause.line,concrete,qms_viewer,unlink,role-and-scope-specific,static,Source inventory only; requires model-specific runtime fixture,REVIEW_REQUIRED,addons/pm_qms_customer_quality/models/root_cause.py,116
pm_qms_customer_quality,pm.qms.root.cause.line,concrete,quality_supervisor,read,role-and-scope-specific,static,Source inventory only; requires model-specific runtime fixture,REVIEW_REQUIRED,addons/pm_qms_customer_quality/models/root_cause.py,116
pm_qms_customer_quality,pm.qms.root.cause.line,concrete,quality_supervisor,create,role-and-scope-specific,static,Source inventory only; requires model-specific runtime fixture,REVIEW_REQUIRED,addons/pm_qms_customer_quality/models/root_cause.py,116
pm_qms_customer_quality,pm.qms.root.cause.line,concrete,quality_supervisor,write,role-and-scope-specific,static,Source inventory only; requires model-specific runtime fixture,REVIEW_REQUIRED,addons/pm_qms_customer_quality/models/root_cause.py,116
pm_qms_customer_quality,pm.qms.root.cause.line,concrete,quality_supervisor,unlink,role-and-scope-specific,static,Source inventory only; requires model-specific runtime fixture,REVIEW_REQUIRED,addons/pm_qms_customer_quality/models/root_cause.py,116
pm_qms_customer_quality,pm.qms.root.cause.line,concrete,quality_manager,read,role-and-scope-specific,static,Source inventory only; requires model-specific runtime fixture,REVIEW_REQUIRED,addons/pm_qms_customer_quality/models/root_cause.py,116
pm_qms_customer_quality,pm.qms.root.cause.line,concrete,quality_manager,create,role-and-scope-specific,static,Source inventory only; requires model-specific runtime fixture,REVIEW_REQUIRED,addons/pm_qms_customer_quality/models/root_cause.py,116
pm_qms_customer_quality,pm.qms.root.cause.line,concrete,quality_manager,write,role-and-scope-specific,static,Source inventory only; requires model-specific runtime fixture,REVIEW_REQUIRED,addons/pm_qms_customer_quality/models/root_cause.py,116
pm_qms_customer_quality,pm.qms.root.cause.line,concrete,quality_manager,unlink,role-and-scope-specific,static,Source inventory only; requires model-specific runtime fixture,REVIEW_REQUIRED,addons/pm_qms_customer_quality/models/root_cause.py,116
pm_qms_customer_quality,pm.qms.root.cause.line,concrete,qms_administrator,read,role-and-scope-specific,static,Source inventory only; requires model-specific runtime fixture,REVIEW_REQUIRED,addons/pm_qms_customer_quality/models/root_cause.py,116
pm_qms_customer_quality,pm.qms.root.cause.line,concrete,qms_administrator,create,role-and-scope-specific,static,Source inventory only; requires model-specific runtime fixture,REVIEW_REQUIRED,addons/pm_qms_customer_quality/models/root_cause.py,116
pm_qms_customer_quality,pm.qms.root.cause.line,concrete,qms_administrator,write,role-and-scope-specific,static,Source inventory only; requires model-specific runtime fixture,REVIEW_REQUIRED,addons/pm_qms_customer_quality/models/root_cause.py,116
pm_qms_customer_quality,pm.qms.root.cause.line,concrete,qms_administrator,unlink,role-and-scope-specific,static,Source inventory only; requires model-specific runtime fixture,REVIEW_REQUIRED,addons/pm_qms_customer_quality/models/root_cause.py,116
pm_qms_customer_quality,pm.qms.root.cause.line,concrete,qms_licensing_administrator,read,role-and-scope-specific,static,Source inventory only; requires model-specific runtime fixture,REVIEW_REQUIRED,addons/pm_qms_customer_quality/models/root_cause.py,116
pm_qms_customer_quality,pm.qms.root.cause.line,concrete,qms_licensing_administrator,create,role-and-scope-specific,static,Source inventory only; requires model-specific runtime fixture,REVIEW_REQUIRED,addons/pm_qms_customer_quality/models/root_cause.py,116
pm_qms_customer_quality,pm.qms.root.cause.line,concrete,qms_licensing_administrator,write,role-and-scope-specific,static,Source inventory only; requires model-specific runtime fixture,REVIEW_REQUIRED,addons/pm_qms_customer_quality/models/root_cause.py,116
pm_qms_customer_quality,pm.qms.root.cause.line,concrete,qms_licensing_administrator,unlink,role-and-scope-specific,static,Source inventory only; requires model-specific runtime fixture,REVIEW_REQUIRED,addons/pm_qms_customer_quality/models/root_cause.py,116
pm_qms_customer_quality,pm.qms.root.cause.line,concrete,odoo_system_administrator,read,role-and-scope-specific,static,Source inventory only; requires model-specific runtime fixture,REVIEW_REQUIRED,addons/pm_qms_customer_quality/models/root_cause.py,116
pm_qms_customer_quality,pm.qms.root.cause.line,concrete,odoo_system_administrator,create,role-and-scope-specific,static,Source inventory only; requires model-specific runtime fixture,REVIEW_REQUIRED,addons/pm_qms_customer_quality/models/root_cause.py,116
pm_qms_customer_quality,pm.qms.root.cause.line,concrete,odoo_system_administrator,write,role-and-scope-specific,static,Source inventory only; requires model-specific runtime fixture,REVIEW_REQUIRED,addons/pm_qms_customer_quality/models/root_cause.py,116
pm_qms_customer_quality,pm.qms.root.cause.line,concrete,odoo_system_administrator,unlink,role-and-scope-specific,static,Source inventory only; requires model-specific runtime fixture,REVIEW_REQUIRED,addons/pm_qms_customer_quality/models/root_cause.py,116
pm_qms_customer_quality,pm.qms.scar,concrete,public,read,deny,runtime,TestM27Security.test_public_and_portal_have_no_qms_model_or_side_channel_access,PASS,addons/pm_qms_customer_quality/models/scar.py,5
pm_qms_customer_quality,pm.qms.scar,concrete,public,create,deny,runtime,TestM27Security.test_public_and_portal_have_no_qms_model_or_side_channel_access,PASS,addons/pm_qms_customer_quality/models/scar.py,5
pm_qms_customer_quality,pm.qms.scar,concrete,public,write,deny,runtime,TestM27Security.test_public_and_portal_have_no_qms_model_or_side_channel_access,PASS,addons/pm_qms_customer_quality/models/scar.py,5
pm_qms_customer_quality,pm.qms.scar,concrete,public,unlink,deny,runtime,TestM27Security.test_public_and_portal_have_no_qms_model_or_side_channel_access,PASS,addons/pm_qms_customer_quality/models/scar.py,5
pm_qms_customer_quality,pm.qms.scar,concrete,portal,read,deny,runtime,TestM27Security.test_public_and_portal_have_no_qms_model_or_side_channel_access,PASS,addons/pm_qms_customer_quality/models/scar.py,5
pm_qms_customer_quality,pm.qms.scar,concrete,portal,create,deny,runtime,TestM27Security.test_public_and_portal_have_no_qms_model_or_side_channel_access,PASS,addons/pm_qms_customer_quality/models/scar.py,5
pm_qms_customer_quality,pm.qms.scar,concrete,portal,write,deny,runtime,TestM27Security.test_public_and_portal_have_no_qms_model_or_side_channel_access,PASS,addons/pm_qms_customer_quality/models/scar.py,5
pm_qms_customer_quality,pm.qms.scar,concrete,portal,unlink,deny,runtime,TestM27Security.test_public_and_portal_have_no_qms_model_or_side_channel_access,PASS,addons/pm_qms_customer_quality/models/scar.py,5
pm_qms_customer_quality,pm.qms.scar,concrete,qms_user,read,role-and-scope-specific,static,Source inventory only; requires model-specific runtime fixture,REVIEW_REQUIRED,addons/pm_qms_customer_quality/models/scar.py,5
pm_qms_customer_quality,pm.qms.scar,concrete,qms_user,create,role-and-scope-specific,static,Source inventory only; requires model-specific runtime fixture,REVIEW_REQUIRED,addons/pm_qms_customer_quality/models/scar.py,5
pm_qms_customer_quality,pm.qms.scar,concrete,qms_user,write,role-and-scope-specific,static,Source inventory only; requires model-specific runtime fixture,REVIEW_REQUIRED,addons/pm_qms_customer_quality/models/scar.py,5
pm_qms_customer_quality,pm.qms.scar,concrete,qms_user,unlink,role-and-scope-specific,static,Source inventory only; requires model-specific runtime fixture,REVIEW_REQUIRED,addons/pm_qms_customer_quality/models/scar.py,5
pm_qms_customer_quality,pm.qms.scar,concrete,qms_viewer,read,role-and-scope-specific,static,Source inventory only; requires model-specific runtime fixture,REVIEW_REQUIRED,addons/pm_qms_customer_quality/models/scar.py,5
pm_qms_customer_quality,pm.qms.scar,concrete,qms_viewer,create,role-and-scope-specific,static,Source inventory only; requires model-specific runtime fixture,REVIEW_REQUIRED,addons/pm_qms_customer_quality/models/scar.py,5
pm_qms_customer_quality,pm.qms.scar,concrete,qms_viewer,write,role-and-scope-specific,static,Source inventory only; requires model-specific runtime fixture,REVIEW_REQUIRED,addons/pm_qms_customer_quality/models/scar.py,5
pm_qms_customer_quality,pm.qms.scar,concrete,qms_viewer,unlink,role-and-scope-specific,static,Source inventory only; requires model-specific runtime fixture,REVIEW_REQUIRED,addons/pm_qms_customer_quality/models/scar.py,5
pm_qms_customer_quality,pm.qms.scar,concrete,quality_supervisor,read,role-and-scope-specific,static,Source inventory only; requires model-specific runtime fixture,REVIEW_REQUIRED,addons/pm_qms_customer_quality/models/scar.py,5
pm_qms_customer_quality,pm.qms.scar,concrete,quality_supervisor,create,role-and-scope-specific,static,Source inventory only; requires model-specific runtime fixture,REVIEW_REQUIRED,addons/pm_qms_customer_quality/models/scar.py,5
pm_qms_customer_quality,pm.qms.scar,concrete,quality_supervisor,write,role-and-scope-specific,static,Source inventory only; requires model-specific runtime fixture,REVIEW_REQUIRED,addons/pm_qms_customer_quality/models/scar.py,5
pm_qms_customer_quality,pm.qms.scar,concrete,quality_supervisor,unlink,role-and-scope-specific,static,Source inventory only; requires model-specific runtime fixture,REVIEW_REQUIRED,addons/pm_qms_customer_quality/models/scar.py,5
pm_qms_customer_quality,pm.qms.scar,concrete,quality_manager,read,role-and-scope-specific,static,Source inventory only; requires model-specific runtime fixture,REVIEW_REQUIRED,addons/pm_qms_customer_quality/models/scar.py,5
pm_qms_customer_quality,pm.qms.scar,concrete,quality_manager,create,role-and-scope-specific,static,Source inventory only; requires model-specific runtime fixture,REVIEW_REQUIRED,addons/pm_qms_customer_quality/models/scar.py,5
pm_qms_customer_quality,pm.qms.scar,concrete,quality_manager,write,role-and-scope-specific,static,Source inventory only; requires model-specific runtime fixture,REVIEW_REQUIRED,addons/pm_qms_customer_quality/models/scar.py,5
pm_qms_customer_quality,pm.qms.scar,concrete,quality_manager,unlink,role-and-scope-specific,static,Source inventory only; requires model-specific runtime fixture,REVIEW_REQUIRED,addons/pm_qms_customer_quality/models/scar.py,5
pm_qms_customer_quality,pm.qms.scar,concrete,qms_administrator,read,role-and-scope-specific,static,Source inventory only; requires model-specific runtime fixture,REVIEW_REQUIRED,addons/pm_qms_customer_quality/models/scar.py,5
pm_qms_customer_quality,pm.qms.scar,concrete,qms_administrator,create,role-and-scope-specific,static,Source inventory only; requires model-specific runtime fixture,REVIEW_REQUIRED,addons/pm_qms_customer_quality/models/scar.py,5
pm_qms_customer_quality,pm.qms.scar,concrete,qms_administrator,write,role-and-scope-specific,static,Source inventory only; requires model-specific runtime fixture,REVIEW_REQUIRED,addons/pm_qms_customer_quality/models/scar.py,5
pm_qms_customer_quality,pm.qms.scar,concrete,qms_administrator,unlink,role-and-scope-specific,static,Source inventory only; requires model-specific runtime fixture,REVIEW_REQUIRED,addons/pm_qms_customer_quality/models/scar.py,5
pm_qms_customer_quality,pm.qms.scar,concrete,qms_licensing_administrator,read,role-and-scope-specific,static,Source inventory only; requires model-specific runtime fixture,REVIEW_REQUIRED,addons/pm_qms_customer_quality/models/scar.py,5
pm_qms_customer_quality,pm.qms.scar,concrete,qms_licensing_administrator,create,role-and-scope-specific,static,Source inventory only; requires model-specific runtime fixture,REVIEW_REQUIRED,addons/pm_qms_customer_quality/models/scar.py,5
pm_qms_customer_quality,pm.qms.scar,concrete,qms_licensing_administrator,write,role-and-scope-specific,static,Source inventory only; requires model-specific runtime fixture,REVIEW_REQUIRED,addons/pm_qms_customer_quality/models/scar.py,5
pm_qms_customer_quality,pm.qms.scar,concrete,qms_licensing_administrator,unlink,role-and-scope-specific,static,Source inventory only; requires model-specific runtime fixture,REVIEW_REQUIRED,addons/pm_qms_customer_quality/models/scar.py,5
pm_qms_customer_quality,pm.qms.scar,concrete,odoo_system_administrator,read,role-and-scope-specific,static,Source inventory only; requires model-specific runtime fixture,REVIEW_REQUIRED,addons/pm_qms_customer_quality/models/scar.py,5
pm_qms_customer_quality,pm.qms.scar,concrete,odoo_system_administrator,create,role-and-scope-specific,static,Source inventory only; requires model-specific runtime fixture,REVIEW_REQUIRED,addons/pm_qms_customer_quality/models/scar.py,5
pm_qms_customer_quality,pm.qms.scar,concrete,odoo_system_administrator,write,role-and-scope-specific,static,Source inventory only; requires model-specific runtime fixture,REVIEW_REQUIRED,addons/pm_qms_customer_quality/models/scar.py,5
pm_qms_customer_quality,pm.qms.scar,concrete,odoo_system_administrator,unlink,role-and-scope-specific,static,Source inventory only; requires model-specific runtime fixture,REVIEW_REQUIRED,addons/pm_qms_customer_quality/models/scar.py,5
pm_qms_customer_quality,pm.qms.scar.response,concrete,public,read,deny,runtime,TestM27Security.test_public_and_portal_have_no_qms_model_or_side_channel_access,PASS,addons/pm_qms_customer_quality/models/scar.py,235
pm_qms_customer_quality,pm.qms.scar.response,concrete,public,create,deny,runtime,TestM27Security.test_public_and_portal_have_no_qms_model_or_side_channel_access,PASS,addons/pm_qms_customer_quality/models/scar.py,235
pm_qms_customer_quality,pm.qms.scar.response,concrete,public,write,deny,runtime,TestM27Security.test_public_and_portal_have_no_qms_model_or_side_channel_access,PASS,addons/pm_qms_customer_quality/models/scar.py,235
pm_qms_customer_quality,pm.qms.scar.response,concrete,public,unlink,deny,runtime,TestM27Security.test_public_and_portal_have_no_qms_model_or_side_channel_access,PASS,addons/pm_qms_customer_quality/models/scar.py,235
pm_qms_customer_quality,pm.qms.scar.response,concrete,portal,read,deny,runtime,TestM27Security.test_public_and_portal_have_no_qms_model_or_side_channel_access,PASS,addons/pm_qms_customer_quality/models/scar.py,235
pm_qms_customer_quality,pm.qms.scar.response,concrete,portal,create,deny,runtime,TestM27Security.test_public_and_portal_have_no_qms_model_or_side_channel_access,PASS,addons/pm_qms_customer_quality/models/scar.py,235
pm_qms_customer_quality,pm.qms.scar.response,concrete,portal,write,deny,runtime,TestM27Security.test_public_and_portal_have_no_qms_model_or_side_channel_access,PASS,addons/pm_qms_customer_quality/models/scar.py,235
pm_qms_customer_quality,pm.qms.scar.response,concrete,portal,unlink,deny,runtime,TestM27Security.test_public_and_portal_have_no_qms_model_or_side_channel_access,PASS,addons/pm_qms_customer_quality/models/scar.py,235
pm_qms_customer_quality,pm.qms.scar.response,concrete,qms_user,read,role-and-scope-specific,static,Source inventory only; requires model-specific runtime fixture,REVIEW_REQUIRED,addons/pm_qms_customer_quality/models/scar.py,235
pm_qms_customer_quality,pm.qms.scar.response,concrete,qms_user,create,role-and-scope-specific,static,Source inventory only; requires model-specific runtime fixture,REVIEW_REQUIRED,addons/pm_qms_customer_quality/models/scar.py,235
pm_qms_customer_quality,pm.qms.scar.response,concrete,qms_user,write,role-and-scope-specific,static,Source inventory only; requires model-specific runtime fixture,REVIEW_REQUIRED,addons/pm_qms_customer_quality/models/scar.py,235
pm_qms_customer_quality,pm.qms.scar.response,concrete,qms_user,unlink,role-and-scope-specific,static,Source inventory only; requires model-specific runtime fixture,REVIEW_REQUIRED,addons/pm_qms_customer_quality/models/scar.py,235
pm_qms_customer_quality,pm.qms.scar.response,concrete,qms_viewer,read,role-and-scope-specific,static,Source inventory only; requires model-specific runtime fixture,REVIEW_REQUIRED,addons/pm_qms_customer_quality/models/scar.py,235
pm_qms_customer_quality,pm.qms.scar.response,concrete,qms_viewer,create,role-and-scope-specific,static,Source inventory only; requires model-specific runtime fixture,REVIEW_REQUIRED,addons/pm_qms_customer_quality/models/scar.py,235
pm_qms_customer_quality,pm.qms.scar.response,concrete,qms_viewer,write,role-and-scope-specific,static,Source inventory only; requires model-specific runtime fixture,REVIEW_REQUIRED,addons/pm_qms_customer_quality/models/scar.py,235
pm_qms_customer_quality,pm.qms.scar.response,concrete,qms_viewer,unlink,role-and-scope-specific,static,Source inventory only; requires model-specific runtime fixture,REVIEW_REQUIRED,addons/pm_qms_customer_quality/models/scar.py,235
pm_qms_customer_quality,pm.qms.scar.response,concrete,quality_supervisor,read,role-and-scope-specific,static,Source inventory only; requires model-specific runtime fixture,REVIEW_REQUIRED,addons/pm_qms_customer_quality/models/scar.py,235
pm_qms_customer_quality,pm.qms.scar.response,concrete,quality_supervisor,create,role-and-scope-specific,static,Source inventory only; requires model-specific runtime fixture,REVIEW_REQUIRED,addons/pm_qms_customer_quality/models/scar.py,235
pm_qms_customer_quality,pm.qms.scar.response,concrete,quality_supervisor,write,role-and-scope-specific,static,Source inventory only; requires model-specific runtime fixture,REVIEW_REQUIRED,addons/pm_qms_customer_quality/models/scar.py,235
pm_qms_customer_quality,pm.qms.scar.response,concrete,quality_supervisor,unlink,role-and-scope-specific,static,Source inventory only; requires model-specific runtime fixture,REVIEW_REQUIRED,addons/pm_qms_customer_quality/models/scar.py,235
pm_qms_customer_quality,pm.qms.scar.response,concrete,quality_manager,read,role-and-scope-specific,static,Source inventory only; requires model-specific runtime fixture,REVIEW_REQUIRED,addons/pm_qms_customer_quality/models/scar.py,235
pm_qms_customer_quality,pm.qms.scar.response,concrete,quality_manager,create,role-and-scope-specific,static,Source inventory only; requires model-specific runtime fixture,REVIEW_REQUIRED,addons/pm_qms_customer_quality/models/scar.py,235
pm_qms_customer_quality,pm.qms.scar.response,concrete,quality_manager,write,role-and-scope-specific,static,Source inventory only; requires model-specific runtime fixture,REVIEW_REQUIRED,addons/pm_qms_customer_quality/models/scar.py,235
pm_qms_customer_quality,pm.qms.scar.response,concrete,quality_manager,unlink,role-and-scope-specific,static,Source inventory only; requires model-specific runtime fixture,REVIEW_REQUIRED,addons/pm_qms_customer_quality/models/scar.py,235
pm_qms_customer_quality,pm.qms.scar.response,concrete,qms_administrator,read,role-and-scope-specific,static,Source inventory only; requires model-specific runtime fixture,REVIEW_REQUIRED,addons/pm_qms_customer_quality/models/scar.py,235
pm_qms_customer_quality,pm.qms.scar.response,concrete,qms_administrator,create,role-and-scope-specific,static,Source inventory only; requires model-specific runtime fixture,REVIEW_REQUIRED,addons/pm_qms_customer_quality/models/scar.py,235
pm_qms_customer_quality,pm.qms.scar.response,concrete,qms_administrator,write,role-and-scope-specific,static,Source inventory only; requires model-specific runtime fixture,REVIEW_REQUIRED,addons/pm_qms_customer_quality/models/scar.py,235
pm_qms_customer_quality,pm.qms.scar.response,concrete,qms_administrator,unlink,role-and-scope-specific,static,Source inventory only; requires model-specific runtime fixture,REVIEW_REQUIRED,addons/pm_qms_customer_quality/models/scar.py,235
pm_qms_customer_quality,pm.qms.scar.response,concrete,qms_licensing_administrator,read,role-and-scope-specific,static,Source inventory only; requires model-specific runtime fixture,REVIEW_REQUIRED,addons/pm_qms_customer_quality/models/scar.py,235
pm_qms_customer_quality,pm.qms.scar.response,concrete,qms_licensing_administrator,create,role-and-scope-specific,static,Source inventory only; requires model-specific runtime fixture,REVIEW_REQUIRED,addons/pm_qms_customer_quality/models/scar.py,235
pm_qms_customer_quality,pm.qms.scar.response,concrete,qms_licensing_administrator,write,role-and-scope-specific,static,Source inventory only; requires model-specific runtime fixture,REVIEW_REQUIRED,addons/pm_qms_customer_quality/models/scar.py,235
pm_qms_customer_quality,pm.qms.scar.response,concrete,qms_licensing_administrator,unlink,role-and-scope-specific,static,Source inventory only; requires model-specific runtime fixture,REVIEW_REQUIRED,addons/pm_qms_customer_quality/models/scar.py,235
pm_qms_customer_quality,pm.qms.scar.response,concrete,odoo_system_administrator,read,role-and-scope-specific,static,Source inventory only; requires model-specific runtime fixture,REVIEW_REQUIRED,addons/pm_qms_customer_quality/models/scar.py,235
pm_qms_customer_quality,pm.qms.scar.response,concrete,odoo_system_administrator,create,role-and-scope-specific,static,Source inventory only; requires model-specific runtime fixture,REVIEW_REQUIRED,addons/pm_qms_customer_quality/models/scar.py,235
pm_qms_customer_quality,pm.qms.scar.response,concrete,odoo_system_administrator,write,role-and-scope-specific,static,Source inventory only; requires model-specific runtime fixture,REVIEW_REQUIRED,addons/pm_qms_customer_quality/models/scar.py,235
pm_qms_customer_quality,pm.qms.scar.response,concrete,odoo_system_administrator,unlink,role-and-scope-specific,static,Source inventory only; requires model-specific runtime fixture,REVIEW_REQUIRED,addons/pm_qms_customer_quality/models/scar.py,235
pm_qms_core,pm.qms.site,concrete,public,read,deny,runtime,TestM27Security.test_public_and_portal_have_no_qms_model_or_side_channel_access,PASS,addons/pm_qms_core/models/site.py,5
pm_qms_core,pm.qms.site,concrete,public,create,deny,runtime,TestM27Security.test_public_and_portal_have_no_qms_model_or_side_channel_access,PASS,addons/pm_qms_core/models/site.py,5
pm_qms_core,pm.qms.site,concrete,public,write,deny,runtime,TestM27Security.test_public_and_portal_have_no_qms_model_or_side_channel_access,PASS,addons/pm_qms_core/models/site.py,5
pm_qms_core,pm.qms.site,concrete,public,unlink,deny,runtime,TestM27Security.test_public_and_portal_have_no_qms_model_or_side_channel_access,PASS,addons/pm_qms_core/models/site.py,5
pm_qms_core,pm.qms.site,concrete,portal,read,deny,runtime,TestM27Security.test_public_and_portal_have_no_qms_model_or_side_channel_access,PASS,addons/pm_qms_core/models/site.py,5
pm_qms_core,pm.qms.site,concrete,portal,create,deny,runtime,TestM27Security.test_public_and_portal_have_no_qms_model_or_side_channel_access,PASS,addons/pm_qms_core/models/site.py,5
pm_qms_core,pm.qms.site,concrete,portal,write,deny,runtime,TestM27Security.test_public_and_portal_have_no_qms_model_or_side_channel_access,PASS,addons/pm_qms_core/models/site.py,5
pm_qms_core,pm.qms.site,concrete,portal,unlink,deny,runtime,TestM27Security.test_public_and_portal_have_no_qms_model_or_side_channel_access,PASS,addons/pm_qms_core/models/site.py,5
pm_qms_core,pm.qms.site,concrete,qms_user,read,role-and-scope-specific,static,Source inventory only; requires model-specific runtime fixture,REVIEW_REQUIRED,addons/pm_qms_core/models/site.py,5
pm_qms_core,pm.qms.site,concrete,qms_user,create,role-and-scope-specific,static,Source inventory only; requires model-specific runtime fixture,REVIEW_REQUIRED,addons/pm_qms_core/models/site.py,5
pm_qms_core,pm.qms.site,concrete,qms_user,write,role-and-scope-specific,static,Source inventory only; requires model-specific runtime fixture,REVIEW_REQUIRED,addons/pm_qms_core/models/site.py,5
pm_qms_core,pm.qms.site,concrete,qms_user,unlink,role-and-scope-specific,static,Source inventory only; requires model-specific runtime fixture,REVIEW_REQUIRED,addons/pm_qms_core/models/site.py,5
pm_qms_core,pm.qms.site,concrete,qms_viewer,read,role-and-scope-specific,static,Source inventory only; requires model-specific runtime fixture,REVIEW_REQUIRED,addons/pm_qms_core/models/site.py,5
pm_qms_core,pm.qms.site,concrete,qms_viewer,create,role-and-scope-specific,static,Source inventory only; requires model-specific runtime fixture,REVIEW_REQUIRED,addons/pm_qms_core/models/site.py,5
pm_qms_core,pm.qms.site,concrete,qms_viewer,write,role-and-scope-specific,static,Source inventory only; requires model-specific runtime fixture,REVIEW_REQUIRED,addons/pm_qms_core/models/site.py,5
pm_qms_core,pm.qms.site,concrete,qms_viewer,unlink,role-and-scope-specific,static,Source inventory only; requires model-specific runtime fixture,REVIEW_REQUIRED,addons/pm_qms_core/models/site.py,5
pm_qms_core,pm.qms.site,concrete,quality_supervisor,read,role-and-scope-specific,static,Source inventory only; requires model-specific runtime fixture,REVIEW_REQUIRED,addons/pm_qms_core/models/site.py,5
pm_qms_core,pm.qms.site,concrete,quality_supervisor,create,role-and-scope-specific,static,Source inventory only; requires model-specific runtime fixture,REVIEW_REQUIRED,addons/pm_qms_core/models/site.py,5
pm_qms_core,pm.qms.site,concrete,quality_supervisor,write,role-and-scope-specific,static,Source inventory only; requires model-specific runtime fixture,REVIEW_REQUIRED,addons/pm_qms_core/models/site.py,5
pm_qms_core,pm.qms.site,concrete,quality_supervisor,unlink,role-and-scope-specific,static,Source inventory only; requires model-specific runtime fixture,REVIEW_REQUIRED,addons/pm_qms_core/models/site.py,5
pm_qms_core,pm.qms.site,concrete,quality_manager,read,role-and-scope-specific,static,Source inventory only; requires model-specific runtime fixture,REVIEW_REQUIRED,addons/pm_qms_core/models/site.py,5
pm_qms_core,pm.qms.site,concrete,quality_manager,create,role-and-scope-specific,static,Source inventory only; requires model-specific runtime fixture,REVIEW_REQUIRED,addons/pm_qms_core/models/site.py,5
pm_qms_core,pm.qms.site,concrete,quality_manager,write,role-and-scope-specific,static,Source inventory only; requires model-specific runtime fixture,REVIEW_REQUIRED,addons/pm_qms_core/models/site.py,5
pm_qms_core,pm.qms.site,concrete,quality_manager,unlink,role-and-scope-specific,static,Source inventory only; requires model-specific runtime fixture,REVIEW_REQUIRED,addons/pm_qms_core/models/site.py,5
pm_qms_core,pm.qms.site,concrete,qms_administrator,read,role-and-scope-specific,static,Source inventory only; requires model-specific runtime fixture,REVIEW_REQUIRED,addons/pm_qms_core/models/site.py,5
pm_qms_core,pm.qms.site,concrete,qms_administrator,create,role-and-scope-specific,static,Source inventory only; requires model-specific runtime fixture,REVIEW_REQUIRED,addons/pm_qms_core/models/site.py,5
pm_qms_core,pm.qms.site,concrete,qms_administrator,write,role-and-scope-specific,static,Source inventory only; requires model-specific runtime fixture,REVIEW_REQUIRED,addons/pm_qms_core/models/site.py,5
pm_qms_core,pm.qms.site,concrete,qms_administrator,unlink,role-and-scope-specific,static,Source inventory only; requires model-specific runtime fixture,REVIEW_REQUIRED,addons/pm_qms_core/models/site.py,5
pm_qms_core,pm.qms.site,concrete,qms_licensing_administrator,read,role-and-scope-specific,static,Source inventory only; requires model-specific runtime fixture,REVIEW_REQUIRED,addons/pm_qms_core/models/site.py,5
pm_qms_core,pm.qms.site,concrete,qms_licensing_administrator,create,role-and-scope-specific,static,Source inventory only; requires model-specific runtime fixture,REVIEW_REQUIRED,addons/pm_qms_core/models/site.py,5
pm_qms_core,pm.qms.site,concrete,qms_licensing_administrator,write,role-and-scope-specific,static,Source inventory only; requires model-specific runtime fixture,REVIEW_REQUIRED,addons/pm_qms_core/models/site.py,5
pm_qms_core,pm.qms.site,concrete,qms_licensing_administrator,unlink,role-and-scope-specific,static,Source inventory only; requires model-specific runtime fixture,REVIEW_REQUIRED,addons/pm_qms_core/models/site.py,5
pm_qms_core,pm.qms.site,concrete,odoo_system_administrator,read,role-and-scope-specific,static,Source inventory only; requires model-specific runtime fixture,REVIEW_REQUIRED,addons/pm_qms_core/models/site.py,5
pm_qms_core,pm.qms.site,concrete,odoo_system_administrator,create,role-and-scope-specific,static,Source inventory only; requires model-specific runtime fixture,REVIEW_REQUIRED,addons/pm_qms_core/models/site.py,5
pm_qms_core,pm.qms.site,concrete,odoo_system_administrator,write,role-and-scope-specific,static,Source inventory only; requires model-specific runtime fixture,REVIEW_REQUIRED,addons/pm_qms_core/models/site.py,5
pm_qms_core,pm.qms.site,concrete,odoo_system_administrator,unlink,role-and-scope-specific,static,Source inventory only; requires model-specific runtime fixture,REVIEW_REQUIRED,addons/pm_qms_core/models/site.py,5
pm_qms_kpi,pm.qms.supplier.evaluation,concrete,public,read,deny,runtime,TestM27Security.test_public_and_portal_have_no_qms_model_or_side_channel_access,PASS,addons/pm_qms_kpi/models/supplier_evaluation.py,5
pm_qms_kpi,pm.qms.supplier.evaluation,concrete,public,create,deny,runtime,TestM27Security.test_public_and_portal_have_no_qms_model_or_side_channel_access,PASS,addons/pm_qms_kpi/models/supplier_evaluation.py,5
pm_qms_kpi,pm.qms.supplier.evaluation,concrete,public,write,deny,runtime,TestM27Security.test_public_and_portal_have_no_qms_model_or_side_channel_access,PASS,addons/pm_qms_kpi/models/supplier_evaluation.py,5
pm_qms_kpi,pm.qms.supplier.evaluation,concrete,public,unlink,deny,runtime,TestM27Security.test_public_and_portal_have_no_qms_model_or_side_channel_access,PASS,addons/pm_qms_kpi/models/supplier_evaluation.py,5
pm_qms_kpi,pm.qms.supplier.evaluation,concrete,portal,read,deny,runtime,TestM27Security.test_public_and_portal_have_no_qms_model_or_side_channel_access,PASS,addons/pm_qms_kpi/models/supplier_evaluation.py,5
pm_qms_kpi,pm.qms.supplier.evaluation,concrete,portal,create,deny,runtime,TestM27Security.test_public_and_portal_have_no_qms_model_or_side_channel_access,PASS,addons/pm_qms_kpi/models/supplier_evaluation.py,5
pm_qms_kpi,pm.qms.supplier.evaluation,concrete,portal,write,deny,runtime,TestM27Security.test_public_and_portal_have_no_qms_model_or_side_channel_access,PASS,addons/pm_qms_kpi/models/supplier_evaluation.py,5
pm_qms_kpi,pm.qms.supplier.evaluation,concrete,portal,unlink,deny,runtime,TestM27Security.test_public_and_portal_have_no_qms_model_or_side_channel_access,PASS,addons/pm_qms_kpi/models/supplier_evaluation.py,5
pm_qms_kpi,pm.qms.supplier.evaluation,concrete,qms_user,read,role-and-scope-specific,static,Source inventory only; requires model-specific runtime fixture,REVIEW_REQUIRED,addons/pm_qms_kpi/models/supplier_evaluation.py,5
pm_qms_kpi,pm.qms.supplier.evaluation,concrete,qms_user,create,role-and-scope-specific,static,Source inventory only; requires model-specific runtime fixture,REVIEW_REQUIRED,addons/pm_qms_kpi/models/supplier_evaluation.py,5
pm_qms_kpi,pm.qms.supplier.evaluation,concrete,qms_user,write,role-and-scope-specific,static,Source inventory only; requires model-specific runtime fixture,REVIEW_REQUIRED,addons/pm_qms_kpi/models/supplier_evaluation.py,5
pm_qms_kpi,pm.qms.supplier.evaluation,concrete,qms_user,unlink,role-and-scope-specific,static,Source inventory only; requires model-specific runtime fixture,REVIEW_REQUIRED,addons/pm_qms_kpi/models/supplier_evaluation.py,5
pm_qms_kpi,pm.qms.supplier.evaluation,concrete,qms_viewer,read,role-and-scope-specific,static,Source inventory only; requires model-specific runtime fixture,REVIEW_REQUIRED,addons/pm_qms_kpi/models/supplier_evaluation.py,5
pm_qms_kpi,pm.qms.supplier.evaluation,concrete,qms_viewer,create,role-and-scope-specific,static,Source inventory only; requires model-specific runtime fixture,REVIEW_REQUIRED,addons/pm_qms_kpi/models/supplier_evaluation.py,5
pm_qms_kpi,pm.qms.supplier.evaluation,concrete,qms_viewer,write,role-and-scope-specific,static,Source inventory only; requires model-specific runtime fixture,REVIEW_REQUIRED,addons/pm_qms_kpi/models/supplier_evaluation.py,5
pm_qms_kpi,pm.qms.supplier.evaluation,concrete,qms_viewer,unlink,role-and-scope-specific,static,Source inventory only; requires model-specific runtime fixture,REVIEW_REQUIRED,addons/pm_qms_kpi/models/supplier_evaluation.py,5
pm_qms_kpi,pm.qms.supplier.evaluation,concrete,quality_supervisor,read,role-and-scope-specific,static,Source inventory only; requires model-specific runtime fixture,REVIEW_REQUIRED,addons/pm_qms_kpi/models/supplier_evaluation.py,5
pm_qms_kpi,pm.qms.supplier.evaluation,concrete,quality_supervisor,create,role-and-scope-specific,static,Source inventory only; requires model-specific runtime fixture,REVIEW_REQUIRED,addons/pm_qms_kpi/models/supplier_evaluation.py,5
pm_qms_kpi,pm.qms.supplier.evaluation,concrete,quality_supervisor,write,role-and-scope-specific,static,Source inventory only; requires model-specific runtime fixture,REVIEW_REQUIRED,addons/pm_qms_kpi/models/supplier_evaluation.py,5
pm_qms_kpi,pm.qms.supplier.evaluation,concrete,quality_supervisor,unlink,role-and-scope-specific,static,Source inventory only; requires model-specific runtime fixture,REVIEW_REQUIRED,addons/pm_qms_kpi/models/supplier_evaluation.py,5
pm_qms_kpi,pm.qms.supplier.evaluation,concrete,quality_manager,read,role-and-scope-specific,static,Source inventory only; requires model-specific runtime fixture,REVIEW_REQUIRED,addons/pm_qms_kpi/models/supplier_evaluation.py,5
pm_qms_kpi,pm.qms.supplier.evaluation,concrete,quality_manager,create,role-and-scope-specific,static,Source inventory only; requires model-specific runtime fixture,REVIEW_REQUIRED,addons/pm_qms_kpi/models/supplier_evaluation.py,5
pm_qms_kpi,pm.qms.supplier.evaluation,concrete,quality_manager,write,role-and-scope-specific,static,Source inventory only; requires model-specific runtime fixture,REVIEW_REQUIRED,addons/pm_qms_kpi/models/supplier_evaluation.py,5
pm_qms_kpi,pm.qms.supplier.evaluation,concrete,quality_manager,unlink,role-and-scope-specific,static,Source inventory only; requires model-specific runtime fixture,REVIEW_REQUIRED,addons/pm_qms_kpi/models/supplier_evaluation.py,5
pm_qms_kpi,pm.qms.supplier.evaluation,concrete,qms_administrator,read,role-and-scope-specific,static,Source inventory only; requires model-specific runtime fixture,REVIEW_REQUIRED,addons/pm_qms_kpi/models/supplier_evaluation.py,5
pm_qms_kpi,pm.qms.supplier.evaluation,concrete,qms_administrator,create,role-and-scope-specific,static,Source inventory only; requires model-specific runtime fixture,REVIEW_REQUIRED,addons/pm_qms_kpi/models/supplier_evaluation.py,5
pm_qms_kpi,pm.qms.supplier.evaluation,concrete,qms_administrator,write,role-and-scope-specific,static,Source inventory only; requires model-specific runtime fixture,REVIEW_REQUIRED,addons/pm_qms_kpi/models/supplier_evaluation.py,5
pm_qms_kpi,pm.qms.supplier.evaluation,concrete,qms_administrator,unlink,role-and-scope-specific,static,Source inventory only; requires model-specific runtime fixture,REVIEW_REQUIRED,addons/pm_qms_kpi/models/supplier_evaluation.py,5
pm_qms_kpi,pm.qms.supplier.evaluation,concrete,qms_licensing_administrator,read,role-and-scope-specific,static,Source inventory only; requires model-specific runtime fixture,REVIEW_REQUIRED,addons/pm_qms_kpi/models/supplier_evaluation.py,5
pm_qms_kpi,pm.qms.supplier.evaluation,concrete,qms_licensing_administrator,create,role-and-scope-specific,static,Source inventory only; requires model-specific runtime fixture,REVIEW_REQUIRED,addons/pm_qms_kpi/models/supplier_evaluation.py,5
pm_qms_kpi,pm.qms.supplier.evaluation,concrete,qms_licensing_administrator,write,role-and-scope-specific,static,Source inventory only; requires model-specific runtime fixture,REVIEW_REQUIRED,addons/pm_qms_kpi/models/supplier_evaluation.py,5
pm_qms_kpi,pm.qms.supplier.evaluation,concrete,qms_licensing_administrator,unlink,role-and-scope-specific,static,Source inventory only; requires model-specific runtime fixture,REVIEW_REQUIRED,addons/pm_qms_kpi/models/supplier_evaluation.py,5
pm_qms_kpi,pm.qms.supplier.evaluation,concrete,odoo_system_administrator,read,role-and-scope-specific,static,Source inventory only; requires model-specific runtime fixture,REVIEW_REQUIRED,addons/pm_qms_kpi/models/supplier_evaluation.py,5
pm_qms_kpi,pm.qms.supplier.evaluation,concrete,odoo_system_administrator,create,role-and-scope-specific,static,Source inventory only; requires model-specific runtime fixture,REVIEW_REQUIRED,addons/pm_qms_kpi/models/supplier_evaluation.py,5
pm_qms_kpi,pm.qms.supplier.evaluation,concrete,odoo_system_administrator,write,role-and-scope-specific,static,Source inventory only; requires model-specific runtime fixture,REVIEW_REQUIRED,addons/pm_qms_kpi/models/supplier_evaluation.py,5
pm_qms_kpi,pm.qms.supplier.evaluation,concrete,odoo_system_administrator,unlink,role-and-scope-specific,static,Source inventory only; requires model-specific runtime fixture,REVIEW_REQUIRED,addons/pm_qms_kpi/models/supplier_evaluation.py,5
pm_qms_customer_quality,pm.qms.supplier.issue,concrete,public,read,deny,runtime,TestM27Security.test_public_and_portal_have_no_qms_model_or_side_channel_access,PASS,addons/pm_qms_customer_quality/models/supplier_issue.py,5
pm_qms_customer_quality,pm.qms.supplier.issue,concrete,public,create,deny,runtime,TestM27Security.test_public_and_portal_have_no_qms_model_or_side_channel_access,PASS,addons/pm_qms_customer_quality/models/supplier_issue.py,5
pm_qms_customer_quality,pm.qms.supplier.issue,concrete,public,write,deny,runtime,TestM27Security.test_public_and_portal_have_no_qms_model_or_side_channel_access,PASS,addons/pm_qms_customer_quality/models/supplier_issue.py,5
pm_qms_customer_quality,pm.qms.supplier.issue,concrete,public,unlink,deny,runtime,TestM27Security.test_public_and_portal_have_no_qms_model_or_side_channel_access,PASS,addons/pm_qms_customer_quality/models/supplier_issue.py,5
pm_qms_customer_quality,pm.qms.supplier.issue,concrete,portal,read,deny,runtime,TestM27Security.test_public_and_portal_have_no_qms_model_or_side_channel_access,PASS,addons/pm_qms_customer_quality/models/supplier_issue.py,5
pm_qms_customer_quality,pm.qms.supplier.issue,concrete,portal,create,deny,runtime,TestM27Security.test_public_and_portal_have_no_qms_model_or_side_channel_access,PASS,addons/pm_qms_customer_quality/models/supplier_issue.py,5
pm_qms_customer_quality,pm.qms.supplier.issue,concrete,portal,write,deny,runtime,TestM27Security.test_public_and_portal_have_no_qms_model_or_side_channel_access,PASS,addons/pm_qms_customer_quality/models/supplier_issue.py,5
pm_qms_customer_quality,pm.qms.supplier.issue,concrete,portal,unlink,deny,runtime,TestM27Security.test_public_and_portal_have_no_qms_model_or_side_channel_access,PASS,addons/pm_qms_customer_quality/models/supplier_issue.py,5
pm_qms_customer_quality,pm.qms.supplier.issue,concrete,qms_user,read,role-and-scope-specific,static,Source inventory only; requires model-specific runtime fixture,REVIEW_REQUIRED,addons/pm_qms_customer_quality/models/supplier_issue.py,5
pm_qms_customer_quality,pm.qms.supplier.issue,concrete,qms_user,create,role-and-scope-specific,static,Source inventory only; requires model-specific runtime fixture,REVIEW_REQUIRED,addons/pm_qms_customer_quality/models/supplier_issue.py,5
pm_qms_customer_quality,pm.qms.supplier.issue,concrete,qms_user,write,role-and-scope-specific,static,Source inventory only; requires model-specific runtime fixture,REVIEW_REQUIRED,addons/pm_qms_customer_quality/models/supplier_issue.py,5
pm_qms_customer_quality,pm.qms.supplier.issue,concrete,qms_user,unlink,role-and-scope-specific,static,Source inventory only; requires model-specific runtime fixture,REVIEW_REQUIRED,addons/pm_qms_customer_quality/models/supplier_issue.py,5
pm_qms_customer_quality,pm.qms.supplier.issue,concrete,qms_viewer,read,role-and-scope-specific,static,Source inventory only; requires model-specific runtime fixture,REVIEW_REQUIRED,addons/pm_qms_customer_quality/models/supplier_issue.py,5
pm_qms_customer_quality,pm.qms.supplier.issue,concrete,qms_viewer,create,role-and-scope-specific,static,Source inventory only; requires model-specific runtime fixture,REVIEW_REQUIRED,addons/pm_qms_customer_quality/models/supplier_issue.py,5
pm_qms_customer_quality,pm.qms.supplier.issue,concrete,qms_viewer,write,role-and-scope-specific,static,Source inventory only; requires model-specific runtime fixture,REVIEW_REQUIRED,addons/pm_qms_customer_quality/models/supplier_issue.py,5
pm_qms_customer_quality,pm.qms.supplier.issue,concrete,qms_viewer,unlink,role-and-scope-specific,static,Source inventory only; requires model-specific runtime fixture,REVIEW_REQUIRED,addons/pm_qms_customer_quality/models/supplier_issue.py,5
pm_qms_customer_quality,pm.qms.supplier.issue,concrete,quality_supervisor,read,role-and-scope-specific,static,Source inventory only; requires model-specific runtime fixture,REVIEW_REQUIRED,addons/pm_qms_customer_quality/models/supplier_issue.py,5
pm_qms_customer_quality,pm.qms.supplier.issue,concrete,quality_supervisor,create,role-and-scope-specific,static,Source inventory only; requires model-specific runtime fixture,REVIEW_REQUIRED,addons/pm_qms_customer_quality/models/supplier_issue.py,5
pm_qms_customer_quality,pm.qms.supplier.issue,concrete,quality_supervisor,write,role-and-scope-specific,static,Source inventory only; requires model-specific runtime fixture,REVIEW_REQUIRED,addons/pm_qms_customer_quality/models/supplier_issue.py,5
pm_qms_customer_quality,pm.qms.supplier.issue,concrete,quality_supervisor,unlink,role-and-scope-specific,static,Source inventory only; requires model-specific runtime fixture,REVIEW_REQUIRED,addons/pm_qms_customer_quality/models/supplier_issue.py,5
pm_qms_customer_quality,pm.qms.supplier.issue,concrete,quality_manager,read,role-and-scope-specific,static,Source inventory only; requires model-specific runtime fixture,REVIEW_REQUIRED,addons/pm_qms_customer_quality/models/supplier_issue.py,5
pm_qms_customer_quality,pm.qms.supplier.issue,concrete,quality_manager,create,role-and-scope-specific,static,Source inventory only; requires model-specific runtime fixture,REVIEW_REQUIRED,addons/pm_qms_customer_quality/models/supplier_issue.py,5
pm_qms_customer_quality,pm.qms.supplier.issue,concrete,quality_manager,write,role-and-scope-specific,static,Source inventory only; requires model-specific runtime fixture,REVIEW_REQUIRED,addons/pm_qms_customer_quality/models/supplier_issue.py,5
pm_qms_customer_quality,pm.qms.supplier.issue,concrete,quality_manager,unlink,role-and-scope-specific,static,Source inventory only; requires model-specific runtime fixture,REVIEW_REQUIRED,addons/pm_qms_customer_quality/models/supplier_issue.py,5
pm_qms_customer_quality,pm.qms.supplier.issue,concrete,qms_administrator,read,role-and-scope-specific,static,Source inventory only; requires model-specific runtime fixture,REVIEW_REQUIRED,addons/pm_qms_customer_quality/models/supplier_issue.py,5
pm_qms_customer_quality,pm.qms.supplier.issue,concrete,qms_administrator,create,role-and-scope-specific,static,Source inventory only; requires model-specific runtime fixture,REVIEW_REQUIRED,addons/pm_qms_customer_quality/models/supplier_issue.py,5
pm_qms_customer_quality,pm.qms.supplier.issue,concrete,qms_administrator,write,role-and-scope-specific,static,Source inventory only; requires model-specific runtime fixture,REVIEW_REQUIRED,addons/pm_qms_customer_quality/models/supplier_issue.py,5
pm_qms_customer_quality,pm.qms.supplier.issue,concrete,qms_administrator,unlink,role-and-scope-specific,static,Source inventory only; requires model-specific runtime fixture,REVIEW_REQUIRED,addons/pm_qms_customer_quality/models/supplier_issue.py,5
pm_qms_customer_quality,pm.qms.supplier.issue,concrete,qms_licensing_administrator,read,role-and-scope-specific,static,Source inventory only; requires model-specific runtime fixture,REVIEW_REQUIRED,addons/pm_qms_customer_quality/models/supplier_issue.py,5
pm_qms_customer_quality,pm.qms.supplier.issue,concrete,qms_licensing_administrator,create,role-and-scope-specific,static,Source inventory only; requires model-specific runtime fixture,REVIEW_REQUIRED,addons/pm_qms_customer_quality/models/supplier_issue.py,5
pm_qms_customer_quality,pm.qms.supplier.issue,concrete,qms_licensing_administrator,write,role-and-scope-specific,static,Source inventory only; requires model-specific runtime fixture,REVIEW_REQUIRED,addons/pm_qms_customer_quality/models/supplier_issue.py,5
pm_qms_customer_quality,pm.qms.supplier.issue,concrete,qms_licensing_administrator,unlink,role-and-scope-specific,static,Source inventory only; requires model-specific runtime fixture,REVIEW_REQUIRED,addons/pm_qms_customer_quality/models/supplier_issue.py,5
pm_qms_customer_quality,pm.qms.supplier.issue,concrete,odoo_system_administrator,read,role-and-scope-specific,static,Source inventory only; requires model-specific runtime fixture,REVIEW_REQUIRED,addons/pm_qms_customer_quality/models/supplier_issue.py,5
pm_qms_customer_quality,pm.qms.supplier.issue,concrete,odoo_system_administrator,create,role-and-scope-specific,static,Source inventory only; requires model-specific runtime fixture,REVIEW_REQUIRED,addons/pm_qms_customer_quality/models/supplier_issue.py,5
pm_qms_customer_quality,pm.qms.supplier.issue,concrete,odoo_system_administrator,write,role-and-scope-specific,static,Source inventory only; requires model-specific runtime fixture,REVIEW_REQUIRED,addons/pm_qms_customer_quality/models/supplier_issue.py,5
pm_qms_customer_quality,pm.qms.supplier.issue,concrete,odoo_system_administrator,unlink,role-and-scope-specific,static,Source inventory only; requires model-specific runtime fixture,REVIEW_REQUIRED,addons/pm_qms_customer_quality/models/supplier_issue.py,5
pm_qms_kpi,pm.qms.supplier.performance,concrete,public,read,deny,runtime,TestM27Security.test_public_and_portal_have_no_qms_model_or_side_channel_access,PASS,addons/pm_qms_kpi/models/supplier_performance.py,5
pm_qms_kpi,pm.qms.supplier.performance,concrete,public,create,deny,runtime,TestM27Security.test_public_and_portal_have_no_qms_model_or_side_channel_access,PASS,addons/pm_qms_kpi/models/supplier_performance.py,5
pm_qms_kpi,pm.qms.supplier.performance,concrete,public,write,deny,runtime,TestM27Security.test_public_and_portal_have_no_qms_model_or_side_channel_access,PASS,addons/pm_qms_kpi/models/supplier_performance.py,5
pm_qms_kpi,pm.qms.supplier.performance,concrete,public,unlink,deny,runtime,TestM27Security.test_public_and_portal_have_no_qms_model_or_side_channel_access,PASS,addons/pm_qms_kpi/models/supplier_performance.py,5
pm_qms_kpi,pm.qms.supplier.performance,concrete,portal,read,deny,runtime,TestM27Security.test_public_and_portal_have_no_qms_model_or_side_channel_access,PASS,addons/pm_qms_kpi/models/supplier_performance.py,5
pm_qms_kpi,pm.qms.supplier.performance,concrete,portal,create,deny,runtime,TestM27Security.test_public_and_portal_have_no_qms_model_or_side_channel_access,PASS,addons/pm_qms_kpi/models/supplier_performance.py,5
pm_qms_kpi,pm.qms.supplier.performance,concrete,portal,write,deny,runtime,TestM27Security.test_public_and_portal_have_no_qms_model_or_side_channel_access,PASS,addons/pm_qms_kpi/models/supplier_performance.py,5
pm_qms_kpi,pm.qms.supplier.performance,concrete,portal,unlink,deny,runtime,TestM27Security.test_public_and_portal_have_no_qms_model_or_side_channel_access,PASS,addons/pm_qms_kpi/models/supplier_performance.py,5
pm_qms_kpi,pm.qms.supplier.performance,concrete,qms_user,read,role-and-scope-specific,static,Source inventory only; requires model-specific runtime fixture,REVIEW_REQUIRED,addons/pm_qms_kpi/models/supplier_performance.py,5
pm_qms_kpi,pm.qms.supplier.performance,concrete,qms_user,create,role-and-scope-specific,static,Source inventory only; requires model-specific runtime fixture,REVIEW_REQUIRED,addons/pm_qms_kpi/models/supplier_performance.py,5
pm_qms_kpi,pm.qms.supplier.performance,concrete,qms_user,write,role-and-scope-specific,static,Source inventory only; requires model-specific runtime fixture,REVIEW_REQUIRED,addons/pm_qms_kpi/models/supplier_performance.py,5
pm_qms_kpi,pm.qms.supplier.performance,concrete,qms_user,unlink,role-and-scope-specific,static,Source inventory only; requires model-specific runtime fixture,REVIEW_REQUIRED,addons/pm_qms_kpi/models/supplier_performance.py,5
pm_qms_kpi,pm.qms.supplier.performance,concrete,qms_viewer,read,role-and-scope-specific,static,Source inventory only; requires model-specific runtime fixture,REVIEW_REQUIRED,addons/pm_qms_kpi/models/supplier_performance.py,5
pm_qms_kpi,pm.qms.supplier.performance,concrete,qms_viewer,create,role-and-scope-specific,static,Source inventory only; requires model-specific runtime fixture,REVIEW_REQUIRED,addons/pm_qms_kpi/models/supplier_performance.py,5
pm_qms_kpi,pm.qms.supplier.performance,concrete,qms_viewer,write,role-and-scope-specific,static,Source inventory only; requires model-specific runtime fixture,REVIEW_REQUIRED,addons/pm_qms_kpi/models/supplier_performance.py,5
pm_qms_kpi,pm.qms.supplier.performance,concrete,qms_viewer,unlink,role-and-scope-specific,static,Source inventory only; requires model-specific runtime fixture,REVIEW_REQUIRED,addons/pm_qms_kpi/models/supplier_performance.py,5
pm_qms_kpi,pm.qms.supplier.performance,concrete,quality_supervisor,read,role-and-scope-specific,static,Source inventory only; requires model-specific runtime fixture,REVIEW_REQUIRED,addons/pm_qms_kpi/models/supplier_performance.py,5
pm_qms_kpi,pm.qms.supplier.performance,concrete,quality_supervisor,create,role-and-scope-specific,static,Source inventory only; requires model-specific runtime fixture,REVIEW_REQUIRED,addons/pm_qms_kpi/models/supplier_performance.py,5
pm_qms_kpi,pm.qms.supplier.performance,concrete,quality_supervisor,write,role-and-scope-specific,static,Source inventory only; requires model-specific runtime fixture,REVIEW_REQUIRED,addons/pm_qms_kpi/models/supplier_performance.py,5
pm_qms_kpi,pm.qms.supplier.performance,concrete,quality_supervisor,unlink,role-and-scope-specific,static,Source inventory only; requires model-specific runtime fixture,REVIEW_REQUIRED,addons/pm_qms_kpi/models/supplier_performance.py,5
pm_qms_kpi,pm.qms.supplier.performance,concrete,quality_manager,read,role-and-scope-specific,static,Source inventory only; requires model-specific runtime fixture,REVIEW_REQUIRED,addons/pm_qms_kpi/models/supplier_performance.py,5
pm_qms_kpi,pm.qms.supplier.performance,concrete,quality_manager,create,role-and-scope-specific,static,Source inventory only; requires model-specific runtime fixture,REVIEW_REQUIRED,addons/pm_qms_kpi/models/supplier_performance.py,5
pm_qms_kpi,pm.qms.supplier.performance,concrete,quality_manager,write,role-and-scope-specific,static,Source inventory only; requires model-specific runtime fixture,REVIEW_REQUIRED,addons/pm_qms_kpi/models/supplier_performance.py,5
pm_qms_kpi,pm.qms.supplier.performance,concrete,quality_manager,unlink,role-and-scope-specific,static,Source inventory only; requires model-specific runtime fixture,REVIEW_REQUIRED,addons/pm_qms_kpi/models/supplier_performance.py,5
pm_qms_kpi,pm.qms.supplier.performance,concrete,qms_administrator,read,role-and-scope-specific,static,Source inventory only; requires model-specific runtime fixture,REVIEW_REQUIRED,addons/pm_qms_kpi/models/supplier_performance.py,5
pm_qms_kpi,pm.qms.supplier.performance,concrete,qms_administrator,create,role-and-scope-specific,static,Source inventory only; requires model-specific runtime fixture,REVIEW_REQUIRED,addons/pm_qms_kpi/models/supplier_performance.py,5
pm_qms_kpi,pm.qms.supplier.performance,concrete,qms_administrator,write,role-and-scope-specific,static,Source inventory only; requires model-specific runtime fixture,REVIEW_REQUIRED,addons/pm_qms_kpi/models/supplier_performance.py,5
pm_qms_kpi,pm.qms.supplier.performance,concrete,qms_administrator,unlink,role-and-scope-specific,static,Source inventory only; requires model-specific runtime fixture,REVIEW_REQUIRED,addons/pm_qms_kpi/models/supplier_performance.py,5
pm_qms_kpi,pm.qms.supplier.performance,concrete,qms_licensing_administrator,read,role-and-scope-specific,static,Source inventory only; requires model-specific runtime fixture,REVIEW_REQUIRED,addons/pm_qms_kpi/models/supplier_performance.py,5
pm_qms_kpi,pm.qms.supplier.performance,concrete,qms_licensing_administrator,create,role-and-scope-specific,static,Source inventory only; requires model-specific runtime fixture,REVIEW_REQUIRED,addons/pm_qms_kpi/models/supplier_performance.py,5
pm_qms_kpi,pm.qms.supplier.performance,concrete,qms_licensing_administrator,write,role-and-scope-specific,static,Source inventory only; requires model-specific runtime fixture,REVIEW_REQUIRED,addons/pm_qms_kpi/models/supplier_performance.py,5
pm_qms_kpi,pm.qms.supplier.performance,concrete,qms_licensing_administrator,unlink,role-and-scope-specific,static,Source inventory only; requires model-specific runtime fixture,REVIEW_REQUIRED,addons/pm_qms_kpi/models/supplier_performance.py,5
pm_qms_kpi,pm.qms.supplier.performance,concrete,odoo_system_administrator,read,role-and-scope-specific,static,Source inventory only; requires model-specific runtime fixture,REVIEW_REQUIRED,addons/pm_qms_kpi/models/supplier_performance.py,5
pm_qms_kpi,pm.qms.supplier.performance,concrete,odoo_system_administrator,create,role-and-scope-specific,static,Source inventory only; requires model-specific runtime fixture,REVIEW_REQUIRED,addons/pm_qms_kpi/models/supplier_performance.py,5
pm_qms_kpi,pm.qms.supplier.performance,concrete,odoo_system_administrator,write,role-and-scope-specific,static,Source inventory only; requires model-specific runtime fixture,REVIEW_REQUIRED,addons/pm_qms_kpi/models/supplier_performance.py,5
pm_qms_kpi,pm.qms.supplier.performance,concrete,odoo_system_administrator,unlink,role-and-scope-specific,static,Source inventory only; requires model-specific runtime fixture,REVIEW_REQUIRED,addons/pm_qms_kpi/models/supplier_performance.py,5
pm_qms_people,pm.qms.training.course,concrete,public,read,deny,runtime,TestM27Security.test_public_and_portal_have_no_qms_model_or_side_channel_access,PASS,addons/pm_qms_people/models/training.py,7
pm_qms_people,pm.qms.training.course,concrete,public,create,deny,runtime,TestM27Security.test_public_and_portal_have_no_qms_model_or_side_channel_access,PASS,addons/pm_qms_people/models/training.py,7
pm_qms_people,pm.qms.training.course,concrete,public,write,deny,runtime,TestM27Security.test_public_and_portal_have_no_qms_model_or_side_channel_access,PASS,addons/pm_qms_people/models/training.py,7
pm_qms_people,pm.qms.training.course,concrete,public,unlink,deny,runtime,TestM27Security.test_public_and_portal_have_no_qms_model_or_side_channel_access,PASS,addons/pm_qms_people/models/training.py,7
pm_qms_people,pm.qms.training.course,concrete,portal,read,deny,runtime,TestM27Security.test_public_and_portal_have_no_qms_model_or_side_channel_access,PASS,addons/pm_qms_people/models/training.py,7
pm_qms_people,pm.qms.training.course,concrete,portal,create,deny,runtime,TestM27Security.test_public_and_portal_have_no_qms_model_or_side_channel_access,PASS,addons/pm_qms_people/models/training.py,7
pm_qms_people,pm.qms.training.course,concrete,portal,write,deny,runtime,TestM27Security.test_public_and_portal_have_no_qms_model_or_side_channel_access,PASS,addons/pm_qms_people/models/training.py,7
pm_qms_people,pm.qms.training.course,concrete,portal,unlink,deny,runtime,TestM27Security.test_public_and_portal_have_no_qms_model_or_side_channel_access,PASS,addons/pm_qms_people/models/training.py,7
pm_qms_people,pm.qms.training.course,concrete,qms_user,read,role-and-scope-specific,static,Source inventory only; requires model-specific runtime fixture,REVIEW_REQUIRED,addons/pm_qms_people/models/training.py,7
pm_qms_people,pm.qms.training.course,concrete,qms_user,create,role-and-scope-specific,static,Source inventory only; requires model-specific runtime fixture,REVIEW_REQUIRED,addons/pm_qms_people/models/training.py,7
pm_qms_people,pm.qms.training.course,concrete,qms_user,write,role-and-scope-specific,static,Source inventory only; requires model-specific runtime fixture,REVIEW_REQUIRED,addons/pm_qms_people/models/training.py,7
pm_qms_people,pm.qms.training.course,concrete,qms_user,unlink,role-and-scope-specific,static,Source inventory only; requires model-specific runtime fixture,REVIEW_REQUIRED,addons/pm_qms_people/models/training.py,7
pm_qms_people,pm.qms.training.course,concrete,qms_viewer,read,role-and-scope-specific,static,Source inventory only; requires model-specific runtime fixture,REVIEW_REQUIRED,addons/pm_qms_people/models/training.py,7
pm_qms_people,pm.qms.training.course,concrete,qms_viewer,create,role-and-scope-specific,static,Source inventory only; requires model-specific runtime fixture,REVIEW_REQUIRED,addons/pm_qms_people/models/training.py,7
pm_qms_people,pm.qms.training.course,concrete,qms_viewer,write,role-and-scope-specific,static,Source inventory only; requires model-specific runtime fixture,REVIEW_REQUIRED,addons/pm_qms_people/models/training.py,7
pm_qms_people,pm.qms.training.course,concrete,qms_viewer,unlink,role-and-scope-specific,static,Source inventory only; requires model-specific runtime fixture,REVIEW_REQUIRED,addons/pm_qms_people/models/training.py,7
pm_qms_people,pm.qms.training.course,concrete,quality_supervisor,read,role-and-scope-specific,static,Source inventory only; requires model-specific runtime fixture,REVIEW_REQUIRED,addons/pm_qms_people/models/training.py,7
pm_qms_people,pm.qms.training.course,concrete,quality_supervisor,create,role-and-scope-specific,static,Source inventory only; requires model-specific runtime fixture,REVIEW_REQUIRED,addons/pm_qms_people/models/training.py,7
pm_qms_people,pm.qms.training.course,concrete,quality_supervisor,write,role-and-scope-specific,static,Source inventory only; requires model-specific runtime fixture,REVIEW_REQUIRED,addons/pm_qms_people/models/training.py,7
pm_qms_people,pm.qms.training.course,concrete,quality_supervisor,unlink,role-and-scope-specific,static,Source inventory only; requires model-specific runtime fixture,REVIEW_REQUIRED,addons/pm_qms_people/models/training.py,7
pm_qms_people,pm.qms.training.course,concrete,quality_manager,read,role-and-scope-specific,static,Source inventory only; requires model-specific runtime fixture,REVIEW_REQUIRED,addons/pm_qms_people/models/training.py,7
pm_qms_people,pm.qms.training.course,concrete,quality_manager,create,role-and-scope-specific,static,Source inventory only; requires model-specific runtime fixture,REVIEW_REQUIRED,addons/pm_qms_people/models/training.py,7
pm_qms_people,pm.qms.training.course,concrete,quality_manager,write,role-and-scope-specific,static,Source inventory only; requires model-specific runtime fixture,REVIEW_REQUIRED,addons/pm_qms_people/models/training.py,7
pm_qms_people,pm.qms.training.course,concrete,quality_manager,unlink,role-and-scope-specific,static,Source inventory only; requires model-specific runtime fixture,REVIEW_REQUIRED,addons/pm_qms_people/models/training.py,7
pm_qms_people,pm.qms.training.course,concrete,qms_administrator,read,role-and-scope-specific,static,Source inventory only; requires model-specific runtime fixture,REVIEW_REQUIRED,addons/pm_qms_people/models/training.py,7
pm_qms_people,pm.qms.training.course,concrete,qms_administrator,create,role-and-scope-specific,static,Source inventory only; requires model-specific runtime fixture,REVIEW_REQUIRED,addons/pm_qms_people/models/training.py,7
pm_qms_people,pm.qms.training.course,concrete,qms_administrator,write,role-and-scope-specific,static,Source inventory only; requires model-specific runtime fixture,REVIEW_REQUIRED,addons/pm_qms_people/models/training.py,7
pm_qms_people,pm.qms.training.course,concrete,qms_administrator,unlink,role-and-scope-specific,static,Source inventory only; requires model-specific runtime fixture,REVIEW_REQUIRED,addons/pm_qms_people/models/training.py,7
pm_qms_people,pm.qms.training.course,concrete,qms_licensing_administrator,read,role-and-scope-specific,static,Source inventory only; requires model-specific runtime fixture,REVIEW_REQUIRED,addons/pm_qms_people/models/training.py,7
pm_qms_people,pm.qms.training.course,concrete,qms_licensing_administrator,create,role-and-scope-specific,static,Source inventory only; requires model-specific runtime fixture,REVIEW_REQUIRED,addons/pm_qms_people/models/training.py,7
pm_qms_people,pm.qms.training.course,concrete,qms_licensing_administrator,write,role-and-scope-specific,static,Source inventory only; requires model-specific runtime fixture,REVIEW_REQUIRED,addons/pm_qms_people/models/training.py,7
pm_qms_people,pm.qms.training.course,concrete,qms_licensing_administrator,unlink,role-and-scope-specific,static,Source inventory only; requires model-specific runtime fixture,REVIEW_REQUIRED,addons/pm_qms_people/models/training.py,7
pm_qms_people,pm.qms.training.course,concrete,odoo_system_administrator,read,role-and-scope-specific,static,Source inventory only; requires model-specific runtime fixture,REVIEW_REQUIRED,addons/pm_qms_people/models/training.py,7
pm_qms_people,pm.qms.training.course,concrete,odoo_system_administrator,create,role-and-scope-specific,static,Source inventory only; requires model-specific runtime fixture,REVIEW_REQUIRED,addons/pm_qms_people/models/training.py,7
pm_qms_people,pm.qms.training.course,concrete,odoo_system_administrator,write,role-and-scope-specific,static,Source inventory only; requires model-specific runtime fixture,REVIEW_REQUIRED,addons/pm_qms_people/models/training.py,7
pm_qms_people,pm.qms.training.course,concrete,odoo_system_administrator,unlink,role-and-scope-specific,static,Source inventory only; requires model-specific runtime fixture,REVIEW_REQUIRED,addons/pm_qms_people/models/training.py,7
pm_qms_people,pm.qms.training.event,concrete,public,read,deny,runtime,TestM27Security.test_public_and_portal_have_no_qms_model_or_side_channel_access,PASS,addons/pm_qms_people/models/training.py,53
pm_qms_people,pm.qms.training.event,concrete,public,create,deny,runtime,TestM27Security.test_public_and_portal_have_no_qms_model_or_side_channel_access,PASS,addons/pm_qms_people/models/training.py,53
pm_qms_people,pm.qms.training.event,concrete,public,write,deny,runtime,TestM27Security.test_public_and_portal_have_no_qms_model_or_side_channel_access,PASS,addons/pm_qms_people/models/training.py,53
pm_qms_people,pm.qms.training.event,concrete,public,unlink,deny,runtime,TestM27Security.test_public_and_portal_have_no_qms_model_or_side_channel_access,PASS,addons/pm_qms_people/models/training.py,53
pm_qms_people,pm.qms.training.event,concrete,portal,read,deny,runtime,TestM27Security.test_public_and_portal_have_no_qms_model_or_side_channel_access,PASS,addons/pm_qms_people/models/training.py,53
pm_qms_people,pm.qms.training.event,concrete,portal,create,deny,runtime,TestM27Security.test_public_and_portal_have_no_qms_model_or_side_channel_access,PASS,addons/pm_qms_people/models/training.py,53
pm_qms_people,pm.qms.training.event,concrete,portal,write,deny,runtime,TestM27Security.test_public_and_portal_have_no_qms_model_or_side_channel_access,PASS,addons/pm_qms_people/models/training.py,53
pm_qms_people,pm.qms.training.event,concrete,portal,unlink,deny,runtime,TestM27Security.test_public_and_portal_have_no_qms_model_or_side_channel_access,PASS,addons/pm_qms_people/models/training.py,53
pm_qms_people,pm.qms.training.event,concrete,qms_user,read,role-and-scope-specific,static,Source inventory only; requires model-specific runtime fixture,REVIEW_REQUIRED,addons/pm_qms_people/models/training.py,53
pm_qms_people,pm.qms.training.event,concrete,qms_user,create,role-and-scope-specific,static,Source inventory only; requires model-specific runtime fixture,REVIEW_REQUIRED,addons/pm_qms_people/models/training.py,53
pm_qms_people,pm.qms.training.event,concrete,qms_user,write,role-and-scope-specific,static,Source inventory only; requires model-specific runtime fixture,REVIEW_REQUIRED,addons/pm_qms_people/models/training.py,53
pm_qms_people,pm.qms.training.event,concrete,qms_user,unlink,role-and-scope-specific,static,Source inventory only; requires model-specific runtime fixture,REVIEW_REQUIRED,addons/pm_qms_people/models/training.py,53
pm_qms_people,pm.qms.training.event,concrete,qms_viewer,read,role-and-scope-specific,static,Source inventory only; requires model-specific runtime fixture,REVIEW_REQUIRED,addons/pm_qms_people/models/training.py,53
pm_qms_people,pm.qms.training.event,concrete,qms_viewer,create,role-and-scope-specific,static,Source inventory only; requires model-specific runtime fixture,REVIEW_REQUIRED,addons/pm_qms_people/models/training.py,53
pm_qms_people,pm.qms.training.event,concrete,qms_viewer,write,role-and-scope-specific,static,Source inventory only; requires model-specific runtime fixture,REVIEW_REQUIRED,addons/pm_qms_people/models/training.py,53
pm_qms_people,pm.qms.training.event,concrete,qms_viewer,unlink,role-and-scope-specific,static,Source inventory only; requires model-specific runtime fixture,REVIEW_REQUIRED,addons/pm_qms_people/models/training.py,53
pm_qms_people,pm.qms.training.event,concrete,quality_supervisor,read,role-and-scope-specific,static,Source inventory only; requires model-specific runtime fixture,REVIEW_REQUIRED,addons/pm_qms_people/models/training.py,53
pm_qms_people,pm.qms.training.event,concrete,quality_supervisor,create,role-and-scope-specific,static,Source inventory only; requires model-specific runtime fixture,REVIEW_REQUIRED,addons/pm_qms_people/models/training.py,53
pm_qms_people,pm.qms.training.event,concrete,quality_supervisor,write,role-and-scope-specific,static,Source inventory only; requires model-specific runtime fixture,REVIEW_REQUIRED,addons/pm_qms_people/models/training.py,53
pm_qms_people,pm.qms.training.event,concrete,quality_supervisor,unlink,role-and-scope-specific,static,Source inventory only; requires model-specific runtime fixture,REVIEW_REQUIRED,addons/pm_qms_people/models/training.py,53
pm_qms_people,pm.qms.training.event,concrete,quality_manager,read,role-and-scope-specific,static,Source inventory only; requires model-specific runtime fixture,REVIEW_REQUIRED,addons/pm_qms_people/models/training.py,53
pm_qms_people,pm.qms.training.event,concrete,quality_manager,create,role-and-scope-specific,static,Source inventory only; requires model-specific runtime fixture,REVIEW_REQUIRED,addons/pm_qms_people/models/training.py,53
pm_qms_people,pm.qms.training.event,concrete,quality_manager,write,role-and-scope-specific,static,Source inventory only; requires model-specific runtime fixture,REVIEW_REQUIRED,addons/pm_qms_people/models/training.py,53
pm_qms_people,pm.qms.training.event,concrete,quality_manager,unlink,role-and-scope-specific,static,Source inventory only; requires model-specific runtime fixture,REVIEW_REQUIRED,addons/pm_qms_people/models/training.py,53
pm_qms_people,pm.qms.training.event,concrete,qms_administrator,read,role-and-scope-specific,static,Source inventory only; requires model-specific runtime fixture,REVIEW_REQUIRED,addons/pm_qms_people/models/training.py,53
pm_qms_people,pm.qms.training.event,concrete,qms_administrator,create,role-and-scope-specific,static,Source inventory only; requires model-specific runtime fixture,REVIEW_REQUIRED,addons/pm_qms_people/models/training.py,53
pm_qms_people,pm.qms.training.event,concrete,qms_administrator,write,role-and-scope-specific,static,Source inventory only; requires model-specific runtime fixture,REVIEW_REQUIRED,addons/pm_qms_people/models/training.py,53
pm_qms_people,pm.qms.training.event,concrete,qms_administrator,unlink,role-and-scope-specific,static,Source inventory only; requires model-specific runtime fixture,REVIEW_REQUIRED,addons/pm_qms_people/models/training.py,53
pm_qms_people,pm.qms.training.event,concrete,qms_licensing_administrator,read,role-and-scope-specific,static,Source inventory only; requires model-specific runtime fixture,REVIEW_REQUIRED,addons/pm_qms_people/models/training.py,53
pm_qms_people,pm.qms.training.event,concrete,qms_licensing_administrator,create,role-and-scope-specific,static,Source inventory only; requires model-specific runtime fixture,REVIEW_REQUIRED,addons/pm_qms_people/models/training.py,53
pm_qms_people,pm.qms.training.event,concrete,qms_licensing_administrator,write,role-and-scope-specific,static,Source inventory only; requires model-specific runtime fixture,REVIEW_REQUIRED,addons/pm_qms_people/models/training.py,53
pm_qms_people,pm.qms.training.event,concrete,qms_licensing_administrator,unlink,role-and-scope-specific,static,Source inventory only; requires model-specific runtime fixture,REVIEW_REQUIRED,addons/pm_qms_people/models/training.py,53
pm_qms_people,pm.qms.training.event,concrete,odoo_system_administrator,read,role-and-scope-specific,static,Source inventory only; requires model-specific runtime fixture,REVIEW_REQUIRED,addons/pm_qms_people/models/training.py,53
pm_qms_people,pm.qms.training.event,concrete,odoo_system_administrator,create,role-and-scope-specific,static,Source inventory only; requires model-specific runtime fixture,REVIEW_REQUIRED,addons/pm_qms_people/models/training.py,53
pm_qms_people,pm.qms.training.event,concrete,odoo_system_administrator,write,role-and-scope-specific,static,Source inventory only; requires model-specific runtime fixture,REVIEW_REQUIRED,addons/pm_qms_people/models/training.py,53
pm_qms_people,pm.qms.training.event,concrete,odoo_system_administrator,unlink,role-and-scope-specific,static,Source inventory only; requires model-specific runtime fixture,REVIEW_REQUIRED,addons/pm_qms_people/models/training.py,53
pm_qms_people,pm.qms.training.record,concrete,public,read,deny,runtime,TestM27Security.test_public_and_portal_have_no_qms_model_or_side_channel_access,PASS,addons/pm_qms_people/models/training.py,113
pm_qms_people,pm.qms.training.record,concrete,public,create,deny,runtime,TestM27Security.test_public_and_portal_have_no_qms_model_or_side_channel_access,PASS,addons/pm_qms_people/models/training.py,113
pm_qms_people,pm.qms.training.record,concrete,public,write,deny,runtime,TestM27Security.test_public_and_portal_have_no_qms_model_or_side_channel_access,PASS,addons/pm_qms_people/models/training.py,113
pm_qms_people,pm.qms.training.record,concrete,public,unlink,deny,runtime,TestM27Security.test_public_and_portal_have_no_qms_model_or_side_channel_access,PASS,addons/pm_qms_people/models/training.py,113
pm_qms_people,pm.qms.training.record,concrete,portal,read,deny,runtime,TestM27Security.test_public_and_portal_have_no_qms_model_or_side_channel_access,PASS,addons/pm_qms_people/models/training.py,113
pm_qms_people,pm.qms.training.record,concrete,portal,create,deny,runtime,TestM27Security.test_public_and_portal_have_no_qms_model_or_side_channel_access,PASS,addons/pm_qms_people/models/training.py,113
pm_qms_people,pm.qms.training.record,concrete,portal,write,deny,runtime,TestM27Security.test_public_and_portal_have_no_qms_model_or_side_channel_access,PASS,addons/pm_qms_people/models/training.py,113
pm_qms_people,pm.qms.training.record,concrete,portal,unlink,deny,runtime,TestM27Security.test_public_and_portal_have_no_qms_model_or_side_channel_access,PASS,addons/pm_qms_people/models/training.py,113
pm_qms_people,pm.qms.training.record,concrete,qms_user,read,role-and-scope-specific,static,Source inventory only; requires model-specific runtime fixture,REVIEW_REQUIRED,addons/pm_qms_people/models/training.py,113
pm_qms_people,pm.qms.training.record,concrete,qms_user,create,role-and-scope-specific,static,Source inventory only; requires model-specific runtime fixture,REVIEW_REQUIRED,addons/pm_qms_people/models/training.py,113
pm_qms_people,pm.qms.training.record,concrete,qms_user,write,role-and-scope-specific,static,Source inventory only; requires model-specific runtime fixture,REVIEW_REQUIRED,addons/pm_qms_people/models/training.py,113
pm_qms_people,pm.qms.training.record,concrete,qms_user,unlink,role-and-scope-specific,static,Source inventory only; requires model-specific runtime fixture,REVIEW_REQUIRED,addons/pm_qms_people/models/training.py,113
pm_qms_people,pm.qms.training.record,concrete,qms_viewer,read,role-and-scope-specific,static,Source inventory only; requires model-specific runtime fixture,REVIEW_REQUIRED,addons/pm_qms_people/models/training.py,113
pm_qms_people,pm.qms.training.record,concrete,qms_viewer,create,role-and-scope-specific,static,Source inventory only; requires model-specific runtime fixture,REVIEW_REQUIRED,addons/pm_qms_people/models/training.py,113
pm_qms_people,pm.qms.training.record,concrete,qms_viewer,write,role-and-scope-specific,static,Source inventory only; requires model-specific runtime fixture,REVIEW_REQUIRED,addons/pm_qms_people/models/training.py,113
pm_qms_people,pm.qms.training.record,concrete,qms_viewer,unlink,role-and-scope-specific,static,Source inventory only; requires model-specific runtime fixture,REVIEW_REQUIRED,addons/pm_qms_people/models/training.py,113
pm_qms_people,pm.qms.training.record,concrete,quality_supervisor,read,role-and-scope-specific,static,Source inventory only; requires model-specific runtime fixture,REVIEW_REQUIRED,addons/pm_qms_people/models/training.py,113
pm_qms_people,pm.qms.training.record,concrete,quality_supervisor,create,role-and-scope-specific,static,Source inventory only; requires model-specific runtime fixture,REVIEW_REQUIRED,addons/pm_qms_people/models/training.py,113
pm_qms_people,pm.qms.training.record,concrete,quality_supervisor,write,role-and-scope-specific,static,Source inventory only; requires model-specific runtime fixture,REVIEW_REQUIRED,addons/pm_qms_people/models/training.py,113
pm_qms_people,pm.qms.training.record,concrete,quality_supervisor,unlink,role-and-scope-specific,static,Source inventory only; requires model-specific runtime fixture,REVIEW_REQUIRED,addons/pm_qms_people/models/training.py,113
pm_qms_people,pm.qms.training.record,concrete,quality_manager,read,role-and-scope-specific,static,Source inventory only; requires model-specific runtime fixture,REVIEW_REQUIRED,addons/pm_qms_people/models/training.py,113
pm_qms_people,pm.qms.training.record,concrete,quality_manager,create,role-and-scope-specific,static,Source inventory only; requires model-specific runtime fixture,REVIEW_REQUIRED,addons/pm_qms_people/models/training.py,113
pm_qms_people,pm.qms.training.record,concrete,quality_manager,write,role-and-scope-specific,static,Source inventory only; requires model-specific runtime fixture,REVIEW_REQUIRED,addons/pm_qms_people/models/training.py,113
pm_qms_people,pm.qms.training.record,concrete,quality_manager,unlink,role-and-scope-specific,static,Source inventory only; requires model-specific runtime fixture,REVIEW_REQUIRED,addons/pm_qms_people/models/training.py,113
pm_qms_people,pm.qms.training.record,concrete,qms_administrator,read,role-and-scope-specific,static,Source inventory only; requires model-specific runtime fixture,REVIEW_REQUIRED,addons/pm_qms_people/models/training.py,113
pm_qms_people,pm.qms.training.record,concrete,qms_administrator,create,role-and-scope-specific,static,Source inventory only; requires model-specific runtime fixture,REVIEW_REQUIRED,addons/pm_qms_people/models/training.py,113
pm_qms_people,pm.qms.training.record,concrete,qms_administrator,write,role-and-scope-specific,static,Source inventory only; requires model-specific runtime fixture,REVIEW_REQUIRED,addons/pm_qms_people/models/training.py,113
pm_qms_people,pm.qms.training.record,concrete,qms_administrator,unlink,role-and-scope-specific,static,Source inventory only; requires model-specific runtime fixture,REVIEW_REQUIRED,addons/pm_qms_people/models/training.py,113
pm_qms_people,pm.qms.training.record,concrete,qms_licensing_administrator,read,role-and-scope-specific,static,Source inventory only; requires model-specific runtime fixture,REVIEW_REQUIRED,addons/pm_qms_people/models/training.py,113
pm_qms_people,pm.qms.training.record,concrete,qms_licensing_administrator,create,role-and-scope-specific,static,Source inventory only; requires model-specific runtime fixture,REVIEW_REQUIRED,addons/pm_qms_people/models/training.py,113
pm_qms_people,pm.qms.training.record,concrete,qms_licensing_administrator,write,role-and-scope-specific,static,Source inventory only; requires model-specific runtime fixture,REVIEW_REQUIRED,addons/pm_qms_people/models/training.py,113
pm_qms_people,pm.qms.training.record,concrete,qms_licensing_administrator,unlink,role-and-scope-specific,static,Source inventory only; requires model-specific runtime fixture,REVIEW_REQUIRED,addons/pm_qms_people/models/training.py,113
pm_qms_people,pm.qms.training.record,concrete,odoo_system_administrator,read,role-and-scope-specific,static,Source inventory only; requires model-specific runtime fixture,REVIEW_REQUIRED,addons/pm_qms_people/models/training.py,113
pm_qms_people,pm.qms.training.record,concrete,odoo_system_administrator,create,role-and-scope-specific,static,Source inventory only; requires model-specific runtime fixture,REVIEW_REQUIRED,addons/pm_qms_people/models/training.py,113
pm_qms_people,pm.qms.training.record,concrete,odoo_system_administrator,write,role-and-scope-specific,static,Source inventory only; requires model-specific runtime fixture,REVIEW_REQUIRED,addons/pm_qms_people/models/training.py,113
pm_qms_people,pm.qms.training.record,concrete,odoo_system_administrator,unlink,role-and-scope-specific,static,Source inventory only; requires model-specific runtime fixture,REVIEW_REQUIRED,addons/pm_qms_people/models/training.py,113
pm_qms_people,pm.qms.training.requirement,concrete,public,read,deny,runtime,TestM27Security.test_public_and_portal_have_no_qms_model_or_side_channel_access,PASS,addons/pm_qms_people/models/training.py,87
pm_qms_people,pm.qms.training.requirement,concrete,public,create,deny,runtime,TestM27Security.test_public_and_portal_have_no_qms_model_or_side_channel_access,PASS,addons/pm_qms_people/models/training.py,87
pm_qms_people,pm.qms.training.requirement,concrete,public,write,deny,runtime,TestM27Security.test_public_and_portal_have_no_qms_model_or_side_channel_access,PASS,addons/pm_qms_people/models/training.py,87
pm_qms_people,pm.qms.training.requirement,concrete,public,unlink,deny,runtime,TestM27Security.test_public_and_portal_have_no_qms_model_or_side_channel_access,PASS,addons/pm_qms_people/models/training.py,87
pm_qms_people,pm.qms.training.requirement,concrete,portal,read,deny,runtime,TestM27Security.test_public_and_portal_have_no_qms_model_or_side_channel_access,PASS,addons/pm_qms_people/models/training.py,87
pm_qms_people,pm.qms.training.requirement,concrete,portal,create,deny,runtime,TestM27Security.test_public_and_portal_have_no_qms_model_or_side_channel_access,PASS,addons/pm_qms_people/models/training.py,87
pm_qms_people,pm.qms.training.requirement,concrete,portal,write,deny,runtime,TestM27Security.test_public_and_portal_have_no_qms_model_or_side_channel_access,PASS,addons/pm_qms_people/models/training.py,87
pm_qms_people,pm.qms.training.requirement,concrete,portal,unlink,deny,runtime,TestM27Security.test_public_and_portal_have_no_qms_model_or_side_channel_access,PASS,addons/pm_qms_people/models/training.py,87
pm_qms_people,pm.qms.training.requirement,concrete,qms_user,read,role-and-scope-specific,static,Source inventory only; requires model-specific runtime fixture,REVIEW_REQUIRED,addons/pm_qms_people/models/training.py,87
pm_qms_people,pm.qms.training.requirement,concrete,qms_user,create,role-and-scope-specific,static,Source inventory only; requires model-specific runtime fixture,REVIEW_REQUIRED,addons/pm_qms_people/models/training.py,87
pm_qms_people,pm.qms.training.requirement,concrete,qms_user,write,role-and-scope-specific,static,Source inventory only; requires model-specific runtime fixture,REVIEW_REQUIRED,addons/pm_qms_people/models/training.py,87
pm_qms_people,pm.qms.training.requirement,concrete,qms_user,unlink,role-and-scope-specific,static,Source inventory only; requires model-specific runtime fixture,REVIEW_REQUIRED,addons/pm_qms_people/models/training.py,87
pm_qms_people,pm.qms.training.requirement,concrete,qms_viewer,read,role-and-scope-specific,static,Source inventory only; requires model-specific runtime fixture,REVIEW_REQUIRED,addons/pm_qms_people/models/training.py,87
pm_qms_people,pm.qms.training.requirement,concrete,qms_viewer,create,role-and-scope-specific,static,Source inventory only; requires model-specific runtime fixture,REVIEW_REQUIRED,addons/pm_qms_people/models/training.py,87
pm_qms_people,pm.qms.training.requirement,concrete,qms_viewer,write,role-and-scope-specific,static,Source inventory only; requires model-specific runtime fixture,REVIEW_REQUIRED,addons/pm_qms_people/models/training.py,87
pm_qms_people,pm.qms.training.requirement,concrete,qms_viewer,unlink,role-and-scope-specific,static,Source inventory only; requires model-specific runtime fixture,REVIEW_REQUIRED,addons/pm_qms_people/models/training.py,87
pm_qms_people,pm.qms.training.requirement,concrete,quality_supervisor,read,role-and-scope-specific,static,Source inventory only; requires model-specific runtime fixture,REVIEW_REQUIRED,addons/pm_qms_people/models/training.py,87
pm_qms_people,pm.qms.training.requirement,concrete,quality_supervisor,create,role-and-scope-specific,static,Source inventory only; requires model-specific runtime fixture,REVIEW_REQUIRED,addons/pm_qms_people/models/training.py,87
pm_qms_people,pm.qms.training.requirement,concrete,quality_supervisor,write,role-and-scope-specific,static,Source inventory only; requires model-specific runtime fixture,REVIEW_REQUIRED,addons/pm_qms_people/models/training.py,87
pm_qms_people,pm.qms.training.requirement,concrete,quality_supervisor,unlink,role-and-scope-specific,static,Source inventory only; requires model-specific runtime fixture,REVIEW_REQUIRED,addons/pm_qms_people/models/training.py,87
pm_qms_people,pm.qms.training.requirement,concrete,quality_manager,read,role-and-scope-specific,static,Source inventory only; requires model-specific runtime fixture,REVIEW_REQUIRED,addons/pm_qms_people/models/training.py,87
pm_qms_people,pm.qms.training.requirement,concrete,quality_manager,create,role-and-scope-specific,static,Source inventory only; requires model-specific runtime fixture,REVIEW_REQUIRED,addons/pm_qms_people/models/training.py,87
pm_qms_people,pm.qms.training.requirement,concrete,quality_manager,write,role-and-scope-specific,static,Source inventory only; requires model-specific runtime fixture,REVIEW_REQUIRED,addons/pm_qms_people/models/training.py,87
pm_qms_people,pm.qms.training.requirement,concrete,quality_manager,unlink,role-and-scope-specific,static,Source inventory only; requires model-specific runtime fixture,REVIEW_REQUIRED,addons/pm_qms_people/models/training.py,87
pm_qms_people,pm.qms.training.requirement,concrete,qms_administrator,read,role-and-scope-specific,static,Source inventory only; requires model-specific runtime fixture,REVIEW_REQUIRED,addons/pm_qms_people/models/training.py,87
pm_qms_people,pm.qms.training.requirement,concrete,qms_administrator,create,role-and-scope-specific,static,Source inventory only; requires model-specific runtime fixture,REVIEW_REQUIRED,addons/pm_qms_people/models/training.py,87
pm_qms_people,pm.qms.training.requirement,concrete,qms_administrator,write,role-and-scope-specific,static,Source inventory only; requires model-specific runtime fixture,REVIEW_REQUIRED,addons/pm_qms_people/models/training.py,87
pm_qms_people,pm.qms.training.requirement,concrete,qms_administrator,unlink,role-and-scope-specific,static,Source inventory only; requires model-specific runtime fixture,REVIEW_REQUIRED,addons/pm_qms_people/models/training.py,87
pm_qms_people,pm.qms.training.requirement,concrete,qms_licensing_administrator,read,role-and-scope-specific,static,Source inventory only; requires model-specific runtime fixture,REVIEW_REQUIRED,addons/pm_qms_people/models/training.py,87
pm_qms_people,pm.qms.training.requirement,concrete,qms_licensing_administrator,create,role-and-scope-specific,static,Source inventory only; requires model-specific runtime fixture,REVIEW_REQUIRED,addons/pm_qms_people/models/training.py,87
pm_qms_people,pm.qms.training.requirement,concrete,qms_licensing_administrator,write,role-and-scope-specific,static,Source inventory only; requires model-specific runtime fixture,REVIEW_REQUIRED,addons/pm_qms_people/models/training.py,87
pm_qms_people,pm.qms.training.requirement,concrete,qms_licensing_administrator,unlink,role-and-scope-specific,static,Source inventory only; requires model-specific runtime fixture,REVIEW_REQUIRED,addons/pm_qms_people/models/training.py,87
pm_qms_people,pm.qms.training.requirement,concrete,odoo_system_administrator,read,role-and-scope-specific,static,Source inventory only; requires model-specific runtime fixture,REVIEW_REQUIRED,addons/pm_qms_people/models/training.py,87
pm_qms_people,pm.qms.training.requirement,concrete,odoo_system_administrator,create,role-and-scope-specific,static,Source inventory only; requires model-specific runtime fixture,REVIEW_REQUIRED,addons/pm_qms_people/models/training.py,87
pm_qms_people,pm.qms.training.requirement,concrete,odoo_system_administrator,write,role-and-scope-specific,static,Source inventory only; requires model-specific runtime fixture,REVIEW_REQUIRED,addons/pm_qms_people/models/training.py,87
pm_qms_people,pm.qms.training.requirement,concrete,odoo_system_administrator,unlink,role-and-scope-specific,static,Source inventory only; requires model-specific runtime fixture,REVIEW_REQUIRED,addons/pm_qms_people/models/training.py,87
