id,addon,file,line,callable,site_type,invoker,input_provenance,user_controlled_input,records_before_sudo,scope,output_mutation,audit_history,regression_test,risk,follow_up,runtime_covered,remediated
1,pm_qms_action_center,addons/pm_qms_action_center/models/action_center.py,183,"value = self.env[""ir.config_parameter""].sudo().get_param(""pm_qms.action_center.due_soon_days"", ""7"")",PRODUCTION_REVIEWED,Authenticated QMS dashboard/action-center request,Fixed configuration parameter name and default,NO; no user IDs or domains,None; ir.config_parameter key is fixed,Global product configuration only; no business record returned,Reads due-soon threshold; no mutation,No business event; configuration read is side-effect free,TestPmQmsActionCenter test suite; action-center focused tests,P2 operational,Retain bounded lookup; M28 may review configuration access as a group,NO,NO_NEW_SUDO_IN_M27
2,pm_qms_app,addons/pm_qms_app/models/actions.py,76,"if (action := self.sudo().env.ref(xmlid, raise_if_not_found=False))",PRODUCTION_REVIEWED,Odoo action manager reading an act_window action,Action record IDs supplied by the Odoo action/menu resolver,"Action ID may be requested by a client, but only explicitly allow-listed action records are delegated",The current action recordset; no arbitrary model search or domain is introduced,Only the fixed Configuration and Framework Administration action XML IDs receive delegated read; group gate and all-recordset allow-list are checked first,Returns action metadata; no mutation,No business record mutation or history event,TestM314ConfigurationAccess action-ID and role matrix,P1 authorization-sensitive,Retain the fixed action-ID allow-list and target-model ACL/record-rule boundary,YES,NO_NEW_SUDO_IN_M27
3,pm_qms_app,addons/pm_qms_app/models/actions.py,125,"return super(IrActionsActWindow, self.sudo()).read(fields=fields, load=load)",PRODUCTION_REVIEWED,Odoo action manager reading an allow-listed act_window action,Action recordset already checked against the fixed XML-ID map and authenticated role,"Action ID may be requested by a client, but delegation occurs only after the fixed allow-list and caller gate",The current action recordset; no arbitrary model search or domain is introduced,Delegated metadata read only for fixed customer-facing action definitions; target model ACLs and record rules remain independent,Returns action metadata; no mutation,No business record mutation or history event,TestM314ConfigurationAccess action-ID and role matrix,P1 authorization-sensitive,Retain caller authorization before the native metadata read,YES,NO_NEW_SUDO_IN_M27
4,pm_qms_app,addons/pm_qms_app/models/mail_activity.py,11,for activity in self.sudo():,PRODUCTION_REVIEWED,QMS activity access filtering for related documents,Current mail.activity recordset and its related QMS model/res_id values,NO arbitrary model or record access; the model scope is restricted to pm.qms.* activities,Activity records selected by the normal ORM search; sudo is used only to inspect the related QMS activity boundary,Only related QMS activities are rechecked through mail.message access filtering; non-QMS activities retain native behavior,Filters the returned activity recordset; no business or security-record mutation,No business event; access filtering is side-effect free,TestQmsHistory and M28 activity access-boundary tests,P1 authorization-sensitive,Retain the pm.qms model-prefix gate and related-record message access check,YES,NO_NEW_SUDO_IN_M27
5,pm_qms_app,addons/pm_qms_app/models/user_access.py,140,self = self.sudo(),PRODUCTION_REVIEWED,QMS user effective-scope computation,Current res.users scope configuration already selected by the ORM,"NO arbitrary model, domain or record ID; scope values are assigned through authorized administration",Current user record only,Superuser mode is used only to compute the configured scope fields without re-entering their dependent record rules,"Populates computed scope fields; no organization, process or user configuration mutation",No business event from a computed read,M30.5 control-instance authorization and Mission 19 process boundary tests,P1 authorization-sensitive,Retain explicit company and organization bounds on all scope searches,YES,NO_NEW_SUDO_IN_M27
6,pm_qms_app,addons/pm_qms_app/models/user_access.py,149,"organizations = self.env[""pm.qms.organization""].sudo().search(",PRODUCTION_REVIEWED,QMS user effective-scope computation,Current user company_ids and explicit QMS organization scope,User controls assigned scope only through authorized Users & Access administration,Fixed model search constrained to the current user's company IDs,Organization lookup is limited to allowed companies before the result is assigned,Reads organizations and populates computed scope fields; no organization mutation,Scope configuration changes use normal res.users write/tracking path,TestM27Security scope fixture and Mission 19 control-read-scope tests,P1 authorization-sensitive,M28 broaden cross-tenant scope fixture; retain company predicate before sudo,YES,NO_NEW_SUDO_IN_M27
7,pm_qms_app,addons/pm_qms_app/models/user_access.py,154,"available_processes = self.env[""pm.qms.process""].sudo().search(",PRODUCTION_REVIEWED,QMS user effective-process-scope computation,Computed organization IDs from the same current-user scope,User controls assigned organization scope only through authorized administration,Fixed process search constrained to computed organization IDs,Process lookup is bounded by authorized organizations before assignment,Reads processes and populates computed scope fields; no process mutation,No business event from a computed read,TestM27Security scope fixture and Mission 19 process boundary tests,P1 authorization-sensitive,M28 add a cross-site/process matrix; preserve organization predicate,YES,NO_NEW_SUDO_IN_M27
8,pm_qms_app,addons/pm_qms_app/tests/test_api_key_security.py,17,"return cls.env[""res.users""].sudo().create(",TEST_ONLY_FIXTURE,Disposable test fixture or assertion,Test-defined fictional data,NO; test-controlled,Disposable test record setup,Test transaction only,Test data setup/assertion only,Not production history,M27/full QMS test suite,non-customer technical,None; test-only,YES,NOT_APPLICABLE
9,pm_qms_app,addons/pm_qms_app/tests/test_api_key_security.py,60,"key = self.env[""res.users.apikeys""].sudo().search(",TEST_ONLY_FIXTURE,Disposable test fixture or assertion,Test-defined fictional data,NO; test-controlled,Disposable test record setup,Test transaction only,Test data setup/assertion only,Not production history,M27/full QMS test suite,non-customer technical,None; test-only,YES,NOT_APPLICABLE
10,pm_qms_app,addons/pm_qms_app/tests/test_api_key_security.py,70,"key = self.env[""res.users.apikeys""].sudo().search(",TEST_ONLY_FIXTURE,Disposable test fixture or assertion,Test-defined fictional data,NO; test-controlled,Disposable test record setup,Test transaction only,Test data setup/assertion only,Not production history,M27/full QMS test suite,non-customer technical,None; test-only,YES,NOT_APPLICABLE
11,pm_qms_app,addons/pm_qms_app/tests/test_api_key_security.py,80,self.integration_admin.sudo().write({,TEST_ONLY_FIXTURE,Disposable test fixture or assertion,Test-defined fictional data,NO; test-controlled,Disposable test record setup,Test transaction only,Test data setup/assertion only,Not production history,M27/full QMS test suite,non-customer technical,None; test-only,YES,NOT_APPLICABLE
12,pm_qms_app,addons/pm_qms_app/tests/test_api_key_security.py,90,"self.env[""res.users.apikeys""].sudo().search(",TEST_ONLY_FIXTURE,Disposable test fixture or assertion,Test-defined fictional data,NO; test-controlled,Disposable test record setup,Test transaction only,Test data setup/assertion only,Not production history,M27/full QMS test suite,non-customer technical,None; test-only,YES,NOT_APPLICABLE
13,pm_qms_app,addons/pm_qms_app/tests/test_api_key_security.py,115,self.integration_admin.sudo().write({,TEST_ONLY_FIXTURE,Disposable test fixture or assertion,Test-defined fictional data,NO; test-controlled,Disposable test record setup,Test transaction only,Test data setup/assertion only,Not production history,M27/full QMS test suite,non-customer technical,None; test-only,YES,NOT_APPLICABLE
14,pm_qms_app,addons/pm_qms_app/tests/test_api_key_security.py,124,self.integration_admin.sudo().write({,TEST_ONLY_FIXTURE,Disposable test fixture or assertion,Test-defined fictional data,NO; test-controlled,Disposable test record setup,Test transaction only,Test data setup/assertion only,Not production history,M27/full QMS test suite,non-customer technical,None; test-only,YES,NOT_APPLICABLE
15,pm_qms_app,addons/pm_qms_app/tests/test_api_key_security.py,136,"key = self.env[""res.users.apikeys""].sudo().search(",TEST_ONLY_FIXTURE,Disposable test fixture or assertion,Test-defined fictional data,NO; test-controlled,Disposable test record setup,Test transaction only,Test data setup/assertion only,Not production history,M27/full QMS test suite,non-customer technical,None; test-only,YES,NOT_APPLICABLE
16,pm_qms_app,addons/pm_qms_app/tests/test_api_key_security.py,140,"other = self.env[""res.users""].sudo().create(",TEST_ONLY_FIXTURE,Disposable test fixture or assertion,Test-defined fictional data,NO; test-controlled,Disposable test record setup,Test transaction only,Test data setup/assertion only,Not production history,M27/full QMS test suite,non-customer technical,None; test-only,YES,NOT_APPLICABLE
17,pm_qms_app,addons/pm_qms_app/tests/test_api_key_security.py,167,"key = self.env[""res.users.apikeys""].sudo().search(",TEST_ONLY_FIXTURE,Disposable test fixture or assertion,Test-defined fictional data,NO; test-controlled,Disposable test record setup,Test transaction only,Test data setup/assertion only,Not production history,M27/full QMS test suite,non-customer technical,None; test-only,YES,NOT_APPLICABLE
18,pm_qms_app,addons/pm_qms_app/tests/test_framework_library_read_contract.py,16,"cls.framework_org = cls.env[""pm.qms.organization""].sudo().create(",TEST_ONLY_FIXTURE,Disposable test fixture or assertion,Test-defined fictional data,NO; test-controlled,Disposable test record setup,Test transaction only,Test data setup/assertion only,Not production history,M27/full QMS test suite,non-customer technical,None; test-only,YES,NOT_APPLICABLE
19,pm_qms_app,addons/pm_qms_app/tests/test_framework_library_read_contract.py,24,"cls.customer_org = cls.env[""pm.qms.organization""].sudo().create(",TEST_ONLY_FIXTURE,Disposable test fixture or assertion,Test-defined fictional data,NO; test-controlled,Disposable test record setup,Test transaction only,Test data setup/assertion only,Not production history,M27/full QMS test suite,non-customer technical,None; test-only,YES,NOT_APPLICABLE
20,pm_qms_app,addons/pm_qms_app/tests/test_framework_library_read_contract.py,31,"cls.other_customer_org = cls.env[""pm.qms.organization""].sudo().create(",TEST_ONLY_FIXTURE,Disposable test fixture or assertion,Test-defined fictional data,NO; test-controlled,Disposable test record setup,Test transaction only,Test data setup/assertion only,Not production history,M27/full QMS test suite,non-customer technical,None; test-only,YES,NOT_APPLICABLE
21,pm_qms_app,addons/pm_qms_app/tests/test_framework_library_read_contract.py,38,"cls.framework_process = cls.env[""pm.qms.process""].sudo().create(",TEST_ONLY_FIXTURE,Disposable test fixture or assertion,Test-defined fictional data,NO; test-controlled,Disposable test record setup,Test transaction only,Test data setup/assertion only,Not production history,M27/full QMS test suite,non-customer technical,None; test-only,YES,NOT_APPLICABLE
22,pm_qms_app,addons/pm_qms_app/tests/test_framework_library_read_contract.py,46,"cls.other_customer_process = cls.env[""pm.qms.process""].sudo().create(",TEST_ONLY_FIXTURE,Disposable test fixture or assertion,Test-defined fictional data,NO; test-controlled,Disposable test record setup,Test transaction only,Test data setup/assertion only,Not production history,M27/full QMS test suite,non-customer technical,None; test-only,YES,NOT_APPLICABLE
23,pm_qms_app,addons/pm_qms_app/tests/test_framework_library_read_contract.py,54,"cls.framework_control = cls.env[""pm.qms.control""].sudo().create(",TEST_ONLY_FIXTURE,Disposable test fixture or assertion,Test-defined fictional data,NO; test-controlled,Disposable test record setup,Test transaction only,Test data setup/assertion only,Not production history,M27/full QMS test suite,non-customer technical,None; test-only,YES,NOT_APPLICABLE
24,pm_qms_app,addons/pm_qms_app/tests/test_framework_library_read_contract.py,63,"cls.other_customer_control = cls.env[""pm.qms.control""].sudo().create(",TEST_ONLY_FIXTURE,Disposable test fixture or assertion,Test-defined fictional data,NO; test-controlled,Disposable test record setup,Test transaction only,Test data setup/assertion only,Not production history,M27/full QMS test suite,non-customer technical,None; test-only,YES,NOT_APPLICABLE
25,pm_qms_app,addons/pm_qms_app/tests/test_framework_library_read_contract.py,71,"cls.framework_activity = cls.env[""pm.qms.activity""].sudo().create(",TEST_ONLY_FIXTURE,Disposable test fixture or assertion,Test-defined fictional data,NO; test-controlled,Disposable test record setup,Test transaction only,Test data setup/assertion only,Not production history,M27/full QMS test suite,non-customer technical,None; test-only,YES,NOT_APPLICABLE
26,pm_qms_app,addons/pm_qms_app/tests/test_framework_library_read_contract.py,78,"cls.second_framework_control = cls.env[""pm.qms.control""].sudo().create(",TEST_ONLY_FIXTURE,Disposable test fixture or assertion,Test-defined fictional data,NO; test-controlled,Disposable test record setup,Test transaction only,Test data setup/assertion only,Not production history,M27/full QMS test suite,non-customer technical,None; test-only,YES,NOT_APPLICABLE
27,pm_qms_app,addons/pm_qms_app/tests/test_framework_library_read_contract.py,86,"cls.pack = cls.env[""pm.qms.framework.pack""].sudo().create(",TEST_ONLY_FIXTURE,Disposable test fixture or assertion,Test-defined fictional data,NO; test-controlled,Disposable test record setup,Test transaction only,Test data setup/assertion only,Not production history,M27/full QMS test suite,non-customer technical,None; test-only,YES,NOT_APPLICABLE
28,pm_qms_app,addons/pm_qms_app/tests/test_framework_library_read_contract.py,96,"cls.env[""pm.qms.framework.pack.control""].sudo().create(",TEST_ONLY_FIXTURE,Disposable test fixture or assertion,Test-defined fictional data,NO; test-controlled,Disposable test record setup,Test transaction only,Test data setup/assertion only,Not production history,M27/full QMS test suite,non-customer technical,None; test-only,YES,NOT_APPLICABLE
29,pm_qms_app,addons/pm_qms_app/tests/test_framework_library_read_contract.py,112,cls.pack.sudo().action_activate(),TEST_ONLY_FIXTURE,Disposable test fixture or assertion,Test-defined fictional data,NO; test-controlled,Disposable test record setup,Test transaction only,Test data setup/assertion only,Not production history,M27/full QMS test suite,non-customer technical,None; test-only,YES,NOT_APPLICABLE
30,pm_qms_app,addons/pm_qms_app/tests/test_framework_library_read_contract.py,114,"cls.manager = cls.env[""res.users""].sudo().with_context(no_reset_password=True).create(",TEST_ONLY_FIXTURE,Disposable test fixture or assertion,Test-defined fictional data,NO; test-controlled,Disposable test record setup,Test transaction only,Test data setup/assertion only,Not production history,M27/full QMS test suite,non-customer technical,None; test-only,YES,NOT_APPLICABLE
31,pm_qms_app,addons/pm_qms_app/tests/test_framework_library_read_contract.py,128,"cls.other_company = cls.env[""res.company""].sudo().create({""name"": ""M30.4 Other Company""})",TEST_ONLY_FIXTURE,Disposable test fixture or assertion,Test-defined fictional data,NO; test-controlled,Disposable test record setup,Test transaction only,Test data setup/assertion only,Not production history,M27/full QMS test suite,non-customer technical,None; test-only,YES,NOT_APPLICABLE
32,pm_qms_app,addons/pm_qms_app/tests/test_framework_library_read_contract.py,129,"cls.other_framework_org = cls.env[""pm.qms.organization""].sudo().create(",TEST_ONLY_FIXTURE,Disposable test fixture or assertion,Test-defined fictional data,NO; test-controlled,Disposable test record setup,Test transaction only,Test data setup/assertion only,Not production history,M27/full QMS test suite,non-customer technical,None; test-only,YES,NOT_APPLICABLE
33,pm_qms_app,addons/pm_qms_app/tests/test_framework_library_read_contract.py,137,"cls.other_framework_process = cls.env[""pm.qms.process""].sudo().create(",TEST_ONLY_FIXTURE,Disposable test fixture or assertion,Test-defined fictional data,NO; test-controlled,Disposable test record setup,Test transaction only,Test data setup/assertion only,Not production history,M27/full QMS test suite,non-customer technical,None; test-only,YES,NOT_APPLICABLE
34,pm_qms_app,addons/pm_qms_app/tests/test_framework_library_read_contract.py,145,"cls.other_framework_control = cls.env[""pm.qms.control""].sudo().create(",TEST_ONLY_FIXTURE,Disposable test fixture or assertion,Test-defined fictional data,NO; test-controlled,Disposable test record setup,Test transaction only,Test data setup/assertion only,Not production history,M27/full QMS test suite,non-customer technical,None; test-only,YES,NOT_APPLICABLE
35,pm_qms_app,addons/pm_qms_app/tests/test_framework_library_read_contract.py,253,"Process = self.env[""pm.qms.process""].sudo()",TEST_ONLY_FIXTURE,Disposable test fixture or assertion,Test-defined fictional data,NO; test-controlled,Disposable test record setup,Test transaction only,Test data setup/assertion only,Not production history,M27/full QMS test suite,non-customer technical,None; test-only,YES,NOT_APPLICABLE
36,pm_qms_app,addons/pm_qms_app/tests/test_framework_library_read_contract.py,254,"ControlInstance = self.env[""pm.qms.control.instance""].sudo()",TEST_ONLY_FIXTURE,Disposable test fixture or assertion,Test-defined fictional data,NO; test-controlled,Disposable test record setup,Test transaction only,Test data setup/assertion only,Not production history,M27/full QMS test suite,non-customer technical,None; test-only,YES,NOT_APPLICABLE
37,pm_qms_app,addons/pm_qms_app/tests/test_framework_library_read_contract.py,255,"ImplementationControl = self.env[""pm.qms.implementation.control""].sudo()",TEST_ONLY_FIXTURE,Disposable test fixture or assertion,Test-defined fictional data,NO; test-controlled,Disposable test record setup,Test transaction only,Test data setup/assertion only,Not production history,M27/full QMS test suite,non-customer technical,None; test-only,YES,NOT_APPLICABLE
38,pm_qms_app,addons/pm_qms_app/tests/test_framework_library_read_contract.py,256,"Task = self.env[""project.task""].sudo()",TEST_ONLY_FIXTURE,Disposable test fixture or assertion,Test-defined fictional data,NO; test-controlled,Disposable test record setup,Test transaction only,Test data setup/assertion only,Not production history,M27/full QMS test suite,non-customer technical,None; test-only,YES,NOT_APPLICABLE
39,pm_qms_app,addons/pm_qms_app/tests/test_m27_security.py,20,"cls.organization_a = cls.env[""pm.qms.organization""].sudo().create(",TEST_ONLY_FIXTURE,Disposable test fixture or assertion,Test-defined fictional data,NO; test-controlled,Disposable test record setup,Test transaction only,Test data setup/assertion only,Not production history,M27/full QMS test suite,non-customer technical,None; test-only,YES,NOT_APPLICABLE
40,pm_qms_app,addons/pm_qms_app/tests/test_m27_security.py,23,"cls.organization_b = cls.env[""pm.qms.organization""].sudo().create(",TEST_ONLY_FIXTURE,Disposable test fixture or assertion,Test-defined fictional data,NO; test-controlled,Disposable test record setup,Test transaction only,Test data setup/assertion only,Not production history,M27/full QMS test suite,non-customer technical,None; test-only,YES,NOT_APPLICABLE
41,pm_qms_app,addons/pm_qms_app/tests/test_m27_security.py,26,"cls.site_a1 = cls.env[""pm.qms.site""].sudo().create(",TEST_ONLY_FIXTURE,Disposable test fixture or assertion,Test-defined fictional data,NO; test-controlled,Disposable test record setup,Test transaction only,Test data setup/assertion only,Not production history,M27/full QMS test suite,non-customer technical,None; test-only,YES,NOT_APPLICABLE
42,pm_qms_app,addons/pm_qms_app/tests/test_m27_security.py,29,"cls.site_a2 = cls.env[""pm.qms.site""].sudo().create(",TEST_ONLY_FIXTURE,Disposable test fixture or assertion,Test-defined fictional data,NO; test-controlled,Disposable test record setup,Test transaction only,Test data setup/assertion only,Not production history,M27/full QMS test suite,non-customer technical,None; test-only,YES,NOT_APPLICABLE
43,pm_qms_app,addons/pm_qms_app/tests/test_m27_security.py,32,"cls.site_b1 = cls.env[""pm.qms.site""].sudo().create(",TEST_ONLY_FIXTURE,Disposable test fixture or assertion,Test-defined fictional data,NO; test-controlled,Disposable test record setup,Test transaction only,Test data setup/assertion only,Not production history,M27/full QMS test suite,non-customer technical,None; test-only,YES,NOT_APPLICABLE
44,pm_qms_app,addons/pm_qms_app/tests/test_m27_security.py,35,"cls.process_a = cls.env[""pm.qms.process""].sudo().create(",TEST_ONLY_FIXTURE,Disposable test fixture or assertion,Test-defined fictional data,NO; test-controlled,Disposable test record setup,Test transaction only,Test data setup/assertion only,Not production history,M27/full QMS test suite,non-customer technical,None; test-only,YES,NOT_APPLICABLE
45,pm_qms_app,addons/pm_qms_app/tests/test_m27_security.py,44,"cls.process_b = cls.env[""pm.qms.process""].sudo().create(",TEST_ONLY_FIXTURE,Disposable test fixture or assertion,Test-defined fictional data,NO; test-controlled,Disposable test record setup,Test transaction only,Test data setup/assertion only,Not production history,M27/full QMS test suite,non-customer technical,None; test-only,YES,NOT_APPLICABLE
46,pm_qms_app,addons/pm_qms_app/tests/test_m27_security.py,53,"cls.risk_a = cls.env[""pm.qms.risk""].sudo().create(",TEST_ONLY_FIXTURE,Disposable test fixture or assertion,Test-defined fictional data,NO; test-controlled,Disposable test record setup,Test transaction only,Test data setup/assertion only,Not production history,M27/full QMS test suite,non-customer technical,None; test-only,YES,NOT_APPLICABLE
47,pm_qms_app,addons/pm_qms_app/tests/test_m27_security.py,63,"cls.risk_b = cls.env[""pm.qms.risk""].sudo().create(",TEST_ONLY_FIXTURE,Disposable test fixture or assertion,Test-defined fictional data,NO; test-controlled,Disposable test record setup,Test transaction only,Test data setup/assertion only,Not production history,M27/full QMS test suite,non-customer technical,None; test-only,YES,NOT_APPLICABLE
48,pm_qms_app,addons/pm_qms_app/tests/test_m27_security.py,73,"cls.control_a = cls.env[""pm.qms.control""].sudo().create(",TEST_ONLY_FIXTURE,Disposable test fixture or assertion,Test-defined fictional data,NO; test-controlled,Disposable test record setup,Test transaction only,Test data setup/assertion only,Not production history,M27/full QMS test suite,non-customer technical,None; test-only,YES,NOT_APPLICABLE
49,pm_qms_app,addons/pm_qms_app/tests/test_m27_security.py,81,"cls.requirement_a = cls.env[""pm.qms.evidence.requirement""].sudo().create(",TEST_ONLY_FIXTURE,Disposable test fixture or assertion,Test-defined fictional data,NO; test-controlled,Disposable test record setup,Test transaction only,Test data setup/assertion only,Not production history,M27/full QMS test suite,non-customer technical,None; test-only,YES,NOT_APPLICABLE
50,pm_qms_app,addons/pm_qms_app/tests/test_m27_security.py,84,"cls.instance_a = cls.env[""pm.qms.control.instance""].sudo().create(",TEST_ONLY_FIXTURE,Disposable test fixture or assertion,Test-defined fictional data,NO; test-controlled,Disposable test record setup,Test transaction only,Test data setup/assertion only,Not production history,M27/full QMS test suite,non-customer technical,None; test-only,YES,NOT_APPLICABLE
51,pm_qms_app,addons/pm_qms_app/tests/test_m27_security.py,92,"cls.document_a = cls.env[""pm.qms.document""].sudo().create(",TEST_ONLY_FIXTURE,Disposable test fixture or assertion,Test-defined fictional data,NO; test-controlled,Disposable test record setup,Test transaction only,Test data setup/assertion only,Not production history,M27/full QMS test suite,non-customer technical,None; test-only,YES,NOT_APPLICABLE
52,pm_qms_app,addons/pm_qms_app/tests/test_m27_security.py,102,"cls.evidence_a = cls.env[""pm.qms.evidence""].sudo().create(",TEST_ONLY_FIXTURE,Disposable test fixture or assertion,Test-defined fictional data,NO; test-controlled,Disposable test record setup,Test transaction only,Test data setup/assertion only,Not production history,M27/full QMS test suite,non-customer technical,None; test-only,YES,NOT_APPLICABLE
53,pm_qms_app,addons/pm_qms_app/tests/test_m27_security.py,110,"cls.attachment_a = cls.env[""ir.attachment""].sudo().create(",TEST_ONLY_FIXTURE,Disposable test fixture or assertion,Test-defined fictional data,NO; test-controlled,Disposable test record setup,Test transaction only,Test data setup/assertion only,Not production history,M27/full QMS test suite,non-customer technical,None; test-only,YES,NOT_APPLICABLE
54,pm_qms_app,addons/pm_qms_app/tests/test_m27_security.py,120,"cls.risk_a.sudo().message_post(body=""M27 fictional scope message."", subtype_xmlid=""mail.mt_note"")",TEST_ONLY_FIXTURE,Disposable test fixture or assertion,Test-defined fictional data,NO; test-controlled,Disposable test record setup,Test transaction only,Test data setup/assertion only,Not production history,M27/full QMS test suite,non-customer technical,None; test-only,YES,NOT_APPLICABLE
55,pm_qms_app,addons/pm_qms_app/tests/test_m27_security.py,121,cls.risk_a.sudo().activity_schedule(,TEST_ONLY_FIXTURE,Disposable test fixture or assertion,Test-defined fictional data,NO; test-controlled,Disposable test record setup,Test transaction only,Test data setup/assertion only,Not production history,M27/full QMS test suite,non-customer technical,None; test-only,YES,NOT_APPLICABLE
56,pm_qms_app,addons/pm_qms_app/tests/test_m27_security.py,144,"return cls.env[""res.users""].sudo().with_context(no_reset_password=True).create(",TEST_ONLY_FIXTURE,Disposable test fixture or assertion,Test-defined fictional data,NO; test-controlled,Disposable test record setup,Test transaction only,Test data setup/assertion only,Not production history,M27/full QMS test suite,non-customer technical,None; test-only,YES,NOT_APPLICABLE
57,pm_qms_app,addons/pm_qms_app/tests/test_m27_security.py,215,"self.assertEqual(self.env[""pm.qms.risk""].sudo().search_count([]), 2)",TEST_ONLY_FIXTURE,Disposable test fixture or assertion,Test-defined fictional data,NO; test-controlled,Disposable test record setup,Test transaction only,Test data setup/assertion only,Not production history,M27/full QMS test suite,non-customer technical,None; test-only,YES,NOT_APPLICABLE
58,pm_qms_app,addons/pm_qms_app/tests/test_m28_reproduction.py,20,"cls.organization_a = cls.env[""pm.qms.organization""].sudo().create(",TEST_ONLY_FIXTURE,Disposable test fixture or assertion,Test-defined fictional data,NO; test-controlled,Disposable test record setup,Test transaction only,Test data setup/assertion only,Not production history,M27/full QMS test suite,non-customer technical,None; test-only,YES,NOT_APPLICABLE
59,pm_qms_app,addons/pm_qms_app/tests/test_m28_reproduction.py,23,"cls.organization_b = cls.env[""pm.qms.organization""].sudo().create(",TEST_ONLY_FIXTURE,Disposable test fixture or assertion,Test-defined fictional data,NO; test-controlled,Disposable test record setup,Test transaction only,Test data setup/assertion only,Not production history,M27/full QMS test suite,non-customer technical,None; test-only,YES,NOT_APPLICABLE
60,pm_qms_app,addons/pm_qms_app/tests/test_m28_reproduction.py,26,"cls.process_a = cls.env[""pm.qms.process""].sudo().create(",TEST_ONLY_FIXTURE,Disposable test fixture or assertion,Test-defined fictional data,NO; test-controlled,Disposable test record setup,Test transaction only,Test data setup/assertion only,Not production history,M27/full QMS test suite,non-customer technical,None; test-only,YES,NOT_APPLICABLE
61,pm_qms_app,addons/pm_qms_app/tests/test_m28_reproduction.py,34,"cls.process_b = cls.env[""pm.qms.process""].sudo().create(",TEST_ONLY_FIXTURE,Disposable test fixture or assertion,Test-defined fictional data,NO; test-controlled,Disposable test record setup,Test transaction only,Test data setup/assertion only,Not production history,M27/full QMS test suite,non-customer technical,None; test-only,YES,NOT_APPLICABLE
62,pm_qms_app,addons/pm_qms_app/tests/test_m28_reproduction.py,42,"cls.capa_a = cls.env[""pm.qms.capa""].sudo().create(",TEST_ONLY_FIXTURE,Disposable test fixture or assertion,Test-defined fictional data,NO; test-controlled,Disposable test record setup,Test transaction only,Test data setup/assertion only,Not production history,M27/full QMS test suite,non-customer technical,None; test-only,YES,NOT_APPLICABLE
63,pm_qms_app,addons/pm_qms_app/tests/test_m28_reproduction.py,51,"cls.capa_b = cls.env[""pm.qms.capa""].sudo().create(",TEST_ONLY_FIXTURE,Disposable test fixture or assertion,Test-defined fictional data,NO; test-controlled,Disposable test record setup,Test transaction only,Test data setup/assertion only,Not production history,M27/full QMS test suite,non-customer technical,None; test-only,YES,NOT_APPLICABLE
64,pm_qms_app,addons/pm_qms_app/tests/test_m28_reproduction.py,60,"cls.review_a = cls.env[""pm.qms.management.review""].sudo().create(",TEST_ONLY_FIXTURE,Disposable test fixture or assertion,Test-defined fictional data,NO; test-controlled,Disposable test record setup,Test transaction only,Test data setup/assertion only,Not production history,M27/full QMS test suite,non-customer technical,None; test-only,YES,NOT_APPLICABLE
65,pm_qms_app,addons/pm_qms_app/tests/test_m28_reproduction.py,68,"cls.review_b = cls.env[""pm.qms.management.review""].sudo().create(",TEST_ONLY_FIXTURE,Disposable test fixture or assertion,Test-defined fictional data,NO; test-controlled,Disposable test record setup,Test transaction only,Test data setup/assertion only,Not production history,M27/full QMS test suite,non-customer technical,None; test-only,YES,NOT_APPLICABLE
66,pm_qms_app,addons/pm_qms_app/tests/test_m28_reproduction.py,76,"cls.input_a = cls.env[""pm.qms.management.review.input""].sudo().create(",TEST_ONLY_FIXTURE,Disposable test fixture or assertion,Test-defined fictional data,NO; test-controlled,Disposable test record setup,Test transaction only,Test data setup/assertion only,Not production history,M27/full QMS test suite,non-customer technical,None; test-only,YES,NOT_APPLICABLE
67,pm_qms_app,addons/pm_qms_app/tests/test_m28_reproduction.py,85,"cls.input_b = cls.env[""pm.qms.management.review.input""].sudo().create(",TEST_ONLY_FIXTURE,Disposable test fixture or assertion,Test-defined fictional data,NO; test-controlled,Disposable test record setup,Test transaction only,Test data setup/assertion only,Not production history,M27/full QMS test suite,non-customer technical,None; test-only,YES,NOT_APPLICABLE
68,pm_qms_app,addons/pm_qms_app/tests/test_m28_reproduction.py,94,"cls.viewer = cls.env[""res.users""].sudo().with_context(no_reset_password=True).create(",TEST_ONLY_FIXTURE,Disposable test fixture or assertion,Test-defined fictional data,NO; test-controlled,Disposable test record setup,Test transaction only,Test data setup/assertion only,Not production history,M27/full QMS test suite,non-customer technical,None; test-only,YES,NOT_APPLICABLE
69,pm_qms_app,addons/pm_qms_app/tests/test_m28_reproduction.py,156,"return self.env[""pm.qms.license""].sudo().create(",TEST_ONLY_FIXTURE,Disposable test fixture or assertion,Test-defined fictional data,NO; test-controlled,Disposable test record setup,Test transaction only,Test data setup/assertion only,Not production history,M27/full QMS test suite,non-customer technical,None; test-only,YES,NOT_APPLICABLE
70,pm_qms_app,addons/pm_qms_app/tests/test_m28_reproduction.py,209,in_scope = Child.sudo().create(,TEST_ONLY_FIXTURE,Disposable test fixture or assertion,Test-defined fictional data,NO; test-controlled,Disposable test record setup,Test transaction only,Test data setup/assertion only,Not production history,M27/full QMS test suite,non-customer technical,None; test-only,YES,NOT_APPLICABLE
71,pm_qms_app,addons/pm_qms_app/tests/test_m28_reproduction.py,212,out_scope = Child.sudo().create(,TEST_ONLY_FIXTURE,Disposable test fixture or assertion,Test-defined fictional data,NO; test-controlled,Disposable test record setup,Test transaction only,Test data setup/assertion only,Not production history,M27/full QMS test suite,non-customer technical,None; test-only,YES,NOT_APPLICABLE
72,pm_qms_app,addons/pm_qms_app/tests/test_m28_reproduction.py,221,in_scope = Child.sudo().create(in_scope_values),TEST_ONLY_FIXTURE,Disposable test fixture or assertion,Test-defined fictional data,NO; test-controlled,Disposable test record setup,Test transaction only,Test data setup/assertion only,Not production history,M27/full QMS test suite,non-customer technical,None; test-only,YES,NOT_APPLICABLE
73,pm_qms_app,addons/pm_qms_app/tests/test_m28_reproduction.py,223,out_scope = Child.sudo().create(out_scope_values),TEST_ONLY_FIXTURE,Disposable test fixture or assertion,Test-defined fictional data,NO; test-controlled,Disposable test record setup,Test transaction only,Test data setup/assertion only,Not production history,M27/full QMS test suite,non-customer technical,None; test-only,YES,NOT_APPLICABLE
74,pm_qms_app,addons/pm_qms_app/tests/test_m28_reproduction.py,245,"message_a = action_a.sudo().message_post(body=""M28 CAPA process A message"", subtype_xmlid=""mail.mt_note"")",TEST_ONLY_FIXTURE,Disposable test fixture or assertion,Test-defined fictional data,NO; test-controlled,Disposable test record setup,Test transaction only,Test data setup/assertion only,Not production history,M27/full QMS test suite,non-customer technical,None; test-only,YES,NOT_APPLICABLE
75,pm_qms_app,addons/pm_qms_app/tests/test_m28_reproduction.py,246,"message_b = action_b.sudo().message_post(body=""M28 CAPA process B message"", subtype_xmlid=""mail.mt_note"")",TEST_ONLY_FIXTURE,Disposable test fixture or assertion,Test-defined fictional data,NO; test-controlled,Disposable test record setup,Test transaction only,Test data setup/assertion only,Not production history,M27/full QMS test suite,non-customer technical,None; test-only,YES,NOT_APPLICABLE
76,pm_qms_app,addons/pm_qms_app/tests/test_m28_reproduction.py,247,activity_a = action_a.sudo().activity_schedule(,TEST_ONLY_FIXTURE,Disposable test fixture or assertion,Test-defined fictional data,NO; test-controlled,Disposable test record setup,Test transaction only,Test data setup/assertion only,Not production history,M27/full QMS test suite,non-customer technical,None; test-only,YES,NOT_APPLICABLE
77,pm_qms_app,addons/pm_qms_app/tests/test_m28_reproduction.py,250,activity_b = action_b.sudo().activity_schedule(,TEST_ONLY_FIXTURE,Disposable test fixture or assertion,Test-defined fictional data,NO; test-controlled,Disposable test record setup,Test transaction only,Test data setup/assertion only,Not production history,M27/full QMS test suite,non-customer technical,None; test-only,YES,NOT_APPLICABLE
78,pm_qms_app,addons/pm_qms_app/tests/test_m28_reproduction.py,253,"attachment_a = self.env[""ir.attachment""].sudo().create(",TEST_ONLY_FIXTURE,Disposable test fixture or assertion,Test-defined fictional data,NO; test-controlled,Disposable test record setup,Test transaction only,Test data setup/assertion only,Not production history,M27/full QMS test suite,non-customer technical,None; test-only,YES,NOT_APPLICABLE
79,pm_qms_app,addons/pm_qms_app/tests/test_m28_reproduction.py,256,"attachment_b = self.env[""ir.attachment""].sudo().create(",TEST_ONLY_FIXTURE,Disposable test fixture or assertion,Test-defined fictional data,NO; test-controlled,Disposable test record setup,Test transaction only,Test data setup/assertion only,Not production history,M27/full QMS test suite,non-customer technical,None; test-only,YES,NOT_APPLICABLE
80,pm_qms_app,addons/pm_qms_app/tests/test_m28_reproduction.py,269,"organization = self.env[""pm.qms.organization""].sudo().create(",TEST_ONLY_FIXTURE,Disposable test fixture or assertion,Test-defined fictional data,NO; test-controlled,Disposable test record setup,Test transaction only,Test data setup/assertion only,Not production history,M27/full QMS test suite,non-customer technical,None; test-only,YES,NOT_APPLICABLE
81,pm_qms_app,addons/pm_qms_app/tests/test_m28_reproduction.py,276,"site = self.env[""pm.qms.site""].sudo().create(",TEST_ONLY_FIXTURE,Disposable test fixture or assertion,Test-defined fictional data,NO; test-controlled,Disposable test record setup,Test transaction only,Test data setup/assertion only,Not production history,M27/full QMS test suite,non-customer technical,None; test-only,YES,NOT_APPLICABLE
82,pm_qms_app,addons/pm_qms_app/tests/test_m28_reproduction.py,285,"user = self.env[""res.users""].sudo().with_context(no_reset_password=True).create(",TEST_ONLY_FIXTURE,Disposable test fixture or assertion,Test-defined fictional data,NO; test-controlled,Disposable test record setup,Test transaction only,Test data setup/assertion only,Not production history,M27/full QMS test suite,non-customer technical,None; test-only,YES,NOT_APPLICABLE
83,pm_qms_app,addons/pm_qms_app/tests/test_m28_reproduction.py,304,"License = self.env[""pm.qms.license""].sudo()",TEST_ONLY_FIXTURE,Disposable test fixture or assertion,Test-defined fictional data,NO; test-controlled,Disposable test record setup,Test transaction only,Test data setup/assertion only,Not production history,M27/full QMS test suite,non-customer technical,None; test-only,YES,NOT_APPLICABLE
84,pm_qms_app,addons/pm_qms_app/tests/test_m28_reproduction.py,394,message_a = self.input_a.sudo().message_post(,TEST_ONLY_FIXTURE,Disposable test fixture or assertion,Test-defined fictional data,NO; test-controlled,Disposable test record setup,Test transaction only,Test data setup/assertion only,Not production history,M27/full QMS test suite,non-customer technical,None; test-only,YES,NOT_APPLICABLE
85,pm_qms_app,addons/pm_qms_app/tests/test_m28_reproduction.py,397,message_b = self.input_b.sudo().message_post(,TEST_ONLY_FIXTURE,Disposable test fixture or assertion,Test-defined fictional data,NO; test-controlled,Disposable test record setup,Test transaction only,Test data setup/assertion only,Not production history,M27/full QMS test suite,non-customer technical,None; test-only,YES,NOT_APPLICABLE
86,pm_qms_app,addons/pm_qms_app/tests/test_m28_reproduction.py,400,activity_a = self.input_a.sudo().activity_schedule(,TEST_ONLY_FIXTURE,Disposable test fixture or assertion,Test-defined fictional data,NO; test-controlled,Disposable test record setup,Test transaction only,Test data setup/assertion only,Not production history,M27/full QMS test suite,non-customer technical,None; test-only,YES,NOT_APPLICABLE
87,pm_qms_app,addons/pm_qms_app/tests/test_m28_reproduction.py,406,activity_b = self.input_b.sudo().activity_schedule(,TEST_ONLY_FIXTURE,Disposable test fixture or assertion,Test-defined fictional data,NO; test-controlled,Disposable test record setup,Test transaction only,Test data setup/assertion only,Not production history,M27/full QMS test suite,non-customer technical,None; test-only,YES,NOT_APPLICABLE
88,pm_qms_app,addons/pm_qms_app/tests/test_m28_reproduction.py,412,"attachment_a = self.env[""ir.attachment""].sudo().create(",TEST_ONLY_FIXTURE,Disposable test fixture or assertion,Test-defined fictional data,NO; test-controlled,Disposable test record setup,Test transaction only,Test data setup/assertion only,Not production history,M27/full QMS test suite,non-customer technical,None; test-only,YES,NOT_APPLICABLE
89,pm_qms_app,addons/pm_qms_app/tests/test_m28_reproduction.py,422,"attachment_b = self.env[""ir.attachment""].sudo().create(",TEST_ONLY_FIXTURE,Disposable test fixture or assertion,Test-defined fictional data,NO; test-controlled,Disposable test record setup,Test transaction only,Test data setup/assertion only,Not production history,M27/full QMS test suite,non-customer technical,None; test-only,YES,NOT_APPLICABLE
90,pm_qms_app,addons/pm_qms_app/tests/test_m28_reproduction.py,527,"Decision = self.env[""pm.qms.management.review.decision""].sudo()",TEST_ONLY_FIXTURE,Disposable test fixture or assertion,Test-defined fictional data,NO; test-controlled,Disposable test record setup,Test transaction only,Test data setup/assertion only,Not production history,M27/full QMS test suite,non-customer technical,None; test-only,YES,NOT_APPLICABLE
91,pm_qms_app,addons/pm_qms_app/tests/test_m28_reproduction.py,542,"Action = self.env[""pm.qms.management.review.action""].sudo()",TEST_ONLY_FIXTURE,Disposable test fixture or assertion,Test-defined fictional data,NO; test-controlled,Disposable test record setup,Test transaction only,Test data setup/assertion only,Not production history,M27/full QMS test suite,non-customer technical,None; test-only,YES,NOT_APPLICABLE
92,pm_qms_app,addons/pm_qms_app/tests/test_m28_reproduction.py,553,"Audit = self.env[""pm.qms.audit""].sudo()",TEST_ONLY_FIXTURE,Disposable test fixture or assertion,Test-defined fictional data,NO; test-controlled,Disposable test record setup,Test transaction only,Test data setup/assertion only,Not production history,M27/full QMS test suite,non-customer technical,None; test-only,YES,NOT_APPLICABLE
93,pm_qms_app,addons/pm_qms_app/tests/test_m28_reproduction.py,581,"Scope = self.env[""pm.qms.audit.scope""].sudo()",TEST_ONLY_FIXTURE,Disposable test fixture or assertion,Test-defined fictional data,NO; test-controlled,Disposable test record setup,Test transaction only,Test data setup/assertion only,Not production history,M27/full QMS test suite,non-customer technical,None; test-only,YES,NOT_APPLICABLE
94,pm_qms_app,addons/pm_qms_app/tests/test_m28_reproduction.py,597,"Criterion = self.env[""pm.qms.audit.criterion""].sudo()",TEST_ONLY_FIXTURE,Disposable test fixture or assertion,Test-defined fictional data,NO; test-controlled,Disposable test record setup,Test transaction only,Test data setup/assertion only,Not production history,M27/full QMS test suite,non-customer technical,None; test-only,YES,NOT_APPLICABLE
95,pm_qms_app,addons/pm_qms_app/tests/test_m28_reproduction.py,606,"PlanLine = self.env[""pm.qms.audit.plan.line""].sudo()",TEST_ONLY_FIXTURE,Disposable test fixture or assertion,Test-defined fictional data,NO; test-controlled,Disposable test record setup,Test transaction only,Test data setup/assertion only,Not production history,M27/full QMS test suite,non-customer technical,None; test-only,YES,NOT_APPLICABLE
96,pm_qms_app,addons/pm_qms_app/tests/test_m28_reproduction.py,622,"Evidence = self.env[""pm.qms.audit.evidence""].sudo()",TEST_ONLY_FIXTURE,Disposable test fixture or assertion,Test-defined fictional data,NO; test-controlled,Disposable test record setup,Test transaction only,Test data setup/assertion only,Not production history,M27/full QMS test suite,non-customer technical,None; test-only,YES,NOT_APPLICABLE
97,pm_qms_app,addons/pm_qms_app/tests/test_m28_reproduction.py,630,"attachment_a = self.env[""ir.attachment""].sudo().create(",TEST_ONLY_FIXTURE,Disposable test fixture or assertion,Test-defined fictional data,NO; test-controlled,Disposable test record setup,Test transaction only,Test data setup/assertion only,Not production history,M27/full QMS test suite,non-customer technical,None; test-only,YES,NOT_APPLICABLE
98,pm_qms_app,addons/pm_qms_app/tests/test_m28_reproduction.py,633,"attachment_b = self.env[""ir.attachment""].sudo().create(",TEST_ONLY_FIXTURE,Disposable test fixture or assertion,Test-defined fictional data,NO; test-controlled,Disposable test record setup,Test transaction only,Test data setup/assertion only,Not production history,M27/full QMS test suite,non-customer technical,None; test-only,YES,NOT_APPLICABLE
99,pm_qms_app,addons/pm_qms_app/tests/test_m28_reproduction.py,642,"Finding = self.env[""pm.qms.audit.finding""].sudo()",TEST_ONLY_FIXTURE,Disposable test fixture or assertion,Test-defined fictional data,NO; test-controlled,Disposable test record setup,Test transaction only,Test data setup/assertion only,Not production history,M27/full QMS test suite,non-customer technical,None; test-only,YES,NOT_APPLICABLE
100,pm_qms_app,addons/pm_qms_app/tests/test_m28_reproduction.py,658,"Event = self.env[""pm.qms.event""].sudo()",TEST_ONLY_FIXTURE,Disposable test fixture or assertion,Test-defined fictional data,NO; test-controlled,Disposable test record setup,Test transaction only,Test data setup/assertion only,Not production history,M27/full QMS test suite,non-customer technical,None; test-only,YES,NOT_APPLICABLE
101,pm_qms_app,addons/pm_qms_app/tests/test_m28_reproduction.py,667,"partner = self.env[""res.partner""].sudo().create({""name"": ""M28 Native Mail Partner""})",TEST_ONLY_FIXTURE,Disposable test fixture or assertion,Test-defined fictional data,NO; test-controlled,Disposable test record setup,Test transaction only,Test data setup/assertion only,Not production history,M27/full QMS test suite,non-customer technical,None; test-only,YES,NOT_APPLICABLE
102,pm_qms_app,addons/pm_qms_app/tests/test_m28_reproduction.py,682,"site_a = self.env[""pm.qms.site""].sudo().create(",TEST_ONLY_FIXTURE,Disposable test fixture or assertion,Test-defined fictional data,NO; test-controlled,Disposable test record setup,Test transaction only,Test data setup/assertion only,Not production history,M27/full QMS test suite,non-customer technical,None; test-only,YES,NOT_APPLICABLE
103,pm_qms_app,addons/pm_qms_app/tests/test_m28_reproduction.py,685,"site_b = self.env[""pm.qms.site""].sudo().create(",TEST_ONLY_FIXTURE,Disposable test fixture or assertion,Test-defined fictional data,NO; test-controlled,Disposable test record setup,Test transaction only,Test data setup/assertion only,Not production history,M27/full QMS test suite,non-customer technical,None; test-only,YES,NOT_APPLICABLE
104,pm_qms_app,addons/pm_qms_app/tests/test_m28_reproduction.py,688,"self.process_a.sudo().write({""site_ids"": [Command.set([site_a.id])]})",TEST_ONLY_FIXTURE,Disposable test fixture or assertion,Test-defined fictional data,NO; test-controlled,Disposable test record setup,Test transaction only,Test data setup/assertion only,Not production history,M27/full QMS test suite,non-customer technical,None; test-only,YES,NOT_APPLICABLE
105,pm_qms_app,addons/pm_qms_app/tests/test_m28_reproduction.py,689,"self.process_b.sudo().write({""site_ids"": [Command.set([site_b.id])]})",TEST_ONLY_FIXTURE,Disposable test fixture or assertion,Test-defined fictional data,NO; test-controlled,Disposable test record setup,Test transaction only,Test data setup/assertion only,Not production history,M27/full QMS test suite,non-customer technical,None; test-only,YES,NOT_APPLICABLE
106,pm_qms_app,addons/pm_qms_app/tests/test_m28_reproduction.py,690,"site_user = self.env[""res.users""].sudo().with_context(no_reset_password=True).create(",TEST_ONLY_FIXTURE,Disposable test fixture or assertion,Test-defined fictional data,NO; test-controlled,Disposable test record setup,Test transaction only,Test data setup/assertion only,Not production history,M27/full QMS test suite,non-customer technical,None; test-only,YES,NOT_APPLICABLE
107,pm_qms_app,addons/pm_qms_app/tests/test_m28_reproduction.py,702,"manager = self.env[""res.users""].sudo().with_context(no_reset_password=True).create(",TEST_ONLY_FIXTURE,Disposable test fixture or assertion,Test-defined fictional data,NO; test-controlled,Disposable test record setup,Test transaction only,Test data setup/assertion only,Not production history,M27/full QMS test suite,non-customer technical,None; test-only,YES,NOT_APPLICABLE
108,pm_qms_app,addons/pm_qms_app/tests/test_m28_reproduction.py,715,"Equipment = self.env[""pm.qms.equipment""].sudo()",TEST_ONLY_FIXTURE,Disposable test fixture or assertion,Test-defined fictional data,NO; test-controlled,Disposable test record setup,Test transaction only,Test data setup/assertion only,Not production history,M27/full QMS test suite,non-customer technical,None; test-only,YES,NOT_APPLICABLE
109,pm_qms_app,addons/pm_qms_app/tests/test_m28_reproduction.py,722,"Event = self.env[""pm.qms.calibration.event""].sudo()",TEST_ONLY_FIXTURE,Disposable test fixture or assertion,Test-defined fictional data,NO; test-controlled,Disposable test record setup,Test transaction only,Test data setup/assertion only,Not production history,M27/full QMS test suite,non-customer technical,None; test-only,YES,NOT_APPLICABLE
110,pm_qms_app,addons/pm_qms_app/tests/test_m28_reproduction.py,725,"Measurement = self.env[""pm.qms.calibration.measurement.line""].sudo()",TEST_ONLY_FIXTURE,Disposable test fixture or assertion,Test-defined fictional data,NO; test-controlled,Disposable test record setup,Test transaction only,Test data setup/assertion only,Not production history,M27/full QMS test suite,non-customer technical,None; test-only,YES,NOT_APPLICABLE
111,pm_qms_app,addons/pm_qms_app/tests/test_m28_reproduction.py,728,"Assessment = self.env[""pm.qms.calibration.impact.assessment""].sudo()",TEST_ONLY_FIXTURE,Disposable test fixture or assertion,Test-defined fictional data,NO; test-controlled,Disposable test record setup,Test transaction only,Test data setup/assertion only,Not production history,M27/full QMS test suite,non-customer technical,None; test-only,YES,NOT_APPLICABLE
112,pm_qms_app,addons/pm_qms_app/tests/test_m28_reproduction.py,731,"Affected = self.env[""pm.qms.calibration.affected.reference""].sudo()",TEST_ONLY_FIXTURE,Disposable test fixture or assertion,Test-defined fictional data,NO; test-controlled,Disposable test record setup,Test transaction only,Test data setup/assertion only,Not production history,M27/full QMS test suite,non-customer technical,None; test-only,YES,NOT_APPLICABLE
113,pm_qms_app,addons/pm_qms_app/tests/test_m28_reproduction.py,735,"Person = self.env[""pm.qms.person""].sudo()",TEST_ONLY_FIXTURE,Disposable test fixture or assertion,Test-defined fictional data,NO; test-controlled,Disposable test record setup,Test transaction only,Test data setup/assertion only,Not production history,M27/full QMS test suite,non-customer technical,None; test-only,YES,NOT_APPLICABLE
114,pm_qms_app,addons/pm_qms_app/tests/test_m28_reproduction.py,739,"role = self.env[""pm.qms.role""].sudo().create({""name"": ""M28 Role"", ""code"": ""M28-ROLE"", ""company_id"": self.company.id})",TEST_ONLY_FIXTURE,Disposable test fixture or assertion,Test-defined fictional data,NO; test-controlled,Disposable test record setup,Test transaction only,Test data setup/assertion only,Not production history,M27/full QMS test suite,non-customer technical,None; test-only,YES,NOT_APPLICABLE
115,pm_qms_app,addons/pm_qms_app/tests/test_m28_reproduction.py,740,"competency = self.env[""pm.qms.competency""].sudo().create({""name"": ""M28 Competency"", ""code"": ""M28-COMP"", ""company_id"": self.company.id})",TEST_ONLY_FIXTURE,Disposable test fixture or assertion,Test-defined fictional data,NO; test-controlled,Disposable test record setup,Test transaction only,Test data setup/assertion only,Not production history,M27/full QMS test suite,non-customer technical,None; test-only,YES,NOT_APPLICABLE
116,pm_qms_app,addons/pm_qms_app/tests/test_m28_reproduction.py,741,"requirement = self.env[""pm.qms.role.competency.requirement""].sudo().create({""role_id"": role.id, ""competency_id"": competency.id})",TEST_ONLY_FIXTURE,Disposable test fixture or assertion,Test-defined fictional data,NO; test-controlled,Disposable test record setup,Test transaction only,Test data setup/assertion only,Not production history,M27/full QMS test suite,non-customer technical,None; test-only,YES,NOT_APPLICABLE
117,pm_qms_app,addons/pm_qms_app/tests/test_m28_reproduction.py,742,"Assignment = self.env[""pm.qms.person.role.assignment""].sudo()",TEST_ONLY_FIXTURE,Disposable test fixture or assertion,Test-defined fictional data,NO; test-controlled,Disposable test record setup,Test transaction only,Test data setup/assertion only,Not production history,M27/full QMS test suite,non-customer technical,None; test-only,YES,NOT_APPLICABLE
118,pm_qms_app,addons/pm_qms_app/tests/test_m28_reproduction.py,745,"AssessmentPerson = self.env[""pm.qms.competency.assessment""].sudo()",TEST_ONLY_FIXTURE,Disposable test fixture or assertion,Test-defined fictional data,NO; test-controlled,Disposable test record setup,Test transaction only,Test data setup/assertion only,Not production history,M27/full QMS test suite,non-customer technical,None; test-only,YES,NOT_APPLICABLE
119,pm_qms_app,addons/pm_qms_app/tests/test_m28_reproduction.py,748,"Matrix = self.env[""pm.qms.competency.matrix.line""].sudo()",TEST_ONLY_FIXTURE,Disposable test fixture or assertion,Test-defined fictional data,NO; test-controlled,Disposable test record setup,Test transaction only,Test data setup/assertion only,Not production history,M27/full QMS test suite,non-customer technical,None; test-only,YES,NOT_APPLICABLE
120,pm_qms_app,addons/pm_qms_app/tests/test_m28_reproduction.py,751,"Course = self.env[""pm.qms.training.course""].sudo()",TEST_ONLY_FIXTURE,Disposable test fixture or assertion,Test-defined fictional data,NO; test-controlled,Disposable test record setup,Test transaction only,Test data setup/assertion only,Not production history,M27/full QMS test suite,non-customer technical,None; test-only,YES,NOT_APPLICABLE
121,pm_qms_app,addons/pm_qms_app/tests/test_m28_reproduction.py,753,"Training = self.env[""pm.qms.training.record""].sudo()",TEST_ONLY_FIXTURE,Disposable test fixture or assertion,Test-defined fictional data,NO; test-controlled,Disposable test record setup,Test transaction only,Test data setup/assertion only,Not production history,M27/full QMS test suite,non-customer technical,None; test-only,YES,NOT_APPLICABLE
122,pm_qms_app,addons/pm_qms_app/tests/test_m28_reproduction.py,756,"QualificationType = self.env[""pm.qms.qualification.type""].sudo()",TEST_ONLY_FIXTURE,Disposable test fixture or assertion,Test-defined fictional data,NO; test-controlled,Disposable test record setup,Test transaction only,Test data setup/assertion only,Not production history,M27/full QMS test suite,non-customer technical,None; test-only,YES,NOT_APPLICABLE
123,pm_qms_app,addons/pm_qms_app/tests/test_m28_reproduction.py,758,"Qualification = self.env[""pm.qms.qualification.record""].sudo()",TEST_ONLY_FIXTURE,Disposable test fixture or assertion,Test-defined fictional data,NO; test-controlled,Disposable test record setup,Test transaction only,Test data setup/assertion only,Not production history,M27/full QMS test suite,non-customer technical,None; test-only,YES,NOT_APPLICABLE
124,pm_qms_app,addons/pm_qms_app/tests/test_m28_reproduction.py,761,"Document = self.env[""pm.qms.document""].sudo()",TEST_ONLY_FIXTURE,Disposable test fixture or assertion,Test-defined fictional data,NO; test-controlled,Disposable test record setup,Test transaction only,Test data setup/assertion only,Not production history,M27/full QMS test suite,non-customer technical,None; test-only,YES,NOT_APPLICABLE
125,pm_qms_app,addons/pm_qms_app/tests/test_m28_reproduction.py,770,"revision = self.env[""pm.qms.document.revision""].sudo().create(",TEST_ONLY_FIXTURE,Disposable test fixture or assertion,Test-defined fictional data,NO; test-controlled,Disposable test record setup,Test transaction only,Test data setup/assertion only,Not production history,M27/full QMS test suite,non-customer technical,None; test-only,YES,NOT_APPLICABLE
126,pm_qms_app,addons/pm_qms_app/tests/test_m28_reproduction.py,773,"Acknowledgment = self.env[""pm.qms.document.acknowledgment""].sudo()",TEST_ONLY_FIXTURE,Disposable test fixture or assertion,Test-defined fictional data,NO; test-controlled,Disposable test record setup,Test transaction only,Test data setup/assertion only,Not production history,M27/full QMS test suite,non-customer technical,None; test-only,YES,NOT_APPLICABLE
127,pm_qms_app,addons/pm_qms_app/tests/test_m30_5_control_instance_authorization.py,15,"cls.other_company = cls.env[""res.company""].sudo().create({""name"": ""M30.5 Other Company""})",TEST_ONLY_FIXTURE,Disposable test fixture or assertion,Test-defined fictional data,NO; test-controlled,Disposable test record setup,Test transaction only,Test data setup/assertion only,Not production history,M27/full QMS test suite,non-customer technical,None; test-only,YES,NOT_APPLICABLE
128,pm_qms_app,addons/pm_qms_app/tests/test_m30_5_control_instance_authorization.py,19,"cls.framework_org = cls.env[""pm.qms.organization""].sudo().create(",TEST_ONLY_FIXTURE,Disposable test fixture or assertion,Test-defined fictional data,NO; test-controlled,Disposable test record setup,Test transaction only,Test data setup/assertion only,Not production history,M27/full QMS test suite,non-customer technical,None; test-only,YES,NOT_APPLICABLE
129,pm_qms_app,addons/pm_qms_app/tests/test_m30_5_control_instance_authorization.py,27,"cls.customer_org = cls.env[""pm.qms.organization""].sudo().create(",TEST_ONLY_FIXTURE,Disposable test fixture or assertion,Test-defined fictional data,NO; test-controlled,Disposable test record setup,Test transaction only,Test data setup/assertion only,Not production history,M27/full QMS test suite,non-customer technical,None; test-only,YES,NOT_APPLICABLE
130,pm_qms_app,addons/pm_qms_app/tests/test_m30_5_control_instance_authorization.py,34,"cls.other_org = cls.env[""pm.qms.organization""].sudo().create(",TEST_ONLY_FIXTURE,Disposable test fixture or assertion,Test-defined fictional data,NO; test-controlled,Disposable test record setup,Test transaction only,Test data setup/assertion only,Not production history,M27/full QMS test suite,non-customer technical,None; test-only,YES,NOT_APPLICABLE
131,pm_qms_app,addons/pm_qms_app/tests/test_m30_5_control_instance_authorization.py,41,"cls.cross_company_org = cls.env[""pm.qms.organization""].sudo().create(",TEST_ONLY_FIXTURE,Disposable test fixture or assertion,Test-defined fictional data,NO; test-controlled,Disposable test record setup,Test transaction only,Test data setup/assertion only,Not production history,M27/full QMS test suite,non-customer technical,None; test-only,YES,NOT_APPLICABLE
132,pm_qms_app,addons/pm_qms_app/tests/test_m30_5_control_instance_authorization.py,48,"cls.site = cls.env[""pm.qms.site""].sudo().create(",TEST_ONLY_FIXTURE,Disposable test fixture or assertion,Test-defined fictional data,NO; test-controlled,Disposable test record setup,Test transaction only,Test data setup/assertion only,Not production history,M27/full QMS test suite,non-customer technical,None; test-only,YES,NOT_APPLICABLE
133,pm_qms_app,addons/pm_qms_app/tests/test_m30_5_control_instance_authorization.py,56,"cls.framework_process = cls.env[""pm.qms.process""].sudo().create(",TEST_ONLY_FIXTURE,Disposable test fixture or assertion,Test-defined fictional data,NO; test-controlled,Disposable test record setup,Test transaction only,Test data setup/assertion only,Not production history,M27/full QMS test suite,non-customer technical,None; test-only,YES,NOT_APPLICABLE
134,pm_qms_app,addons/pm_qms_app/tests/test_m30_5_control_instance_authorization.py,64,"cls.other_process = cls.env[""pm.qms.process""].sudo().create(",TEST_ONLY_FIXTURE,Disposable test fixture or assertion,Test-defined fictional data,NO; test-controlled,Disposable test record setup,Test transaction only,Test data setup/assertion only,Not production history,M27/full QMS test suite,non-customer technical,None; test-only,YES,NOT_APPLICABLE
135,pm_qms_app,addons/pm_qms_app/tests/test_m30_5_control_instance_authorization.py,72,"cls.cross_company_process = cls.env[""pm.qms.process""].sudo().create(",TEST_ONLY_FIXTURE,Disposable test fixture or assertion,Test-defined fictional data,NO; test-controlled,Disposable test record setup,Test transaction only,Test data setup/assertion only,Not production history,M27/full QMS test suite,non-customer technical,None; test-only,YES,NOT_APPLICABLE
136,pm_qms_app,addons/pm_qms_app/tests/test_m30_5_control_instance_authorization.py,80,"cls.framework_control = cls.env[""pm.qms.control""].sudo().create(",TEST_ONLY_FIXTURE,Disposable test fixture or assertion,Test-defined fictional data,NO; test-controlled,Disposable test record setup,Test transaction only,Test data setup/assertion only,Not production history,M27/full QMS test suite,non-customer technical,None; test-only,YES,NOT_APPLICABLE
137,pm_qms_app,addons/pm_qms_app/tests/test_m30_5_control_instance_authorization.py,88,"cls.framework_control_two = cls.env[""pm.qms.control""].sudo().create(",TEST_ONLY_FIXTURE,Disposable test fixture or assertion,Test-defined fictional data,NO; test-controlled,Disposable test record setup,Test transaction only,Test data setup/assertion only,Not production history,M27/full QMS test suite,non-customer technical,None; test-only,YES,NOT_APPLICABLE
138,pm_qms_app,addons/pm_qms_app/tests/test_m30_5_control_instance_authorization.py,96,"cls.pack = cls.env[""pm.qms.framework.pack""].sudo().create(",TEST_ONLY_FIXTURE,Disposable test fixture or assertion,Test-defined fictional data,NO; test-controlled,Disposable test record setup,Test transaction only,Test data setup/assertion only,Not production history,M27/full QMS test suite,non-customer technical,None; test-only,YES,NOT_APPLICABLE
139,pm_qms_app,addons/pm_qms_app/tests/test_m30_5_control_instance_authorization.py,106,"cls.env[""pm.qms.framework.pack.control""].sudo().create(",TEST_ONLY_FIXTURE,Disposable test fixture or assertion,Test-defined fictional data,NO; test-controlled,Disposable test record setup,Test transaction only,Test data setup/assertion only,Not production history,M27/full QMS test suite,non-customer technical,None; test-only,YES,NOT_APPLICABLE
140,pm_qms_app,addons/pm_qms_app/tests/test_m30_5_control_instance_authorization.py,122,cls.pack.sudo().action_activate(),TEST_ONLY_FIXTURE,Disposable test fixture or assertion,Test-defined fictional data,NO; test-controlled,Disposable test record setup,Test transaction only,Test data setup/assertion only,Not production history,M27/full QMS test suite,non-customer technical,None; test-only,YES,NOT_APPLICABLE
141,pm_qms_app,addons/pm_qms_app/tests/test_m30_5_control_instance_authorization.py,123,"cls.env[""pm.qms.activity""].sudo().create(",TEST_ONLY_FIXTURE,Disposable test fixture or assertion,Test-defined fictional data,NO; test-controlled,Disposable test record setup,Test transaction only,Test data setup/assertion only,Not production history,M27/full QMS test suite,non-customer technical,None; test-only,YES,NOT_APPLICABLE
142,pm_qms_app,addons/pm_qms_app/tests/test_m30_5_control_instance_authorization.py,139,"return cls.env[""res.users""].sudo().with_context(no_reset_password=True).create(",TEST_ONLY_FIXTURE,Disposable test fixture or assertion,Test-defined fictional data,NO; test-controlled,Disposable test record setup,Test transaction only,Test data setup/assertion only,Not production history,M27/full QMS test suite,non-customer technical,None; test-only,YES,NOT_APPLICABLE
143,pm_qms_app,addons/pm_qms_app/tests/test_m30_5_control_instance_authorization.py,160,"return self.env[""res.users""].sudo().with_context(no_reset_password=True).create(",TEST_ONLY_FIXTURE,Disposable test fixture or assertion,Test-defined fictional data,NO; test-controlled,Disposable test record setup,Test transaction only,Test data setup/assertion only,Not production history,M27/full QMS test suite,non-customer technical,None; test-only,YES,NOT_APPLICABLE
144,pm_qms_app,addons/pm_qms_app/tests/test_m30_5_control_instance_authorization.py,214,"selected_process = self.env[""pm.qms.process""].sudo().create(",TEST_ONLY_FIXTURE,Disposable test fixture or assertion,Test-defined fictional data,NO; test-controlled,Disposable test record setup,Test transaction only,Test data setup/assertion only,Not production history,M27/full QMS test suite,non-customer technical,None; test-only,YES,NOT_APPLICABLE
145,pm_qms_app,addons/pm_qms_app/tests/test_m30_5_control_instance_authorization.py,223,"unselected_process = self.env[""pm.qms.process""].sudo().create(",TEST_ONLY_FIXTURE,Disposable test fixture or assertion,Test-defined fictional data,NO; test-controlled,Disposable test record setup,Test transaction only,Test data setup/assertion only,Not production history,M27/full QMS test suite,non-customer technical,None; test-only,YES,NOT_APPLICABLE
146,pm_qms_app,addons/pm_qms_app/tests/test_m30_5_control_instance_authorization.py,247,"cross_company_control = self.env[""pm.qms.control""].sudo().create(",TEST_ONLY_FIXTURE,Disposable test fixture or assertion,Test-defined fictional data,NO; test-controlled,Disposable test record setup,Test transaction only,Test data setup/assertion only,Not production history,M27/full QMS test suite,non-customer technical,None; test-only,YES,NOT_APPLICABLE
147,pm_qms_app,addons/pm_qms_app/tests/test_m30_5_control_instance_authorization.py,275,"process = self.env[""pm.qms.process""].sudo().create(",TEST_ONLY_FIXTURE,Disposable test fixture or assertion,Test-defined fictional data,NO; test-controlled,Disposable test record setup,Test transaction only,Test data setup/assertion only,Not production history,M27/full QMS test suite,non-customer technical,None; test-only,YES,NOT_APPLICABLE
148,pm_qms_app,addons/pm_qms_app/tests/test_m30_5_control_instance_authorization.py,289,"unselected_process = self.env[""pm.qms.process""].sudo().create(",TEST_ONLY_FIXTURE,Disposable test fixture or assertion,Test-defined fictional data,NO; test-controlled,Disposable test record setup,Test transaction only,Test data setup/assertion only,Not production history,M27/full QMS test suite,non-customer technical,None; test-only,YES,NOT_APPLICABLE
149,pm_qms_app,addons/pm_qms_app/tests/test_m30_5_control_instance_authorization.py,312,"self.env[""pm.qms.process""].sudo().search_count(",TEST_ONLY_FIXTURE,Disposable test fixture or assertion,Test-defined fictional data,NO; test-controlled,Disposable test record setup,Test transaction only,Test data setup/assertion only,Not production history,M27/full QMS test suite,non-customer technical,None; test-only,YES,NOT_APPLICABLE
150,pm_qms_app,addons/pm_qms_app/tests/test_m30_5_control_instance_authorization.py,336,"processes = self.env[""pm.qms.process""].sudo().search(",TEST_ONLY_FIXTURE,Disposable test fixture or assertion,Test-defined fictional data,NO; test-controlled,Disposable test record setup,Test transaction only,Test data setup/assertion only,Not production history,M27/full QMS test suite,non-customer technical,None; test-only,YES,NOT_APPLICABLE
151,pm_qms_app,addons/pm_qms_app/tests/test_m30_5_control_instance_authorization.py,340,"instances = self.env[""pm.qms.control.instance""].sudo().search(",TEST_ONLY_FIXTURE,Disposable test fixture or assertion,Test-defined fictional data,NO; test-controlled,Disposable test record setup,Test transaction only,Test data setup/assertion only,Not production history,M27/full QMS test suite,non-customer technical,None; test-only,YES,NOT_APPLICABLE
152,pm_qms_app,addons/pm_qms_app/tests/test_m30_5_control_instance_authorization.py,348,"self.env[""project.task""].sudo().search_count(",TEST_ONLY_FIXTURE,Disposable test fixture or assertion,Test-defined fictional data,NO; test-controlled,Disposable test record setup,Test transaction only,Test data setup/assertion only,Not production history,M27/full QMS test suite,non-customer technical,None; test-only,YES,NOT_APPLICABLE
153,pm_qms_app,addons/pm_qms_app/tests/test_m30_5_control_instance_authorization.py,358,"self.env[""project.task""].sudo().search_count(",TEST_ONLY_FIXTURE,Disposable test fixture or assertion,Test-defined fictional data,NO; test-controlled,Disposable test record setup,Test transaction only,Test data setup/assertion only,Not production history,M27/full QMS test suite,non-customer technical,None; test-only,YES,NOT_APPLICABLE
154,pm_qms_app,addons/pm_qms_app/tests/test_m30_5_control_instance_authorization.py,367,"self.env[""pm.qms.process""].sudo().search_count(",TEST_ONLY_FIXTURE,Disposable test fixture or assertion,Test-defined fictional data,NO; test-controlled,Disposable test record setup,Test transaction only,Test data setup/assertion only,Not production history,M27/full QMS test suite,non-customer technical,None; test-only,YES,NOT_APPLICABLE
155,pm_qms_app,addons/pm_qms_app/tests/test_m30_5_control_instance_authorization.py,371,"self.env[""pm.qms.control.instance""].sudo().search_count(",TEST_ONLY_FIXTURE,Disposable test fixture or assertion,Test-defined fictional data,NO; test-controlled,Disposable test record setup,Test transaction only,Test data setup/assertion only,Not production history,M27/full QMS test suite,non-customer technical,None; test-only,YES,NOT_APPLICABLE
156,pm_qms_app,addons/pm_qms_app/tests/test_m30_5_control_instance_authorization.py,374,"self.env[""project.task""].sudo().search_count(",TEST_ONLY_FIXTURE,Disposable test fixture or assertion,Test-defined fictional data,NO; test-controlled,Disposable test record setup,Test transaction only,Test data setup/assertion only,Not production history,M27/full QMS test suite,non-customer technical,None; test-only,YES,NOT_APPLICABLE
157,pm_qms_app,addons/pm_qms_app/tests/test_mission19_control_read_scope.py,10,"cls.organization = cls.env[""pm.qms.organization""].sudo().create(",TEST_ONLY_FIXTURE,Disposable test fixture or assertion,Test-defined fictional data,NO; test-controlled,Disposable test record setup,Test transaction only,Test data setup/assertion only,Not production history,M27/full QMS test suite,non-customer technical,None; test-only,YES,NOT_APPLICABLE
158,pm_qms_app,addons/pm_qms_app/tests/test_mission19_control_read_scope.py,17,"cls.site_a = cls.env[""pm.qms.site""].sudo().create(",TEST_ONLY_FIXTURE,Disposable test fixture or assertion,Test-defined fictional data,NO; test-controlled,Disposable test record setup,Test transaction only,Test data setup/assertion only,Not production history,M27/full QMS test suite,non-customer technical,None; test-only,YES,NOT_APPLICABLE
159,pm_qms_app,addons/pm_qms_app/tests/test_mission19_control_read_scope.py,25,"cls.site_b = cls.env[""pm.qms.site""].sudo().create(",TEST_ONLY_FIXTURE,Disposable test fixture or assertion,Test-defined fictional data,NO; test-controlled,Disposable test record setup,Test transaction only,Test data setup/assertion only,Not production history,M27/full QMS test suite,non-customer technical,None; test-only,YES,NOT_APPLICABLE
160,pm_qms_app,addons/pm_qms_app/tests/test_mission19_control_read_scope.py,33,"cls.process_a = cls.env[""pm.qms.process""].sudo().create(",TEST_ONLY_FIXTURE,Disposable test fixture or assertion,Test-defined fictional data,NO; test-controlled,Disposable test record setup,Test transaction only,Test data setup/assertion only,Not production history,M27/full QMS test suite,non-customer technical,None; test-only,YES,NOT_APPLICABLE
161,pm_qms_app,addons/pm_qms_app/tests/test_mission19_control_read_scope.py,42,"cls.process_b = cls.env[""pm.qms.process""].sudo().create(",TEST_ONLY_FIXTURE,Disposable test fixture or assertion,Test-defined fictional data,NO; test-controlled,Disposable test record setup,Test transaction only,Test data setup/assertion only,Not production history,M27/full QMS test suite,non-customer technical,None; test-only,YES,NOT_APPLICABLE
162,pm_qms_app,addons/pm_qms_app/tests/test_mission19_control_read_scope.py,51,"cls.framework_process = cls.env[""pm.qms.process""].sudo().create(",TEST_ONLY_FIXTURE,Disposable test fixture or assertion,Test-defined fictional data,NO; test-controlled,Disposable test record setup,Test transaction only,Test data setup/assertion only,Not production history,M27/full QMS test suite,non-customer technical,None; test-only,YES,NOT_APPLICABLE
163,pm_qms_app,addons/pm_qms_app/tests/test_mission19_control_read_scope.py,61,"return self.env[""res.users""].sudo().with_context(no_reset_password=True).create(",TEST_ONLY_FIXTURE,Disposable test fixture or assertion,Test-defined fictional data,NO; test-controlled,Disposable test record setup,Test transaction only,Test data setup/assertion only,Not production history,M27/full QMS test suite,non-customer technical,None; test-only,YES,NOT_APPLICABLE
164,pm_qms_app,addons/pm_qms_app/tests/test_mission19_control_read_scope.py,82,"return self.env[""pm.qms.control""].sudo().create(",TEST_ONLY_FIXTURE,Disposable test fixture or assertion,Test-defined fictional data,NO; test-controlled,Disposable test record setup,Test transaction only,Test data setup/assertion only,Not production history,M27/full QMS test suite,non-customer technical,None; test-only,YES,NOT_APPLICABLE
165,pm_qms_app,addons/pm_qms_app/tests/test_mission19_control_read_scope.py,92,"return self.env[""pm.qms.control.instance""].sudo().create(",TEST_ONLY_FIXTURE,Disposable test fixture or assertion,Test-defined fictional data,NO; test-controlled,Disposable test record setup,Test transaction only,Test data setup/assertion only,Not production history,M27/full QMS test suite,non-customer technical,None; test-only,YES,NOT_APPLICABLE
166,pm_qms_app,addons/pm_qms_app/tests/test_mission19_control_read_scope.py,150,"other_company = self.env[""res.company""].sudo().create(",TEST_ONLY_FIXTURE,Disposable test fixture or assertion,Test-defined fictional data,NO; test-controlled,Disposable test record setup,Test transaction only,Test data setup/assertion only,Not production history,M27/full QMS test suite,non-customer technical,None; test-only,YES,NOT_APPLICABLE
167,pm_qms_app,addons/pm_qms_app/tests/test_mission19_control_read_scope.py,153,"other_organization = self.env[""pm.qms.organization""].sudo().create(",TEST_ONLY_FIXTURE,Disposable test fixture or assertion,Test-defined fictional data,NO; test-controlled,Disposable test record setup,Test transaction only,Test data setup/assertion only,Not production history,M27/full QMS test suite,non-customer technical,None; test-only,YES,NOT_APPLICABLE
168,pm_qms_app,addons/pm_qms_app/tests/test_mission19_control_read_scope.py,160,"other_process = self.env[""pm.qms.process""].sudo().create(",TEST_ONLY_FIXTURE,Disposable test fixture or assertion,Test-defined fictional data,NO; test-controlled,Disposable test record setup,Test transaction only,Test data setup/assertion only,Not production history,M27/full QMS test suite,non-customer technical,None; test-only,YES,NOT_APPLICABLE
169,pm_qms_app,addons/pm_qms_app/tests/test_mission19_control_read_scope.py,213,"project = self.env[""pm.qms.implementation.project""].sudo().create(",TEST_ONLY_FIXTURE,Disposable test fixture or assertion,Test-defined fictional data,NO; test-controlled,Disposable test record setup,Test transaction only,Test data setup/assertion only,Not production history,M27/full QMS test suite,non-customer technical,None; test-only,YES,NOT_APPLICABLE
170,pm_qms_app,addons/pm_qms_app/tests/test_mission19_control_read_scope.py,223,"line = self.env[""pm.qms.implementation.control""].sudo().create(",TEST_ONLY_FIXTURE,Disposable test fixture or assertion,Test-defined fictional data,NO; test-controlled,Disposable test record setup,Test transaction only,Test data setup/assertion only,Not production history,M27/full QMS test suite,non-customer technical,None; test-only,YES,NOT_APPLICABLE
171,pm_qms_app,addons/pm_qms_app/tests/test_mission19_security.py,10,"cls.organization = cls.env[""pm.qms.organization""].sudo().create(",TEST_ONLY_FIXTURE,Disposable test fixture or assertion,Test-defined fictional data,NO; test-controlled,Disposable test record setup,Test transaction only,Test data setup/assertion only,Not production history,M27/full QMS test suite,non-customer technical,None; test-only,YES,NOT_APPLICABLE
172,pm_qms_app,addons/pm_qms_app/tests/test_mission19_security.py,13,"cls.site_a = cls.env[""pm.qms.site""].sudo().create(",TEST_ONLY_FIXTURE,Disposable test fixture or assertion,Test-defined fictional data,NO; test-controlled,Disposable test record setup,Test transaction only,Test data setup/assertion only,Not production history,M27/full QMS test suite,non-customer technical,None; test-only,YES,NOT_APPLICABLE
173,pm_qms_app,addons/pm_qms_app/tests/test_mission19_security.py,21,"cls.site_b = cls.env[""pm.qms.site""].sudo().create(",TEST_ONLY_FIXTURE,Disposable test fixture or assertion,Test-defined fictional data,NO; test-controlled,Disposable test record setup,Test transaction only,Test data setup/assertion only,Not production history,M27/full QMS test suite,non-customer technical,None; test-only,YES,NOT_APPLICABLE
174,pm_qms_app,addons/pm_qms_app/tests/test_mission19_security.py,29,"cls.process_a = cls.env[""pm.qms.process""].sudo().create(",TEST_ONLY_FIXTURE,Disposable test fixture or assertion,Test-defined fictional data,NO; test-controlled,Disposable test record setup,Test transaction only,Test data setup/assertion only,Not production history,M27/full QMS test suite,non-customer technical,None; test-only,YES,NOT_APPLICABLE
175,pm_qms_app,addons/pm_qms_app/tests/test_mission19_security.py,38,"cls.process_b = cls.env[""pm.qms.process""].sudo().create(",TEST_ONLY_FIXTURE,Disposable test fixture or assertion,Test-defined fictional data,NO; test-controlled,Disposable test record setup,Test transaction only,Test data setup/assertion only,Not production history,M27/full QMS test suite,non-customer technical,None; test-only,YES,NOT_APPLICABLE
176,pm_qms_app,addons/pm_qms_app/tests/test_mission19_security.py,47,"cls.risk_a = cls.env[""pm.qms.risk""].sudo().create(",TEST_ONLY_FIXTURE,Disposable test fixture or assertion,Test-defined fictional data,NO; test-controlled,Disposable test record setup,Test transaction only,Test data setup/assertion only,Not production history,M27/full QMS test suite,non-customer technical,None; test-only,YES,NOT_APPLICABLE
177,pm_qms_app,addons/pm_qms_app/tests/test_mission19_security.py,56,"cls.risk_b = cls.env[""pm.qms.risk""].sudo().create(",TEST_ONLY_FIXTURE,Disposable test fixture or assertion,Test-defined fictional data,NO; test-controlled,Disposable test record setup,Test transaction only,Test data setup/assertion only,Not production history,M27/full QMS test suite,non-customer technical,None; test-only,YES,NOT_APPLICABLE
178,pm_qms_app,addons/pm_qms_app/tests/test_mission19_security.py,65,"cls.viewer = cls.env[""res.users""].sudo().create(",TEST_ONLY_FIXTURE,Disposable test fixture or assertion,Test-defined fictional data,NO; test-controlled,Disposable test record setup,Test transaction only,Test data setup/assertion only,Not production history,M27/full QMS test suite,non-customer technical,None; test-only,YES,NOT_APPLICABLE
179,pm_qms_app,addons/pm_qms_app/tests/test_mission19_security.py,81,"self.viewer.sudo().write({""qms_organization_ids"": [Command.clear()]})",TEST_ONLY_FIXTURE,Disposable test fixture or assertion,Test-defined fictional data,NO; test-controlled,Disposable test record setup,Test transaction only,Test data setup/assertion only,Not production history,M27/full QMS test suite,non-customer technical,None; test-only,YES,NOT_APPLICABLE
180,pm_qms_calibration,addons/pm_qms_calibration/models/equipment.py,149,duplicate = self.sudo().search(,PRODUCTION_REVIEWED,Equipment create/write duplicate-code constraint,Current equipment values and organization/company on the record,"Code and organization originate from the submitted equipment, but the search domain is constructed by the model",Existing equipment search is limited to same organization and code,Duplicate guard is same-organization; it cannot return another organization's record,Reads duplicate candidates; no sudo mutation,Normal equipment create/write and validation errors remain audited by ORM behavior,TestPmQmsCalibration duplicate and scope tests,P2 operational,M28 review duplicate constraints alongside cross-site tests,YES,NO_NEW_SUDO_IN_M27
181,pm_qms_calibration,addons/pm_qms_calibration/tests/test_calibration.py,240,"equipment = self.env[""pm.qms.equipment""].sudo().create(self._equipment_values(code=""PM-CAL-GAGE-005""))",TEST_ONLY_FIXTURE,Disposable test fixture or assertion,Test-defined fictional data,NO; test-controlled,Disposable test record setup,Test transaction only,Test data setup/assertion only,Not production history,M27/full QMS test suite,non-customer technical,None; test-only,YES,NOT_APPLICABLE
182,pm_qms_calibration,addons/pm_qms_calibration/tests/test_calibration.py,241,"event = self.env[""pm.qms.calibration.event""].sudo().create(",TEST_ONLY_FIXTURE,Disposable test fixture or assertion,Test-defined fictional data,NO; test-controlled,Disposable test record setup,Test transaction only,Test data setup/assertion only,Not production history,M27/full QMS test suite,non-customer technical,None; test-only,YES,NOT_APPLICABLE
183,pm_qms_core,addons/pm_qms_core/models/event.py,73,"Event = self.env[""pm.qms.event""].sudo()",PRODUCTION_REVIEWED,QMS event helper called by an authorized model workflow,Current record state and workflow values supplied by the calling model,Workflow inputs are validated by the caller; no arbitrary recordset is accepted,Current workflow record and derived company/organization,Event inherits the current record's company/organization identity,Creates a system event audit record; no business-record privilege escalation,The event itself is the audit/history output,TestQmsHistory and event/history tests,P1 authorization-sensitive,M28 review event creation across every workflow caller,YES,NO_NEW_SUDO_IN_M27
184,pm_qms_core,addons/pm_qms_core/tests/test_qms_history.py,79,"return self.env[""mail.message""].sudo().search(",TEST_ONLY_FIXTURE,Disposable test fixture or assertion,Test-defined fictional data,NO; test-controlled,Disposable test record setup,Test transaction only,Test data setup/assertion only,Not production history,M27/full QMS test suite,non-customer technical,None; test-only,YES,NOT_APPLICABLE
185,pm_qms_core,addons/pm_qms_core/tests/test_qms_history.py,96,tracking = message.tracking_value_ids.sudo().filtered(,TEST_ONLY_FIXTURE,Disposable test fixture or assertion,Test-defined fictional data,NO; test-controlled,Disposable test record setup,Test transaction only,Test data setup/assertion only,Not production history,M27/full QMS test suite,non-customer technical,None; test-only,YES,NOT_APPLICABLE
186,pm_qms_core,addons/pm_qms_core/tests/test_qms_history.py,108,"message = self.risk.sudo().message_post(body=""System actor payload fixture."")",TEST_ONLY_FIXTURE,Disposable test fixture or assertion,Test-defined fictional data,NO; test-controlled,Disposable test record setup,Test transaction only,Test data setup/assertion only,Not production history,M27/full QMS test suite,non-customer technical,None; test-only,YES,NOT_APPLICABLE
187,pm_qms_core,addons/pm_qms_core/tests/test_qms_history.py,118,tracking = message.tracking_value_ids.sudo(),TEST_ONLY_FIXTURE,Disposable test fixture or assertion,Test-defined fictional data,NO; test-controlled,Disposable test record setup,Test transaction only,Test data setup/assertion only,Not production history,M27/full QMS test suite,non-customer technical,None; test-only,YES,NOT_APPLICABLE
188,pm_qms_core,addons/pm_qms_core/tests/test_qms_history.py,136,tracking = self._latest_tracking_message().tracking_value_ids.sudo().filtered(,TEST_ONLY_FIXTURE,Disposable test fixture or assertion,Test-defined fictional data,NO; test-controlled,Disposable test record setup,Test transaction only,Test data setup/assertion only,Not production history,M27/full QMS test suite,non-customer technical,None; test-only,YES,NOT_APPLICABLE
189,pm_qms_core,addons/pm_qms_core/tests/test_qms_history.py,143,self.assertFalse(tracking.sudo().exists()),TEST_ONLY_FIXTURE,Disposable test fixture or assertion,Test-defined fictional data,NO; test-controlled,Disposable test record setup,Test transaction only,Test data setup/assertion only,Not production history,M27/full QMS test suite,non-customer technical,None; test-only,YES,NOT_APPLICABLE
190,pm_qms_core,addons/pm_qms_core/tests/test_qms_history.py,164,self.assertFalse(technical_note.sudo().exists()),TEST_ONLY_FIXTURE,Disposable test fixture or assertion,Test-defined fictional data,NO; test-controlled,Disposable test record setup,Test transaction only,Test data setup/assertion only,Not production history,M27/full QMS test suite,non-customer technical,None; test-only,YES,NOT_APPLICABLE
191,pm_qms_core,addons/pm_qms_core/tests/test_qms_history.py,187,message = partner.sudo().message_post(,TEST_ONLY_FIXTURE,Disposable test fixture or assertion,Test-defined fictional data,NO; test-controlled,Disposable test record setup,Test transaction only,Test data setup/assertion only,Not production history,M27/full QMS test suite,non-customer technical,None; test-only,YES,NOT_APPLICABLE
192,pm_qms_core,addons/pm_qms_core/tests/test_qms_history.py,195,self.assertFalse(native_message.sudo().exists()),TEST_ONLY_FIXTURE,Disposable test fixture or assertion,Test-defined fictional data,NO; test-controlled,Disposable test record setup,Test transaction only,Test data setup/assertion only,Not production history,M27/full QMS test suite,non-customer technical,None; test-only,YES,NOT_APPLICABLE
193,pm_qms_core,addons/pm_qms_core/tests/test_qms_history.py,199,"message = partner.sudo().message_post(body=""Unrelated native tracking fixture."")",TEST_ONLY_FIXTURE,Disposable test fixture or assertion,Test-defined fictional data,NO; test-controlled,Disposable test record setup,Test transaction only,Test data setup/assertion only,Not production history,M27/full QMS test suite,non-customer technical,None; test-only,YES,NOT_APPLICABLE
194,pm_qms_core,addons/pm_qms_core/tests/test_qms_history.py,201,"tracking = self.env[""mail.tracking.value""].sudo().create(",TEST_ONLY_FIXTURE,Disposable test fixture or assertion,Test-defined fictional data,NO; test-controlled,Disposable test record setup,Test transaction only,Test data setup/assertion only,Not production history,M27/full QMS test suite,non-customer technical,None; test-only,YES,NOT_APPLICABLE
195,pm_qms_core,addons/pm_qms_core/tests/test_qms_history.py,212,self.assertFalse(tracking.sudo().exists()),TEST_ONLY_FIXTURE,Disposable test fixture or assertion,Test-defined fictional data,NO; test-controlled,Disposable test record setup,Test transaction only,Test data setup/assertion only,Not production history,M27/full QMS test suite,non-customer technical,None; test-only,YES,NOT_APPLICABLE
196,pm_qms_cost_quality,addons/pm_qms_cost_quality/models/management_review.py,23,"Event = self.env[""pm.qms.cost.event""].sudo()",PRODUCTION_REVIEWED,Management Review input aggregation,Current management-review record and fixed cost-event aggregation domain,Review record is caller-scoped; no arbitrary cost-event domain,Cost-event search is bounded by the current review scope,Current management-review company/organization/process scope,Reads cost events for metrics; no mutation,No business event from aggregation,TestPmQmsCostQuality management-review aggregation tests,P2 operational,M28 add explicit cross-scope management-review aggregation fixture,YES,NO_NEW_SUDO_IN_M27
197,pm_qms_implementation,addons/pm_qms_implementation/tests/test_implementation.py,390,self.manager.sudo().write(,TEST_ONLY_FIXTURE,Disposable test fixture or assertion,Test-defined fictional data,NO; test-controlled,Disposable test record setup,Test transaction only,Test data setup/assertion only,Not production history,M27/full QMS test suite,non-customer technical,None; test-only,YES,NOT_APPLICABLE
198,pm_qms_implementation,addons/pm_qms_implementation/tests/test_m30_6_ir_rule_cache_refresh.py,17,"cls.framework_org = cls.env[""pm.qms.organization""].sudo().create(",TEST_ONLY_FIXTURE,Disposable test fixture or assertion,Test-defined fictional data,NO; test-controlled,Disposable test record setup,Test transaction only,Test data setup/assertion only,Not production history,M27/full QMS test suite,non-customer technical,None; test-only,YES,NOT_APPLICABLE
199,pm_qms_implementation,addons/pm_qms_implementation/tests/test_m30_6_ir_rule_cache_refresh.py,25,"cls.customer_org = cls.env[""pm.qms.organization""].sudo().create(",TEST_ONLY_FIXTURE,Disposable test fixture or assertion,Test-defined fictional data,NO; test-controlled,Disposable test record setup,Test transaction only,Test data setup/assertion only,Not production history,M27/full QMS test suite,non-customer technical,None; test-only,YES,NOT_APPLICABLE
200,pm_qms_implementation,addons/pm_qms_implementation/tests/test_m30_6_ir_rule_cache_refresh.py,32,"cls.framework_process = cls.env[""pm.qms.process""].sudo().create(",TEST_ONLY_FIXTURE,Disposable test fixture or assertion,Test-defined fictional data,NO; test-controlled,Disposable test record setup,Test transaction only,Test data setup/assertion only,Not production history,M27/full QMS test suite,non-customer technical,None; test-only,YES,NOT_APPLICABLE
201,pm_qms_implementation,addons/pm_qms_implementation/tests/test_m30_6_ir_rule_cache_refresh.py,40,"cls.controls = cls.env[""pm.qms.control""].sudo().create(",TEST_ONLY_FIXTURE,Disposable test fixture or assertion,Test-defined fictional data,NO; test-controlled,Disposable test record setup,Test transaction only,Test data setup/assertion only,Not production history,M27/full QMS test suite,non-customer technical,None; test-only,YES,NOT_APPLICABLE
202,pm_qms_implementation,addons/pm_qms_implementation/tests/test_m30_6_ir_rule_cache_refresh.py,56,cls.controls.sudo().action_activate(),TEST_ONLY_FIXTURE,Disposable test fixture or assertion,Test-defined fictional data,NO; test-controlled,Disposable test record setup,Test transaction only,Test data setup/assertion only,Not production history,M27/full QMS test suite,non-customer technical,None; test-only,YES,NOT_APPLICABLE
203,pm_qms_implementation,addons/pm_qms_implementation/tests/test_m30_6_ir_rule_cache_refresh.py,57,"cls.pack = cls.env[""pm.qms.framework.pack""].sudo().create(",TEST_ONLY_FIXTURE,Disposable test fixture or assertion,Test-defined fictional data,NO; test-controlled,Disposable test record setup,Test transaction only,Test data setup/assertion only,Not production history,M27/full QMS test suite,non-customer technical,None; test-only,YES,NOT_APPLICABLE
204,pm_qms_implementation,addons/pm_qms_implementation/tests/test_m30_6_ir_rule_cache_refresh.py,66,"cls.env[""pm.qms.framework.pack.control""].sudo().create(",TEST_ONLY_FIXTURE,Disposable test fixture or assertion,Test-defined fictional data,NO; test-controlled,Disposable test record setup,Test transaction only,Test data setup/assertion only,Not production history,M27/full QMS test suite,non-customer technical,None; test-only,YES,NOT_APPLICABLE
205,pm_qms_implementation,addons/pm_qms_implementation/tests/test_m30_6_ir_rule_cache_refresh.py,77,cls.pack.sudo().action_activate(),TEST_ONLY_FIXTURE,Disposable test fixture or assertion,Test-defined fictional data,NO; test-controlled,Disposable test record setup,Test transaction only,Test data setup/assertion only,Not production history,M27/full QMS test suite,non-customer technical,None; test-only,YES,NOT_APPLICABLE
206,pm_qms_implementation,addons/pm_qms_implementation/tests/test_m30_6_ir_rule_cache_refresh.py,78,"cls.env[""pm.qms.activity""].sudo().create(",TEST_ONLY_FIXTURE,Disposable test fixture or assertion,Test-defined fictional data,NO; test-controlled,Disposable test record setup,Test transaction only,Test data setup/assertion only,Not production history,M27/full QMS test suite,non-customer technical,None; test-only,YES,NOT_APPLICABLE
207,pm_qms_implementation,addons/pm_qms_implementation/tests/test_m30_6_ir_rule_cache_refresh.py,94,"return self.env[""res.users""].sudo().with_context(",TEST_ONLY_FIXTURE,Disposable test fixture or assertion,Test-defined fictional data,NO; test-controlled,Disposable test record setup,Test transaction only,Test data setup/assertion only,Not production history,M27/full QMS test suite,non-customer technical,None; test-only,YES,NOT_APPLICABLE
208,pm_qms_implementation,addons/pm_qms_implementation/tests/test_m30_6_ir_rule_cache_refresh.py,172,"processes = self.env[""pm.qms.process""].sudo().search(",TEST_ONLY_FIXTURE,Disposable test fixture or assertion,Test-defined fictional data,NO; test-controlled,Disposable test record setup,Test transaction only,Test data setup/assertion only,Not production history,M27/full QMS test suite,non-customer technical,None; test-only,YES,NOT_APPLICABLE
209,pm_qms_implementation,addons/pm_qms_implementation/tests/test_m30_6_ir_rule_cache_refresh.py,176,"instances = self.env[""pm.qms.control.instance""].sudo().search(",TEST_ONLY_FIXTURE,Disposable test fixture or assertion,Test-defined fictional data,NO; test-controlled,Disposable test record setup,Test transaction only,Test data setup/assertion only,Not production history,M27/full QMS test suite,non-customer technical,None; test-only,YES,NOT_APPLICABLE
210,pm_qms_implementation,addons/pm_qms_implementation/tests/test_m30_6_ir_rule_cache_refresh.py,181,"self.env[""project.task""].sudo().search_count(",TEST_ONLY_FIXTURE,Disposable test fixture or assertion,Test-defined fictional data,NO; test-controlled,Disposable test record setup,Test transaction only,Test data setup/assertion only,Not production history,M27/full QMS test suite,non-customer technical,None; test-only,YES,NOT_APPLICABLE
211,pm_qms_iso9001,addons/pm_qms_iso9001/hooks.py,530,).sudo().create(mapping_values),PRODUCTION_REVIEWED,ISO 9001 addon post-init or versioned module-upgrade seed,Version-controlled draft pack blueprint validated before record creation,"NO; RPC callers cannot enable superuser mode, and a forged context marker alone is denied","Draft mapping profile, draft pack controls, and validated reference identifiers are selected before the bounded create call","Creates only draft mappings for the ISO 9001:2026 draft profile; no searches, updates, approvals, or customer implementation records are elevated",Creates the module's static draft reference mappings; mappings remain unapproved and require QMS Administrator review,Seeded draft definitions are module metadata; approval and later changes remain behind the existing QMS Administrator workflow,TestPmQmsIso9001ImplementationPack2026 seed and mapping coverage; TestPmQmsQualityPack.test_mapping_import_validation_approval_and_security forged-context denial,P1 authorization-sensitive,"Keep sudo limited to this post-init/upgrade create call and require superuser mode, exact module marker, draft profile, draft status, and the forged-context denial regression",YES,NO_NEW_SUDO_IN_M27
212,pm_qms_license,addons/pm_qms_license/models/license.py,126,"return self.sudo().search([(""is_current"", ""="", True)], order=""id desc"", limit=1)",PRODUCTION_REVIEWED,License model current-record helper,Fixed is_current predicate and record ordering,NO; helper accepts no caller domain,Current license search with limit=1,Environment license identity only,Returns current license record; no mutation,No business event,TestPmQmsCommercialLicensing current-license tests,P1 authorization-sensitive,Retain fixed helper; M28 review caller inventory,YES,NO_NEW_SUDO_IN_M27
213,pm_qms_license,addons/pm_qms_license/models/license.py,185,return self.sudo().create(values),PRODUCTION_REVIEWED,Controlled license import/update path,Validated signed license payload after environment/signature checks,Payload is externally supplied but validated before create; no arbitrary model/domain,Validated payload and uniqueness checks determine the created license,Current environment identity and license capacity fields only,Creates the license record through the controlled service path,License import/update tests and normal ORM create history apply,TestPmQmsCommercialLicensing valid/invalid import and environment tests,P1 authorization-sensitive,Keep signature/environment validation before create; no new bypass,YES,NO_NEW_SUDO_IN_M27
214,pm_qms_license,addons/pm_qms_license/services/entitlement_service.py,26,"return self.env[""pm.qms.license""].sudo().search([(""is_current"", ""="", True)], order=""id desc"", limit=1)",PRODUCTION_REVIEWED,License entitlement service validation,Fixed is_current predicate and descending record order,"NO; no user ID, domain or payload is accepted",Current license search uses a fixed predicate and limit=1,Environment license identity; result is not a customer business record,Reads current license only,No mutation or business history event,TestPmQmsCommercialLicensing license validation suite,P1 authorization-sensitive,Keep current-license predicate fixed; M28 review service callers,YES,NO_NEW_SUDO_IN_M27
215,pm_qms_license,addons/pm_qms_license/services/entitlement_service.py,66,"return self.env[""pm.qms.organization""].sudo().search(",PRODUCTION_REVIEWED,License capacity organization count,Current license entitlement and configured active organizations,NO arbitrary domain; active-state predicate is fixed,Organization search is limited to active licensed customer scope,License entitlement company/organization capacity only,Returns a count; no mutation,No business event from a count,TestPmQmsCommercialLicensing.test_organization_capacity_counts_active_current_company_only,P1 authorization-sensitive,Retain fixed active operational predicate; current and other-company count boundary is covered,YES,NO_NEW_SUDO_IN_M27
216,pm_qms_license,addons/pm_qms_license/services/entitlement_service.py,72,"return self.env[""pm.qms.site""].sudo().search(",PRODUCTION_REVIEWED,License capacity site count,Current license entitlement and active site state,NO arbitrary domain; active-state predicate is fixed,Site search is limited to active licensed customer scope,License entitlement site capacity only,Returns a count; no mutation,No business event from a count,TestPmQmsCommercialLicensing capacity tests,P1 authorization-sensitive,Retain fixed capacity predicates; add tenant fixture in M28,YES,NO_NEW_SUDO_IN_M27
217,pm_qms_license,addons/pm_qms_license/services/entitlement_service.py,90,"groups = self.env[""res.groups""].sudo().browse()",PRODUCTION_REVIEWED,License capacity role-group lookup,Fixed QMS role allow-list used for licensed-user calculation,NO; group IDs are fixed product references,Group search uses fixed role references and active group state,License user entitlement calculation; no framework/admin record returned,Reads groups; no mutation,No business event,TestPmQmsCommercialLicensing role capacity tests,P1 authorization-sensitive,Keep role allow-list explicit; revisit only with licensing policy change,YES,NO_NEW_SUDO_IN_M27
218,pm_qms_license,addons/pm_qms_license/services/entitlement_service.py,101,"return self.env[""res.users""].sudo().browse()",PRODUCTION_REVIEWED,License named-user boundary lookup,Fixed user/group predicates and licensed company scope,NO arbitrary user IDs or domains,User search is bounded by fixed licensed role/company predicates,Licensed named-user count only,Reads users/count boundary; no mutation,No business event,TestPmQmsCommercialLicensing named-user tests,P1 authorization-sensitive,M28 add explicit cross-company count fixture,YES,NO_NEW_SUDO_IN_M27
219,pm_qms_license,addons/pm_qms_license/services/entitlement_service.py,102,"return self.env[""res.users""].sudo().search(",PRODUCTION_REVIEWED,License named-user count search,Same fixed licensed role/company predicates as the boundary check,NO arbitrary user IDs or domains,User search is bounded before count is returned,Licensed named-user count only,Returns a count; no mutation,No business event,TestPmQmsCommercialLicensing named-user tests,P1 authorization-sensitive,M28 add explicit cross-company count fixture,YES,NO_NEW_SUDO_IN_M27
220,pm_qms_license,addons/pm_qms_license/tests/test_license.py,563,"organization_records = self.env[""pm.qms.organization""].sudo().with_context(active_test=False)",TEST_ONLY_FIXTURE,Disposable test fixture or assertion,Test-defined fictional data,NO; test-controlled,Disposable test record setup,Test transaction only,Test data setup/assertion only,Not production history,M27/full QMS test suite,non-customer technical,None; test-only,YES,NOT_APPLICABLE
221,pm_qms_management_review,addons/pm_qms_management_review/tests/test_management_review.py,648,"baseline_messages = self.env[""mail.message""].sudo().search(",TEST_ONLY_FIXTURE,Disposable test fixture or assertion,Test-defined fictional data,NO; test-controlled,Disposable test record setup,Test transaction only,Test data setup/assertion only,Not production history,M27/full QMS test suite,non-customer technical,None; test-only,YES,NOT_APPLICABLE
222,pm_qms_management_review,addons/pm_qms_management_review/tests/test_management_review.py,653,"self.env[""mail.tracking.value""].sudo().search(",TEST_ONLY_FIXTURE,Disposable test fixture or assertion,Test-defined fictional data,NO; test-controlled,Disposable test record setup,Test transaction only,Test data setup/assertion only,Not production history,M27/full QMS test suite,non-customer technical,None; test-only,YES,NOT_APPLICABLE
223,pm_qms_management_review,addons/pm_qms_management_review/tests/test_management_review.py,667,"messages = self.env[""mail.message""].sudo().search(",TEST_ONLY_FIXTURE,Disposable test fixture or assertion,Test-defined fictional data,NO; test-controlled,Disposable test record setup,Test transaction only,Test data setup/assertion only,Not production history,M27/full QMS test suite,non-customer technical,None; test-only,YES,NOT_APPLICABLE
224,pm_qms_management_review,addons/pm_qms_management_review/tests/test_management_review.py,677,tracking = new_messages.tracking_value_ids.sudo().filtered(,TEST_ONLY_FIXTURE,Disposable test fixture or assertion,Test-defined fictional data,NO; test-controlled,Disposable test record setup,Test transaction only,Test data setup/assertion only,Not production history,M27/full QMS test suite,non-customer technical,None; test-only,YES,NOT_APPLICABLE
225,pm_qms_pack_quality,addons/pm_qms_pack_quality/hooks.py,1024,project.sudo().action_sync_framework(),PRODUCTION_REVIEWED,Framework synchronization hook after explicit implementation action,Project record and selected framework pack relations,Project selection is authorized by normal model/action permissions; hook receives current project,Selected project and related framework records after caller authorization,Project's company/organization and selected pack relations; no arbitrary IDs added,Synchronizes framework-derived implementation records; mutation is the purpose of the hook,"Normal ORM writes, tracking and QMS history hooks apply",TestPmQmsPackApplicability and implementation synchronization tests,P1 authorization-sensitive,M28 add explicit cross-organization synchronization fixture,YES,NO_NEW_SUDO_IN_M27
226,pm_qms_risk,addons/pm_qms_risk/models/risk.py,149,"params = self.env[""ir.config_parameter""].sudo()",PRODUCTION_REVIEWED,Risk scoring computation on a QMS risk record,Fixed parameter keys used by the model computation,NO; no caller-supplied domain or record ID,Current risk record already selected by ORM access rules,Threshold configuration only; risk record remains caller-scoped,Reads threshold values; risk scoring may update the current scoped record through normal ORM,Normal risk write/tracking applies to any model mutation,TestPmQmsRisk scoring and scope tests,P2 operational,Keep configuration access fixed-key; M28 review if configuration becomes tenant-specific,NO,NO_NEW_SUDO_IN_M27
